step,speedX,speedY,angle,trackPos,distFromStart,distRaced,damage,steer,accel,brake,gear,r_speed,r_safety,r_smooth,r_anticipation,r_time,r_terminal,r_checkpoint,reward_total,terminal_reason
0,-0.00913045,-0.00302988,0.00822276,0.333439,3598.45,0.0,0.0,1.0,1.0,1.0,1,-0.009092603003111566,1.522224058775e-05,-0.0,-0.0,-1.0,0.0,0.0,-1.0090773807625237,
1,-0.00913045,-0.00302988,0.00822276,0.333439,3598.45,0.0,0.0,1.0,1.0,0.0,1,-0.009092603003111566,1.522224058775e-05,-0.0,-0.0,-1.0,0.0,0.0,-1.0090773807625237,
2,-0.00913045,-0.00302988,0.00822276,0.333439,3598.45,0.0,0.0,1.0,1.0,0.0,1,-0.009092603003111566,1.522224058775e-05,-0.0,-0.0,-1.0,0.0,0.0,-1.0090773807625237,
3,-0.00913045,-0.00302988,0.00822276,0.333439,3598.45,0.0,0.0,1.0,1.0,0.0,1,-0.009092603003111566,1.522224058775e-05,-0.0,-0.0,-1.0,0.0,0.0,-1.0090773807625237,
4,-0.00913045,-0.00302988,0.00822276,0.333439,3598.45,0.0,0.0,1.0,1.0,0.0,1,-0.009092603003111566,1.522224058775e-05,-0.0,-0.0,-1.0,0.0,0.0,-1.0090773807625237,
5,-0.00913045,-0.00302988,0.00822276,0.333439,3598.45,0.0,0.0,1.0,1.0,0.0,1,-0.009092603003111566,1.522224058775e-05,-0.0,-0.0,-1.0,0.0,0.0,-1.0090773807625237,
6,-0.00913045,-0.00302988,0.00822276,0.333439,3598.45,0.0,0.0,1.0,1.0,0.0,1,-0.009092603003111566,1.522224058775e-05,-0.0,-0.0,-1.0,0.0,0.0,-1.0090773807625237,
7,-0.00913045,-0.00302988,0.00822276,0.333439,3598.45,0.0,0.0,1.0,1.0,0.0,1,-0.009092603003111566,1.522224058775e-05,-0.0,-0.0,-1.0,0.0,0.0,-1.0090773807625237,
8,-0.00913045,-0.00302988,0.00822276,0.333439,3598.45,0.0,0.0,1.0,1.0,0.0,1,-0.009092603003111566,1.522224058775e-05,-0.0,-0.0,-1.0,0.0,0.0,-1.0090773807625237,
9,-0.00913045,-0.00302988,0.00822276,0.333439,3598.45,0.0,0.0,1.0,1.0,0.0,1,-0.009092603003111566,1.522224058775e-05,-0.0,-0.0,-1.0,0.0,0.0,-1.0090773807625237,
10,-0.00913045,-0.00302988,0.00822276,0.333439,3598.45,0.0,0.0,1.0,1.0,0.0,1,-0.009092603003111566,1.522224058775e-05,-0.0,-0.0,-1.0,0.0,0.0,-1.0090773807625237,
11,-0.00913045,-0.00302988,0.00822276,0.333439,3598.45,0.0,0.0,1.0,1.0,0.0,1,-0.009092603003111566,1.522224058775e-05,-0.0,-0.0,-1.0,0.0,0.0,-1.0090773807625237,
12,-0.00913045,-0.00302988,0.00822276,0.333439,3598.45,0.0,0.0,0.1563502550125122,1.0,0.0,1,-0.009092603003111566,1.522224058775e-05,-0.8436497449874878,-0.0,-1.0,0.0,0.0,-1.2621723042587703,
13,-0.00913045,-0.00302988,0.00822276,0.333439,3598.45,0.0,0.0,0.20824217796325684,1.0,0.0,1,-0.009092603003111566,1.522224058775e-05,-0.05189192295074463,-0.0,-1.0,0.0,0.0,-1.0246449576477472,
14,-0.00913045,-0.00302988,0.00822276,0.333439,3598.45,0.0,0.0,-0.029085278511047363,1.0,0.0,1,-0.009092603003111566,1.522224058775e-05,-0.2373274564743042,-0.0,-1.0,0.0,0.0,-1.0802756177048152,
15,-0.00913045,-0.00302988,0.00822276,0.333439,3598.45,0.0,0.0,0.6137523055076599,1.0,0.0,1,-0.009092603003111566,1.522224058775e-05,-0.6428375840187073,-0.0,-1.0,0.0,0.0,-1.201928655968136,
16,-0.00913045,-0.00302988,0.00822276,0.333439,3598.45,0.0,0.0,-0.5693448781967163,1.0,0.0,1,-0.009092603003111566,1.522224058775e-05,-1.1830971837043762,-0.0,-1.0,0.0,0.0,-1.3640065358738367,
17,-0.00913045,-0.00302988,0.00822276,0.333439,3598.45,0.0,0.0,0.42693471908569336,1.0,1.0,1,-0.009092603003111566,1.522224058775e-05,-0.9962795972824097,-0.0,-1.0,0.0,0.0,-1.3079612599472465,
18,-0.00913045,-0.00302988,0.00822276,0.333439,3598.45,0.0,0.0,0.5729706287384033,1.0,1.0,1,-0.009092603003111566,1.522224058775e-05,-0.14603590965270996,-0.0,-1.0,0.0,0.0,-1.0528881536583368,
19,-0.00913045,-0.00302988,0.00822276,0.333439,3598.45,0.0,0.0,-0.9985913038253784,1.0,1.0,1,-0.009092603003111566,1.522224058775e-05,-1.5715619325637817,-0.0,-1.0,0.0,0.0,-1.4805459605316582,
20,-0.00913045,-0.00302988,0.00822276,0.333439,3598.45,0.0,0.0,0.45446068048477173,1.0,1.0,1,-0.009092603003111566,1.522224058775e-05,-1.4530519843101501,-0.0,-1.0,0.0,0.0,-1.4449929760555689,
21,-0.00913045,-0.00302988,0.00822276,0.333439,3598.45,0.0,0.0,0.20764291286468506,1.0,1.0,1,-0.009092603003111566,1.522224058775e-05,-0.24681776762008667,-0.0,-1.0,0.0,0.0,-1.0831227110485497,
22,-0.00913045,-0.00302988,0.00822276,0.333439,3598.45,0.0,0.0,-0.7561236023902893,1.0,1.0,1,-0.009092603003111566,1.522224058775e-05,-0.9637665152549744,-0.0,-1.0,0.0,0.0,-1.2982073353390162,
23,-0.00913045,-0.00302988,0.00822276,0.333439,3598.45,0.0,0.0,-0.49906954169273376,1.0,1.0,1,-0.009092603003111566,1.522224058775e-05,-0.25705406069755554,-0.0,-1.0,0.0,0.0,-1.0861935989717906,
24,-0.00913045,-0.00302988,0.00822276,0.333439,3598.45,0.0,0.0,-1.0,1.0,1.0,1,-0.009092603003111566,1.522224058775e-05,-0.5009304583072662,-0.0,-1.0,0.0,0.0,-1.1593565182547036,
25,-0.00913045,-0.00302988,0.00822276,0.333439,3598.45,0.0,0.0,-0.29195812344551086,1.0,1.0,1,-0.009092603003111566,1.522224058775e-05,-0.7080418765544891,-0.0,-1.0,0.0,0.0,-1.2214899437288707,
26,-0.00913045,-0.00302988,0.00822276,0.333439,3598.45,0.0,0.0,0.32343345880508423,1.0,1.0,1,-0.009092603003111566,1.522224058775e-05,-0.6153915822505951,-0.0,-1.0,0.0,0.0,-1.1936948554377023,
27,-0.00913045,-0.00302988,0.00822276,0.333439,3598.45,0.0,0.0,-1.0,1.0,1.0,1,-0.009092603003111566,1.522224058775e-05,-1.3234334588050842,-0.0,-1.0,0.0,0.0,-1.4061074184040492,
28,-0.00913045,-0.00302988,0.00822276,0.333439,3598.45,0.0,0.0,-0.10905826091766357,1.0,1.0,1,-0.009092603003111566,1.522224058775e-05,-0.8909417390823364,-0.0,-1.0,0.0,0.0,-1.2763599024872248,
29,-0.00913045,-0.00302988,0.00822276,0.333439,3598.45,0.0,0.0,-1.0,1.0,1.0,1,-0.009092603003111566,1.522224058775e-05,-0.8909417390823364,-0.0,-1.0,0.0,0.0,-1.2763599024872248,
30,-0.00913045,-0.00302988,0.00822276,0.333439,3598.45,0.0,0.0,-0.021819710731506348,1.0,1.0,1,-0.009092603003111566,1.522224058775e-05,-0.9781802892684937,-0.0,-1.0,0.0,0.0,-1.302531467543072,
31,-0.00913045,-0.00302988,0.00822276,0.333439,3598.45,0.0,0.0,0.5998762249946594,1.0,1.0,1,-0.009092603003111566,1.522224058775e-05,-0.6216959357261658,-0.0,-1.0,0.0,0.0,-1.1955861614803736,
32,-0.00913045,-0.00302988,0.00822276,0.333439,3598.45,0.0,0.0,0.35058194398880005,1.0,1.0,1,-0.009092603003111566,1.522224058775e-05,-0.24929428100585938,-0.0,-1.0,0.0,0.0,-1.0838656650642817,
33,-0.00913045,-0.00302988,0.00822276,0.333439,3598.45,0.0,0.0,-0.02208155393600464,1.0,0.0,1,-0.009092603003111566,1.522224058775e-05,-0.3726634979248047,-0.0,-1.0,0.0,0.0,-1.1208764301399652,
34,-0.00913045,-0.00302988,0.00822276,0.333439,3598.45,0.0,0.0,-0.3842206299304962,1.0,1.0,1,-0.009092603003111566,1.522224058775e-05,-0.3621390759944916,-0.0,-1.0,0.0,0.0,-1.1177191035608713,
35,-0.00913045,-0.00302988,0.00822276,0.333439,3598.45,0.0,0.0,-0.19060444831848145,1.0,1.0,1,-0.009092603003111566,1.522224058775e-05,-0.19361618161201477,-0.0,-1.0,0.0,0.0,-1.0671622352461283,
36,-0.00913045,-0.00302988,0.00822276,0.333439,3598.45,0.0,0.0,-0.7563404440879822,1.0,1.0,1,-0.009092603003111566,1.522224058775e-05,-0.5657359957695007,-0.0,-1.0,0.0,0.0,-1.178798179493374,
37,-0.00913045,-0.00302988,0.00822276,0.333439,3598.45,0.0,0.0,-0.3500586152076721,1.0,1.0,1,-0.009092603003111566,1.522224058775e-05,-0.40628182888031006,-0.0,-1.0,0.0,0.0,-1.1309619294266169,
38,-0.00913045,-0.00302988,0.00822276,0.333439,3598.45,0.0,0.0,-0.958603024482727,1.0,1.0,1,-0.009092603003111566,1.522224058775e-05,-0.6085444092750549,-0.0,-1.0,0.0,0.0,-1.1916407035450403,
39,-0.00913045,-0.00302988,0.00822276,0.333439,3598.45,0.0,0.0,-1.0,1.0,1.0,1,-0.009092603003111566,1.522224058775e-05,-0.04139697551727295,-0.0,-1.0,0.0,0.0,-1.0214964734177057,
40,-0.00913045,-0.00302988,0.00822276,0.333439,3598.45,0.0,0.0,0.41026681661605835,1.0,1.0,1,-0.009092603003111566,1.522224058775e-05,-1.4102668166160583,-0.0,-1.0,0.0,0.0,-1.4321574257473413,
41,-0.00913045,-0.00302988,0.00822276,0.333439,3598.45,0.0,0.0,-1.0,1.0,1.0,1,-0.009092603003111566,1.522224058775e-05,-1.4102668166160583,-0.0,-1.0,0.0,0.0,-1.4321574257473413,
42,-0.00913045,-0.00302988,0.00822276,0.333439,3598.45,0.0,0.0,-0.7585370540618896,1.0,1.0,1,-0.009092603003111566,1.522224058775e-05,-0.24146294593811035,-0.0,-1.0,0.0,0.0,-1.0815162645439569,
43,-0.00913045,-0.00302988,0.00822276,0.333439,3598.45,0.0,0.0,-0.4460828900337219,1.0,1.0,1,-0.009092603003111566,1.522224058775e-05,-0.3124541640281677,-0.0,-1.0,0.0,0.0,-1.102813629970974,
44,-0.00913045,-0.00302988,0.00822276,0.333439,3598.45,0.0,0.0,0.2320460081100464,1.0,1.0,1,-0.009092603003111566,1.522224058775e-05,-0.6781288981437683,-0.0,-1.0,0.0,0.0,-1.2125160502056542,
45,-0.00913045,-0.00302988,0.00822276,0.333439,3598.45,0.0,0.0,-0.7106083631515503,1.0,1.0,1,-0.009092603003111566,1.522224058775e-05,-0.9426543712615967,-0.0,-1.0,0.0,0.0,-1.2918736921410028,
46,-0.00913045,-0.00302988,0.00822276,0.333439,3598.45,0.0,0.0,-0.6328375339508057,1.0,1.0,1,-0.009092603003111566,1.522224058775e-05,-0.07777082920074463,-0.0,-1.0,0.0,0.0,-1.0324086295227473,
47,-0.00913045,-0.00302988,0.00822276,0.333439,3598.45,0.0,0.0,-0.3975805342197418,1.0,1.0,1,-0.009092603003111566,1.522224058775e-05,-0.23525699973106384,-0.0,-1.0,0.0,0.0,-1.0796544806818429,
48,-0.0165205,0.00941359,0.0085389,0.333443,3598.45,0.0,0.0,-0.7608437538146973,1.0,1.0,1,-0.01644936513399806,2.7543225407499998e-05,-0.36326321959495544,-0.0,-1.0,0.0,0.0,-1.1254007877870773,
49,0.0030509,0.0101903,0.0084688,0.333439,3598.45,0.000244141,0.0,-1.0,1.0,1.0,1,0.003037872017967712,-5.0864452255e-06,-0.23915624618530273,-0.0,-1.0,0.0,0.0,-1.0687140882828485,
50,-0.013963,0.0129171,0.00896042,0.333455,3598.45,0.000244141,0.0,1.0,1.0,0.0,1,-0.013899883130089986,2.3280160825e-05,-2.0,-0.0,-1.0,0.0,0.0,-1.613876602969265,
51,-0.139376,-0.00611454,0.00902623,0.33346,3598.45,0.0,0.0,0.6695408821105957,1.0,0.0,1,-0.13874131098517317,0.00023238160479999997,-0.3304591178894043,-0.0,-1.0,0.0,0.0,-1.2376466647471944,
52,0.660011,-0.000320849,0.00904911,0.333456,3598.45,0.00170898,0.0,1.0,1.0,0.0,1,0.6569977619100845,-0.00110042314008,-0.3304591178894043,-0.0,-1.0,0.0,0.0,-0.4432403965968167,
53,1.46736,0.047185,0.00882548,0.33346,3598.46,0.0078125,0.0,1.0,1.0,0.0,1,1.4608278605876666,-0.002446529328,-0.0,-0.0,-1.0,0.0,0.0,0.4583813312596665,
54,2.20388,0.210225,0.0082013,0.333557,3598.47,0.0183105,0.0,1.0,1.0,0.0,1,2.1947686432628526,-0.0036755980057999993,-0.0,-0.0,-1.0,0.0,0.0,1.1910930452570527,
55,2.98617,0.37221,0.00673312,0.333819,3598.48,0.032959,0.0,1.0,1.0,0.0,1,2.976049266873359,-0.00498420141615,-0.0,-0.0,-1.0,0.0,0.0,1.9710650654572093,
56,3.82258,0.509192,0.00450915,0.334223,3598.5,0.0522461,0.0,1.0,1.0,0.0,1,3.813922874790212,-0.006387970776699999,-0.0,-0.0,-1.0,0.0,0.0,2.807534904013512,
57,4.59948,0.595231,0.002083,0.334726,3598.52,0.0759277,0.0,0.8933464884757996,1.0,0.0,1,4.594679666731157,-0.0076978277124,-0.10665351152420044,-0.0,-1.0,0.0,0.0,3.554985785561496,
58,5.43177,0.531673,-0.000203435,0.335256,3598.55,0.104004,0.0,0.445529580116272,1.0,0.0,1,5.431217381539765,-0.0091051674156,-0.4478169083595276,-0.0,-1.0,0.0,0.0,4.287767141616307,
59,6.16384,0.705903,-0.00281889,0.33581,3598.58,0.136475,0.0,1.0,1.0,0.0,1,6.155127928682532,-0.010349395552,-0.554470419883728,-0.0,-1.0,0.0,0.0,4.978437407165414,
60,6.9227,0.953325,-0.0074094,0.33673,3598.62,0.176758,0.0,1.0,1.0,0.0,1,6.896863683466186,-0.011655403854999998,-0.0,-0.0,-1.0,0.0,0.0,5.885208279611185,
61,7.68375,1.07817,-0.0122755,0.337744,3598.66,0.217529,0.0,1.0,1.0,0.0,1,7.636011331051923,-0.0129757023,-0.0,-0.0,-1.0,0.0,0.0,6.623035628751922,
62,8.45118,1.19885,-0.0175942,0.338919,3598.71,0.262451,0.0,1.0,1.0,0.0,1,8.375529937601643,-0.014321327372100004,-0.0,-0.0,-1.0,0.0,0.0,7.361208610229543,
63,9.22588,1.30819,-0.0234669,0.340243,3598.76,0.311523,0.0,1.0,1.0,0.0,1,9.115098325390242,-0.0156952054442,-0.0,-0.0,-1.0,0.0,0.0,8.099403119946043,
64,10.0231,1.16935,-0.0287283,0.341642,3598.81,0.36499,0.0,0.32412880659103394,1.0,0.0,1,9.875010667175106,-0.017121559651000002,-0.6758711934089661,-0.0,-1.0,0.0,0.0,8.655127749501416,
65,10.8467,0.816213,-0.0319746,0.342843,3598.87,0.422852,0.0,0.06549835205078125,1.0,0.0,1,10.667775874507534,-0.0185935758405,-0.2586304545402527,-0.0,-1.0,0.0,0.0,9.571593162304959,
66,11.6015,0.926972,-0.0351146,0.343954,3598.93,0.485107,0.0,1.0,1.0,0.0,1,11.390699047530214,-0.019951911654999998,-0.9345016479492188,-0.0,-1.0,0.0,0.0,10.090396641490448,
67,12.199,1.35622,-0.0408719,0.345433,3599.0,0.55127,0.0,1.0,1.0,0.0,1,11.93958337856398,-0.021069685835,-0.0,-0.0,-1.0,0.0,0.0,10.91851369272898,
68,12.8426,1.6759,-0.0488251,0.347389,3599.07,0.620361,0.0,1.0,1.0,0.0,1,12.513899302368591,-0.022306889857,-0.0,-0.0,-1.0,0.0,0.0,11.491592412511592,
69,13.6816,1.52333,-0.0565875,0.349541,3599.14,0.693848,0.0,-0.4189823269844055,1.0,0.0,1,13.27280340077202,-0.023911400728,-1.4189823269844055,-0.0,-1.0,0.0,0.0,11.823197301948698,
70,14.5155,1.12687,-0.0614403,0.35153,3599.22,0.771729,0.0,0.37903404235839844,1.0,0.0,1,14.042473421068898,-0.025513168575000002,-0.798016369342804,-0.0,-1.0,0.0,0.0,12.777555341691057,
71,15.2483,1.24844,-0.0661567,0.353459,3599.3,0.854248,0.0,1.0,1.0,0.0,1,14.710922725273035,-0.026948244348500003,-0.6209659576416016,-0.0,-1.0,0.0,0.0,13.497684693632054,
72,15.957,1.69147,-0.0749539,0.356073,3599.4,0.94873,0.0,1.0,1.0,0.0,1,15.31473717935905,-0.028409284305,-0.0,-0.0,-1.0,0.0,0.0,14.286327895054049,
73,16.6658,1.76642,-0.0841211,0.35893,3599.49,1.03833,0.0,0.041025757789611816,1.0,0.0,1,15.906721884247164,-0.029909277970000002,-0.9589742422103882,-0.0,-1.0,0.0,0.0,14.589120333614046,
74,17.4655,1.41529,-0.090391,0.36176,3599.58,1.13232,0.0,0.463043212890625,1.0,0.0,1,16.605909820951524,-0.0315915964,-0.4220174551010132,-0.0,-1.0,0.0,0.0,15.447712988021223,
75,18.2268,0.957316,-0.0943087,0.364385,3599.68,1.23071,0.0,0.030168741941452026,1.0,0.0,1,17.287604857460874,-0.033207862590000005,-0.432874470949173,-0.0,-1.0,0.0,0.0,16.12453465358612,
76,18.95,0.59275,-0.0959995,0.366691,3599.78,1.33325,0.0,0.13734474778175354,1.0,0.0,1,17.95454756821461,-0.03474397225,-0.10717600584030151,-0.0,-1.0,0.0,0.0,16.887650794212522,
77,19.7081,0.169127,-0.096226,0.368769,3599.89,1.44019,0.0,-0.2906479239463806,1.0,0.0,1,18.670174200620345,-0.03633868164450001,-0.42799267172813416,-0.0,-1.0,0.0,0.0,17.505437717457404,
78,20.4788,0.134762,-0.0950001,0.370615,3600.0,1.55151,0.0,0.5905001163482666,1.0,0.0,1,19.41517718846029,-0.03794875231,-0.8811480402946472,-0.0,-1.0,0.0,0.0,18.112884024061895,
79,20.6822,-0.0245112,-0.0951064,0.372526,3600.11,1.66577,0.0,-0.0726899802684784,1.0,0.0,2,19.606710091521837,-0.03852328618600001,-0.663190096616745,-0.0,-1.0,0.0,0.0,18.369229776350814,
80,20.6171,-0.526448,-0.0929902,0.374074,3600.23,1.78027,0.0,-0.33173808455467224,1.0,0.0,2,19.570811154814077,-0.038561605327,-0.25904810428619385,-0.0,-1.0,0.0,0.0,18.454535118201218,
81,20.626,-0.429053,-0.090268,0.375294,3600.34,1.89429,0.0,1.0,1.0,0.0,2,19.612353363237983,-0.038704070220000004,-1.3317380845546722,-0.0,-1.0,0.0,0.0,18.17412786765158,
82,21.1224,-0.542147,-0.0885914,0.37665,3600.46,2.01001,0.0,-0.413906991481781,1.0,0.0,2,20.105157194407745,-0.0397787598,-1.413906991481781,-0.0,-1.0,0.0,0.0,18.64120633716321,
83,21.7149,-0.432162,-0.085801,0.37786,3600.58,2.12915,0.0,0.3742905855178833,1.0,0.0,2,20.70458105408917,-0.04102596057,-0.7881975769996643,-0.0,-1.0,0.0,0.0,19.42709582041927,
84,22.3041,0.150477,-0.0868018,0.379498,3600.7,2.25098,0.0,0.9630551934242249,1.0,0.0,2,21.25332416426975,-0.042321806709,-0.5887646079063416,-0.0,-1.0,0.0,0.0,20.034372975188845,
85,22.778,0.795226,-0.0910752,0.381814,3600.82,2.37573,0.0,0.533515214920044,1.0,0.0,2,21.647774937920417,-0.043484796459999996,-0.4295399785041809,-0.0,-1.0,0.0,0.0,20.475428147909163,
86,23.3742,0.93925,-0.0965136,0.384697,3600.95,2.50293,0.0,0.16004355251789093,1.0,0.0,2,22.139206833571254,-0.044959923086999996,-0.373471662402153,-0.0,-1.0,0.0,0.0,20.98220541176361,
87,24.0119,1.11001,-0.101241,0.387757,3601.08,2.63354,0.0,0.7662920951843262,1.0,0.0,2,22.675528175522786,-0.0465539115415,-0.6062485426664352,-0.0,-1.0,0.0,0.0,21.447099701181354,
88,24.6575,1.10681,-0.107159,0.391189,3601.21,2.76758,0.0,0.18928655982017517,1.0,0.0,2,23.197454226406,-0.0482287138375,-0.577005535364151,-0.0,-1.0,0.0,0.0,21.976123851959255,
89,25.3431,0.573128,-0.10964,0.394467,3601.35,2.90527,0.0,-0.7367241382598877,1.0,0.0,2,23.804401767132532,-0.0499850831385,-0.9260106980800629,-0.0,-1.0,0.0,0.0,22.476613474570016,
90,25.9646,-0.00227819,-0.108606,0.397289,3601.49,3.04712,0.0,-0.19766005873680115,1.0,0.0,2,24.404435303638607,-0.051577249847,-0.5390640795230865,-0.0,-1.0,0.0,0.0,23.19113882993468,
91,26.5297,-0.0291384,-0.107188,0.399831,3601.64,3.19214,0.0,0.042251378297805786,1.0,0.0,2,24.958330783813516,-0.0530369824035,-0.23991143703460693,-0.0,-1.0,0.0,0.0,23.83332037029963,
92,27.1306,-0.224022,-0.106323,0.402387,3601.79,3.34058,0.0,-0.12809209525585175,1.0,0.0,2,25.53780689680581,-0.054585003710999995,-0.17034347355365753,-0.0,-1.0,0.0,0.0,24.432118851028715,
93,27.7811,0.0222696,-0.105729,0.404945,3601.94,3.49243,0.0,0.16583220660686493,1.0,0.0,2,26.1600681220885,-0.05624908769749999,-0.2939243018627167,-0.0,-1.0,0.0,0.0,25.015641743832187,
94,28.3415,-0.05464,-0.106406,0.407758,3602.09,3.64771,0.0,-0.5749505162239075,1.0,0.0,2,26.676197680800737,-0.057782366785000004,-0.7407827228307724,-0.0,-1.0,0.0,0.0,25.396180497166508,
95,28.8898,-0.576319,-0.103416,0.41024,3602.25,3.80615,0.0,-0.9120851159095764,1.0,0.0,2,27.244278845335888,-0.05925875776000001,-0.33713459968566895,-0.0,-1.0,0.0,0.0,26.08387970767019,
96,29.4028,-0.866964,-0.0978735,0.412222,3602.42,3.96777,0.0,-0.16240790486335754,1.0,0.0,2,27.825503056497904,-0.060602405107999996,-0.7496772110462189,-0.0,-1.0,0.0,0.0,26.53999748807604,
97,30.0984,-0.349783,-0.0954717,0.414511,3602.6,4.14917,0.0,0.2889724373817444,1.0,0.0,2,28.52674198463092,-0.06238058941200001,-0.45138034224510193,-0.0,-1.0,0.0,0.0,27.32894729254539,
98,30.6579,-0.183649,-0.096072,0.417048,3602.76,4.31738,0.0,-0.47796106338500977,1.0,0.0,2,29.046106704497323,-0.06392907939600001,-0.7669335007667542,-0.0,-1.0,0.0,0.0,27.752097574871296,
99,31.2579,0.00866309,-0.0957792,0.419655,3602.94,4.48877,0.0,0.5159765481948853,1.0,0.0,2,29.61999431452324,-0.0655876701225,-0.993937611579895,-0.0,-1.0,0.0,0.0,28.25622536092677,
100,31.7787,0.498262,-0.0987657,0.422745,3603.11,4.66309,0.0,0.2704926133155823,1.0,0.0,2,30.057058040368904,-0.06717143265749999,-0.24548393487930298,-0.0,-1.0,0.0,0.0,28.916241427247613,
101,32.3092,0.974582,-0.104372,0.426437,3603.29,4.83984,0.0,0.7554922699928284,1.0,0.0,2,30.450350987259306,-0.068889191602,-0.4849996566772461,-0.0,-1.0,0.0,0.0,29.235961898654132,
102,32.8117,1.24469,-0.112273,0.43077,3603.47,5.01904,0.0,-0.07038839161396027,1.0,0.0,2,30.767050913256035,-0.07067148004500001,-0.8258806616067886,-0.0,-1.0,0.0,0.0,29.448615234728997,
103,33.3792,1.47565,-0.120111,0.435535,3603.65,5.20117,0.0,0.655728816986084,1.0,0.0,2,31.138926203367742,-0.07268904936,-0.7261172086000443,-0.0,-1.0,0.0,0.0,29.84840199142773,
104,33.9175,1.54039,-0.129456,0.440855,3603.83,5.38574,0.0,-0.9542055130004883,1.0,0.0,2,31.444402471157737,-0.07476349731249998,-1.6099343299865723,-0.0,-1.0,0.0,0.0,29.886658674849265,
105,34.5768,0.983724,-0.134839,0.446196,3604.02,5.57349,0.0,-1.0,1.0,0.0,2,31.938852954996015,-0.07714014926400001,-0.04579448699951172,-0.0,-1.0,0.0,0.0,30.847974459632162,
106,35.1508,0.787918,-0.137092,0.451294,3604.21,5.76489,0.0,0.6570469737052917,1.0,0.0,2,32.41909459100648,-0.079316725676,-1.6570469737052917,-0.0,-1.0,0.0,0.0,30.842663773218888,
107,35.7474,0.57468,-0.140129,0.456513,3604.41,5.95947,0.0,-0.8281665444374084,1.0,0.0,2,32.90056862162228,-0.081595764081,-1.4852135181427002,-0.0,-1.0,0.0,0.0,31.373408802098467,
108,36.3188,0.490308,-0.141458,0.461626,3604.6,6.15771,0.0,0.12054678797721863,1.0,0.0,2,33.39579540749887,-0.083828511844,-0.9487133324146271,-0.0,-1.0,0.0,0.0,32.02735289593049,
109,36.9148,0.140187,-0.142272,0.466746,3604.81,6.35889,0.0,-0.24479630589485168,1.0,0.0,2,33.92470626264969,-0.08614917620399999,-0.3653430938720703,-0.0,-1.0,0.0,0.0,32.72895415828407,
110,37.425,-0.428108,-0.139188,0.471441,3605.01,6.56372,0.0,-0.5620614886283875,1.0,0.0,2,34.46690824306927,-0.08821839712499999,-0.31726518273353577,-0.0,-1.0,0.0,0.0,33.28351029112421,
111,37.9079,-0.934686,-0.132751,0.475531,3605.22,6.77173,0.0,-0.5649799704551697,1.0,0.0,2,35.06559601704491,-0.09013190797449999,-0.0029184818267822266,-0.0,-1.0,0.0,0.0,33.97458856452237,
112,38.4139,-1.14249,-0.124187,0.47906,3605.43,6.98267,0.0,-0.18359261751174927,1.0,0.0,2,35.738935861209875,-0.09201281467,-0.3813873529434204,-0.0,-1.0,0.0,0.0,34.53250684065685,
113,39.007,-1.22825,-0.116451,0.4823,3605.64,7.19727,0.0,-0.3242102861404419,1.0,0.0,2,36.476742671740666,-0.09406538049999999,-0.14061766862869263,-0.0,-1.0,0.0,0.0,35.34049199065206,
114,39.5798,-1.2557,-0.108669,0.485261,3605.86,7.41504,0.0,-0.2945648729801178,1.0,0.0,2,37.200013395584655,-0.096032666639,-0.029645413160324097,-0.0,-1.0,0.0,0.0,36.09508710499756,
115,40.2068,-0.900012,-0.102913,0.488148,3606.08,7.63623,0.0,-0.06929697096347809,1.0,0.0,2,37.928819869717465,-0.09813434503200001,-0.2252679020166397,-0.0,-1.0,0.0,0.0,36.76310515408047,
116,40.3843,-0.920756,-0.0987743,0.491119,3606.31,7.85986,0.0,-0.21546587347984314,1.0,0.0,3,38.19623424249425,-0.09916748515850002,-0.14616890251636505,-0.0,-1.0,0.0,0.0,37.05321608658084,
117,40.3055,-1.28071,-0.0921963,0.493697,3606.53,8.08374,0.0,-0.7554500699043274,1.0,0.0,3,38.2789418776332,-0.09949352216750001,-0.5399841964244843,-0.0,-1.0,0.0,0.0,37.017453096538354,
118,40.259,-1.42942,-0.0830558,0.495648,3606.75,8.30713,0.0,0.004481591284275055,1.0,0.0,3,38.450270941910034,-0.09977146415999999,-0.7599316611886024,-0.0,-1.0,0.0,0.0,37.12251997939345,
119,40.6065,-0.905766,-0.0776828,0.497579,3606.98,8.53125,0.0,0.37810689210891724,1.0,0.0,3,38.90841178166248,-0.10102470831749999,-0.3736253008246422,-0.0,-1.0,0.0,0.0,37.695299483097585,
120,41.1225,-0.677057,-0.075722,0.499837,3607.21,8.75806,0.0,-0.2213556468486786,1.0,0.0,3,39.44921025784341,-0.1027727351625,-0.5994625389575958,-0.0,-1.0,0.0,0.0,38.16659876099363,
121,41.6419,-0.42765,-0.073418,0.502128,3607.44,8.98779,0.0,1.0,1.0,0.0,3,40.00246165704272,-0.104547819816,-1.2213556468486786,-0.0,-1.0,0.0,0.0,38.53150714317212,
122,42.1197,0.156787,-0.0750325,0.504888,3607.67,9.21997,0.0,1.0,1.0,0.0,3,40.422500353613486,-0.10632865546800001,-0.0,-0.0,-1.0,0.0,0.0,39.31617169814549,
123,42.5663,0.548599,-0.0798624,0.508298,3607.9,9.45435,0.0,-0.46382325887680054,1.0,0.0,3,40.732710931671775,-0.10818182578700002,-1.4638232588768005,-0.0,-1.0,0.0,0.0,39.18538212822173,
124,43.0504,0.877214,-0.0854791,0.512195,3608.14,9.69141,0.0,0.6330999135971069,1.0,0.0,3,41.05550318488105,-0.11025099814,-1.0969231724739075,-0.0,-1.0,0.0,0.0,39.61617523499887,
125,43.4556,1.31679,-0.0939449,0.516795,3608.38,9.93018,0.0,0.9220515489578247,1.0,0.0,3,41.22576434563405,-0.11228818401,-0.2889516353607178,-0.0,-1.0,0.0,0.0,40.02679067101583,
126,43.7629,1.66082,-0.103845,0.521467,0.163088,10.1621,0.0,-0.6660240888595581,1.0,0.0,3,41.258949726918054,-0.11410454087150002,-1.5880756378173828,-0.0,-1.0,0.0,0.0,39.66842249470134,
127,44.1397,1.92801,-0.114801,0.527537,0.40991,10.4089,0.0,0.7381677031517029,1.0,0.0,3,41.32107554494039,-0.1164266245945,-1.404191792011261,-0.0,-1.0,0.0,0.0,39.78339138274251,
128,44.5061,2.00957,-0.127332,0.534317,0.658271,10.6573,0.0,0.018711864948272705,1.0,0.0,3,41.319914064425014,-0.11890182916850002,-0.7194558382034302,-0.0,-1.0,0.0,0.0,39.98517548379549,
129,44.9398,2.10286,-0.139467,0.541659,0.908446,10.9075,0.0,1.0,1.0,0.0,3,41.37978486166307,-0.12171023564099999,-0.9812881350517273,-0.0,-1.0,0.0,0.0,39.963688185506555,
130,45.3266,2.10959,-0.152777,0.549688,1.16025,11.1593,0.0,-0.29259198904037476,1.0,0.0,3,41.34967091322983,-0.12457744050399999,-1.2925919890403748,-0.0,-1.0,0.0,0.0,39.83731587601372,
131,45.8081,1.41989,-0.16212,0.557927,1.41431,11.4133,0.0,-0.15985924005508423,1.0,0.0,3,41.51047228900536,-0.1277878790435,-0.13273274898529053,-0.16927442352400135,-1.0,0.0,0.0,40.30054597938527,
132,46.2685,0.69543,-0.165207,0.565816,1.67163,11.6707,0.0,-1.0,1.0,0.0,3,41.83394539989722,-0.13089728798,-0.8401407599449158,-1.6614153608981113,-1.0,0.0,0.0,40.03565204370922,
133,46.725,0.0489607,-0.163013,0.573181,1.93227,11.9313,0.0,-0.6173516511917114,1.0,0.0,3,42.31400953898568,-0.13390941112500002,-0.3826483488082886,-2.2778358609910896,-1.0,0.0,0.0,40.49584665797042,
134,47.0832,-0.481577,-0.156914,0.579882,2.19573,12.1947,0.0,-0.15221989154815674,0.9390239715576172,0.0,3,42.82588069703371,-0.13651350091199999,-0.4651317596435547,-2.1236982234010924,-1.0,0.0,0.0,41.01890311237837,
135,47.5098,-0.916349,-0.148313,0.585907,2.46221,12.4612,0.0,-1.0,1.0,0.0,3,43.47796829026384,-0.139181621943,-0.8477801084518433,-1.4701301488813883,-1.0,0.0,0.0,41.716920098564934,
136,47.9035,-1.31271,-0.137043,0.591176,2.73177,12.7308,0.0,-0.7632784843444824,1.0,0.0,3,44.18221602072382,-0.14159699758000002,-0.23672151565551758,-0.0,-1.0,0.0,0.0,42.969602568447165,
137,48.2144,-1.62098,-0.123658,0.595627,3.00401,13.003,0.0,-0.6027570366859436,1.0,0.0,3,44.87278245318921,-0.143588992144,-0.16052144765853882,-0.0,-1.0,0.0,0.0,43.68103702674765,
138,48.5582,-1.87169,-0.108489,0.59923,3.2786,13.2776,0.0,-1.0,1.0,0.0,3,45.64386716777657,-0.14548765093000002,-0.3972429633140564,-0.0,-1.0,0.0,0.0,44.379206627852355,
139,48.8586,-2.03558,-0.0912865,0.601954,3.55555,13.5546,0.0,-0.40787774324417114,1.0,0.0,3,46.428197162793175,-0.147056966638,-0.5921222567558289,-0.0,-1.0,0.0,0.0,45.10350351912843,
140,49.1987,-2.16357,-0.0726633,0.603778,3.83458,13.8336,0.0,-1.0,1.0,0.0,3,47.28297626918563,-0.14853973672700002,-0.5921222567558289,-0.0,-1.0,0.0,0.0,45.95679985543188,
141,49.4972,-2.24024,-0.0519409,0.604619,4.1157,14.1147,0.0,-0.33026647567749023,1.0,0.0,3,48.145560187764445,-0.149656072995,-0.6697335243225098,-0.0,-1.0,0.0,0.0,46.79498405747269,
142,49.9989,-1.76445,-0.0324873,0.604693,4.39893,14.398,0.0,0.011238887906074524,1.0,0.0,3,49.16049550806088,-0.1511919484375,-0.34150536358356476,-0.0,-1.0,0.0,0.0,47.906851950548315,
143,50.5615,-0.988006,-0.0203725,0.604683,4.6854,14.6844,0.0,0.5379265546798706,1.0,0.0,3,50.03601141812175,-0.15289032801150002,-0.5266876667737961,-0.0,-1.0,0.0,0.0,48.72511479007811,
144,51.0481,-0.328952,-0.015971,0.604955,4.97466,14.9737,0.0,0.1540837287902832,1.0,0.0,3,50.63396237351244,-0.1544335687025,-0.3838428258895874,-0.0,-1.0,0.0,0.0,49.36437595704306,
145,51.5084,0.231505,-0.0164685,0.605687,5.26656,15.2656,0.0,0.43796515464782715,1.0,0.0,3,51.07730145151476,-0.156022183323,-0.28388142585754395,-0.0,-1.0,0.0,0.0,49.83611484043449,
146,51.946,0.605424,-0.0202242,0.606969,5.56092,15.5599,0.0,0.2614642381668091,1.0,0.0,3,51.41012959174768,-0.157696625331,-0.17650091648101807,-0.0,-1.0,0.0,0.0,50.199482691472376,
147,52.51,0.366521,-0.0236933,0.608706,5.88786,15.8869,0.0,-0.04793006181716919,1.0,0.0,3,51.87325246422195,-0.159891554736,-0.30939429998397827,-0.0,-1.0,0.0,0.0,50.620542619490756,
148,53.0581,0.51031,-0.0245601,0.610359,6.21836,16.2174,0.0,0.5630596876144409,1.0,0.0,3,52.39060790094482,-0.16202975317050003,-0.6109897494316101,-0.0,-1.0,0.0,0.0,51.04528122294484,
149,53.5918,0.468055,-0.0274861,0.612361,6.55215,16.5512,0.0,-0.3008236587047577,1.0,0.0,3,52.83513530261819,-0.16424043552,-0.8638833463191986,-0.0,-1.0,0.0,0.0,51.41172986320243,
150,54.1457,-0.124205,-0.0252246,0.613983,6.88946,16.8885,0.0,-0.32909509539604187,1.0,0.0,3,53.44564559340506,-0.16641822090449998,-0.02827143669128418,-0.0,-1.0,0.0,0.0,52.27074594149318,
151,54.6096,-0.678746,-0.0176156,0.614766,7.23008,17.2291,0.0,-0.9957331418991089,1.0,0.0,3,54.1201617247023,-0.168078661524,-0.666638046503067,-0.0,-1.0,0.0,0.0,52.75209164922738,
152,55.0252,-1.07341,-0.00617005,0.614532,7.57344,17.5725,0.0,0.6904640197753906,1.0,0.0,3,54.85439957137348,-0.169284910056,-1.6861971616744995,-0.0,-1.0,0.0,0.0,53.179255512815125,
153,55.5799,-0.71098,0.00464552,0.613591,7.91972,17.9187,0.0,1.0,1.0,0.0,3,55.450201965986565,-0.17070134738550002,-0.3095359802246094,-0.0,-1.0,0.0,0.0,54.18663982453368,
154,56.1326,-0.0177412,0.00812386,0.612864,8.26962,18.2686,0.0,0.9739483594894409,1.0,0.0,3,55.902743531780125,-0.172173731328,-0.026051640510559082,-0.0,-1.0,0.0,0.0,54.72275430829895,
155,56.6226,0.461663,0.00574668,0.612709,8.62273,18.6217,0.0,0.2529219686985016,1.0,0.0,3,56.45896995483234,-0.173627401798,-0.7210263907909393,-0.0,-1.0,0.0,0.0,55.06903463579706,
156,57.1208,0.836481,-0.000254124,0.613192,8.97897,18.978,0.0,0.44461721181869507,1.0,0.0,3,57.11354027258625,-0.175304116832,-0.19169524312019348,-0.0,-1.0,0.0,0.0,55.88072758281819,
157,57.511,1.1635,-0.00965821,0.614469,9.33802,19.337,0.0,0.5393338203430176,1.0,0.0,3,57.23059533856454,-0.176902985256,-0.09471660852432251,-0.0,-1.0,0.0,0.0,56.02527737075125,
158,57.9014,1.39565,-0.0222146,0.616679,9.69925,19.6983,0.0,0.8281214237213135,1.0,0.0,3,57.24403842589509,-0.178811076294,-0.2887876033782959,-0.0,-1.0,0.0,0.0,55.978591068587605,
159,58.2705,1.44969,-0.0375447,0.61986,10.0627,20.0617,0.0,-0.8093454837799072,1.0,0.0,3,57.13581839414533,-0.18099218025,-1.6374669075012207,-0.0,-1.0,0.0,0.0,55.46358614164497,
160,58.7706,0.899277,-0.0509136,0.623723,10.4286,20.4276,0.0,-1.0,1.0,0.0,3,57.198978909986714,-0.18384565544800005,-0.19065451622009277,-0.0,-1.0,0.0,0.0,55.95793689967268,
161,59.3798,0.124395,-0.0549499,0.627411,10.7982,20.7972,0.0,-0.47189971804618835,1.0,0.0,3,57.65953802295147,-0.18702906141000003,-0.5281002819538116,-0.0,-1.0,0.0,0.0,56.31407887695533,
162,59.8873,-0.124986,-0.0518577,0.630564,11.1714,21.1704,0.0,0.02487155795097351,1.0,0.0,3,58.25468001250429,-0.18974803528200004,-0.49677127599716187,-0.0,-1.0,0.0,0.0,56.915900594423135,
163,60.4375,-0.334009,-0.0473808,0.63341,11.5481,21.5471,0.0,-0.13781948387622833,1.0,0.0,3,58.938420506534435,-0.192524812475,-0.16269104182720184,-0.0,-1.0,0.0,0.0,57.69708838151127,
164,61.0487,0.00578636,-0.0429237,0.635969,11.9286,21.9276,0.0,0.3345351219177246,1.0,0.0,3,59.682653482868574,-0.1954191724125,-0.47235460579395294,-0.0,-1.0,0.0,0.0,58.345527928717885,
165,61.675,0.0346063,-0.0421081,0.638743,12.313,22.312,0.0,-0.07091359794139862,1.0,0.0,3,60.32220551281908,-0.198473392674,-0.40544871985912323,-0.0,-1.0,0.0,0.0,59.00209750418734,
166,62.2877,-0.363365,-0.0374344,0.64109,12.7013,22.7004,0.0,-0.19021809101104736,1.0,0.0,3,61.07848308467556,-0.20134849606500002,-0.11930449306964874,-0.0,-1.0,0.0,0.0,59.84134324068967,
167,62.8527,-0.746023,-0.0285321,0.642657,13.0936,23.0927,0.0,-0.9353498220443726,1.0,0.0,3,61.9305800427014,-0.2037832577685,-0.7451317310333252,-0.0,-1.0,0.0,0.0,60.503257265622906,
168,63.3013,-0.921342,-0.0160701,0.643227,13.4892,23.4882,0.0,0.14073942601680756,1.0,0.0,3,62.78451923646986,-0.20545410000449998,-1.0760892480611801,-0.0,-1.0,0.0,0.0,61.25623836204701,
169,63.8573,-0.901304,-0.00307058,0.642957,13.8879,23.8869,0.0,-0.25881993770599365,1.0,0.0,3,63.758959642131266,-0.20713279402950002,-0.3995593637228012,-0.0,-1.0,0.0,0.0,62.43195903898493,
170,64.4539,-0.362317,0.00798322,0.642105,14.2903,24.2893,0.0,0.2517821490764618,1.0,0.0,3,64.1945740303026,-0.20870368832250005,-0.5106020867824554,-0.0,-1.0,0.0,0.0,62.832689715945364,
171,65.0328,0.300206,0.010872,0.641449,14.6962,24.6952,0.0,0.412248432636261,1.0,0.0,3,64.67544525038366,-0.210294142237,-0.1604662835597992,-0.0,-1.0,0.0,0.0,63.41701122307872,
172,65.5488,0.477811,0.00786201,0.641289,15.1057,25.1047,0.0,-0.29438865184783936,1.0,0.0,3,65.28910417935819,-0.211883403537,-0.7066370844841003,-0.0,-1.0,0.0,0.0,63.86522965047595,
173,66.1575,-0.138107,0.00887073,0.640915,15.5186,25.5176,0.0,-1.0,1.0,0.0,3,65.86146824352831,-0.2136807077875,-0.7056113481521606,-0.0,-1.0,0.0,0.0,64.43610413129515,
174,66.7147,-0.272678,0.0153717,0.639798,15.9352,25.9342,0.0,0.8828893303871155,1.0,0.0,3,66.19407919096567,-0.21500353895699995,-1.8828893303871155,-0.0,-1.0,0.0,0.0,64.41420885289253,
175,67.3156,0.27979,0.0176754,0.638659,16.3553,26.3543,0.0,1.0,1.0,0.0,3,66.71020081039353,-0.21645308718300002,-0.11711066961288452,-0.0,-1.0,0.0,0.0,65.45861452232667,
176,67.8379,0.659684,0.0140192,0.638036,16.779,26.7781,0.0,0.4154815673828125,1.0,0.0,3,67.35573277983352,-0.21786184911800005,-0.5845184326171875,-0.0,-1.0,0.0,0.0,65.96251540093037,
177,68.4021,0.543502,0.00762815,0.637955,17.206,27.205,0.0,-1.0,1.0,0.0,3,68.13922168653798,-0.21962789055250004,-1.4154815673828125,-0.0,-1.0,0.0,0.0,66.49494932577063,
178,69.0538,-0.129187,0.0066471,0.637655,17.637,27.636,0.0,-0.2380611002445221,1.0,0.0,3,68.82277240426349,-0.22158040322,-0.7619388997554779,-0.0,-1.0,0.0,0.0,67.37261033111685,
179,69.6507,-0.596009,0.013032,0.636604,18.0717,28.0707,0.0,-1.0,1.0,0.0,3,69.19095447417651,-0.22303942392999998,-0.7619388997554779,-0.0,-1.0,0.0,0.0,67.73933338031986,
180,70.1568,-0.822501,0.024521,0.634549,18.5098,28.5088,0.0,-0.039093635976314545,1.0,0.0,3,69.27563788625382,-0.22378326981700006,-0.9609063640236855,-0.0,-1.0,0.0,0.0,67.7635827072297,
181,70.7921,-0.272595,0.0350158,0.631808,18.9511,28.9501,0.0,0.49985381960868835,1.0,0.0,3,69.50953736990625,-0.22464682444800005,-0.5389474555850029,-0.0,-1.0,0.0,0.0,68.12320630878276,
182,71.4106,0.35809,0.0378495,0.629216,19.3965,29.3955,0.0,0.8625831007957458,1.0,0.0,3,70.00835013847147,-0.225517035104,-0.3627292811870575,-0.0,-1.0,0.0,0.0,68.67401431901135,
183,71.8899,0.620967,0.0344885,0.627093,19.8453,29.8443,0.0,-0.31029555201530457,1.0,0.0,3,70.60770761496707,-0.2261422959525,-1.1728786528110504,-0.0,-1.0,0.0,0.0,69.02970172317126,
184,72.4824,0.755088,0.0282249,0.625422,20.2975,30.2965,0.0,0.9483109712600708,1.0,0.0,3,71.43076211055126,-0.22730671594800003,-1.2586065232753754,-0.0,-1.0,0.0,0.0,69.82587343762064,
185,73.051,0.755339,0.0179538,0.624435,20.7535,30.7525,0.0,0.3808063268661499,1.0,0.0,3,72.38349043315174,-0.22867507515,-0.5675046443939209,-0.0,-1.0,0.0,0.0,70.98456396468356,
186,73.5506,0.695267,0.00521317,0.624245,21.2129,31.2119,0.0,0.5530253052711487,1.0,0.0,3,73.35788553241305,-0.23015579151,-0.17221897840499878,-0.0,-1.0,0.0,0.0,72.07606404738155,
187,74.0563,0.352441,-0.00893083,0.624901,21.6752,31.6742,0.0,-0.36716094613075256,1.0,0.0,3,73.72265894769077,-0.2320093394325,-0.9201862514019012,-0.0,-1.0,0.0,0.0,72.21459373283771,
188,74.7015,-0.546798,-0.0170827,0.625771,22.1412,32.1403,0.0,-0.8070850372314453,1.0,0.0,3,74.0525799950992,-0.23439430622349997,-0.43992409110069275,-0.0,-1.0,0.0,0.0,72.68620846154548,
189,75.3072,-1.08499,-0.0147486,0.626149,22.6113,32.6104,0.0,-1.0,1.0,0.0,3,74.74369193991703,-0.23645141006499998,-0.1929149627685547,-0.0,-1.0,0.0,0.0,73.44936604102146,
190,75.8359,-1.23941,-0.00455493,0.62574,23.0848,33.0839,0.0,-0.3778941333293915,1.0,0.0,3,75.66240029219759,-0.23793032793,-0.6221058666706085,-0.0,-1.0,0.0,0.0,74.23783820426641,
191,76.3379,-1.24932,0.010304,0.624308,23.5616,33.5606,0.0,-0.638911247253418,1.0,0.0,3,75.940561644856,-0.23888268723,-0.2610171139240265,-0.0,-1.0,0.0,0.0,74.62337382344879,
192,76.8233,-1.04383,0.0283266,0.621679,24.0411,34.0401,0.0,0.029296770691871643,1.0,0.0,3,75.704554756283,-0.2392671406445,-0.6682080179452896,-0.0,-1.0,0.0,0.0,74.26482521025491,
193,77.4527,-0.163465,0.0434886,0.618235,24.5238,34.5229,0.0,0.19901776313781738,1.0,0.0,3,75.69584607760801,-0.23975236514749998,-0.16972099244594574,-0.0,-1.0,0.0,0.0,74.40517741472674,
194,78.0772,0.558925,0.0491141,0.614784,25.0106,35.0096,0.0,0.9041557908058167,1.0,0.0,3,76.06647525726774,-0.24022163328,-0.7051380276679993,-0.0,-1.0,0.0,0.0,74.61471221568733,
195,78.629,0.766318,0.0470903,0.611638,25.501,35.5,0.0,-0.9261609315872192,1.0,0.0,3,76.69118889343297,-0.24059786455400003,-1.8303167223930359,-0.0,-1.0,0.0,0.0,74.90149601216105,
196,79.2073,0.820812,0.0417925,0.608793,25.995,35.994,0.0,1.0,1.0,0.0,3,77.48348404420302,-0.24118156579350003,-1.9261609315872192,-0.0,-1.0,0.0,0.0,75.66445419893336,
197,79.7252,0.819565,0.0321823,0.606578,26.4924,36.4914,0.0,0.650565505027771,1.0,0.0,3,78.40126913250221,-0.24184103191200002,-0.349434494972229,-0.0,-1.0,0.0,0.0,77.05459775209853,
198,80.2281,0.563749,0.019461,0.605125,26.9931,36.9921,0.0,-0.5442014932632446,1.0,0.0,3,79.43229781303907,-0.24276641068750002,-1.1947669982910156,-0.0,-1.0,0.0,0.0,77.83110130286427,
199,80.4988,-0.226821,0.00960974,0.604111,27.4964,37.4954,0.0,-0.28730079531669617,1.0,0.0,4,80.1083027970367,-0.24316795315499998,-0.25690069794654846,-0.0,-1.0,0.0,0.0,78.78806463449774,
200,80.4205,-0.341059,0.00722295,0.603035,27.9999,37.999,0.0,0.07805824279785156,1.0,0.0,4,80.12796810004923,-0.24249109231250002,-0.36535903811454773,-0.0,-1.0,0.0,0.0,78.77586929630236,
201,80.3703,-0.513092,0.0078661,0.601995,28.503,38.502,0.0,-0.03826308250427246,1.0,0.0,4,80.05171638678661,-0.24191657376749998,-0.11632132530212402,-0.0,-1.0,0.0,0.0,78.77490341542847,
202,80.6939,-0.847059,0.014058,0.600459,29.0067,39.0058,0.0,-0.3188946843147278,1.0,0.0,4,80.11874772894699,-0.2422671031815,-0.2806316018104553,-0.0,-1.0,0.0,0.0,78.79229114522235,
203,81.1681,-0.793299,0.0253708,0.59801,29.5131,39.5121,0.0,-0.17889264225959778,1.0,0.0,4,80.1124390027661,-0.242696677405,-0.14000204205513,-0.0,-1.0,0.0,0.0,78.82774171274457,
204,81.7015,-0.122235,0.0348428,0.595001,30.0224,40.0214,0.0,0.19385740160942078,1.0,0.0,4,80.2288448279084,-0.24306237100749997,-0.37275004386901855,-0.0,-1.0,0.0,0.0,78.8739574437402,
205,82.2203,-0.0685022,0.0389236,0.591957,30.5349,40.534,0.0,-1.0,1.0,0.0,4,80.55827305510878,-0.24335441063549998,-1.1938574016094208,-0.0,-1.0,0.0,0.0,78.95676142399046,
206,82.6917,-0.462628,0.0472222,0.588086,31.0505,41.0495,0.0,-0.722408652305603,1.0,0.0,4,80.6478020833662,-0.243149155431,-0.277591347694397,-0.0,-1.0,0.0,0.0,79.32137552362688,
207,83.0987,-0.631451,0.0602941,0.583033,31.5681,41.5671,0.0,-0.7870625257492065,1.0,0.0,4,80.44403508086633,-0.2422464217855,-0.06465387344360352,-0.0,-1.0,0.0,0.0,79.18239249704776,
208,83.4053,-0.609165,0.0766317,0.576655,32.0873,42.0863,0.0,-0.3071722984313965,1.0,0.0,4,79.96790636032301,-0.2404804163575,-0.47989022731781006,-0.0,-1.0,0.0,0.0,78.58345887577018,
209,83.8016,-0.134636,0.0907573,0.569115,32.5985,42.5975,0.0,0.828911304473877,1.0,0.0,4,79.65911957891079,-0.23846373792,-1.1360836029052734,-0.0,-1.0,0.0,0.0,78.07983076011921,
210,84.3607,0.695395,0.096493,0.561407,33.1104,43.1095,0.0,1.0,1.0,0.0,4,79.90447226187388,-0.2368034375245,-0.17108869552612305,-0.0,-1.0,0.0,0.0,78.61634221569155,
211,84.8349,1.07609,0.0926045,0.554147,33.6258,43.6248,0.0,1.0,1.0,0.0,4,80.54897013836661,-0.2350550266515,-0.0,-0.0,-1.0,0.0,0.0,79.31391511171512,
212,85.1402,1.12642,0.081934,0.547661,34.1439,44.143,0.0,1.0,1.0,0.0,4,81.37054172364722,-0.23313983536099997,-0.0,-0.0,-1.0,0.0,0.0,80.13740188828622,
213,85.3625,0.965339,0.0670378,0.542186,34.664,44.663,0.0,-0.7792771458625793,1.0,0.0,4,82.31164497331883,-0.23141176212499998,-1.7792771458625793,-0.0,-1.0,0.0,0.0,80.54645006743506,
214,85.5961,0.669431,0.0494515,0.537857,35.1858,45.1848,0.0,0.6675376296043396,1.0,0.0,4,83.37589552723634,-0.23019230778850003,-1.446814775466919,-0.0,-1.0,0.0,0.0,81.71165878680776,
215,85.8415,0.290352,0.0298943,0.534782,35.7094,45.7084,0.0,0.728685200214386,1.0,0.0,4,84.52025122908498,-0.22953244526499997,-0.06114757061004639,-0.0,-1.0,0.0,0.0,83.27237451263697,
216,86.0958,-0.193324,0.00911292,0.53303,36.2346,46.2337,0.0,-0.7967953681945801,1.0,0.0,4,85.6999384592787,-0.22945822137,-1.525480568408966,-4.542842972066296,-1.0,0.0,0.0,82.87712532436944,
217,86.4789,-1.12801,-0.00909345,0.532353,36.7619,46.761,0.0,-0.8551338911056519,1.0,0.0,4,86.08213416082646,-0.23018650925849998,-0.05833852291107178,-14.883537021661795,-1.0,0.0,0.0,81.11356183927919,
218,87.0025,-1.93818,-0.0158847,0.531865,37.2922,47.2913,0.0,-1.0,1.0,0.0,4,86.30054858791915,-0.23136792331250003,-0.14486610889434814,-18.260303351944003,-1.0,0.0,0.0,80.46064499395234,
219,87.4635,-2.00453,-0.0115176,0.531101,37.8257,47.8247,0.0,-0.32147151231765747,1.0,0.0,4,86.95402515622044,-0.2322597615675,-0.6785284876823425,-16.846584179497043,-1.0,0.0,0.0,81.30656080347397,
220,87.8866,-1.78561,-0.000121102,0.529781,38.3616,48.3606,0.0,-1.0,1.0,0.0,4,87.8812777340374,-0.232803254173,-0.6785284876823425,-11.636726557482078,-1.0,0.0,0.0,83.53573429418917,
221,88.2226,-1.41398,0.0160341,0.527535,38.8998,48.8988,0.0,-1.0,1.0,0.0,4,87.50400487516332,-0.23270254645500002,-0.0,-1.0781406236288547,-1.0,0.0,0.0,86.0017671728011,
222,88.4787,-0.932327,0.0348707,0.524154,39.4395,49.4385,0.0,-0.3288252353668213,1.0,0.0,4,86.8825674330015,-0.23188232259900002,-0.6711747646331787,-0.0,-1.0,0.0,0.0,85.44933268101254,
223,88.7359,-0.391156,0.0553191,0.519528,39.9803,49.9794,0.0,-0.7048465013504028,1.0,0.0,4,86.14701626552606,-0.230503923276,-0.37602126598358154,-0.0,-1.0,0.0,0.0,84.80370596245498,
224,89.0054,0.21922,0.0768294,0.513575,40.5223,50.5213,0.0,-0.43510904908180237,1.0,0.0,4,85.32708754876738,-0.228554741525,-0.26973745226860046,-0.0,-1.0,0.0,0.0,84.0176115715618,
225,89.3669,1.11696,0.0971688,0.506392,41.0657,51.0647,0.0,0.5425615310668945,1.0,0.0,4,84.61033273456732,-0.22627341612399998,-0.9776705801486969,-0.8754631261419803,-1.0,0.0,0.0,82.8718923628632,
226,89.7891,1.43103,0.112605,0.498287,41.6112,51.6102,0.0,-0.4760831892490387,1.0,0.0,4,84.17576945030912,-0.2237037063585,-1.0186447203159332,-5.314554721555325,-1.0,0.0,0.0,81.317833647467,
227,90.2295,1.69765,0.127782,0.488881,42.1584,52.1575,0.0,0.9770314693450928,1.0,0.0,4,83.74467988186194,-0.22055744094750002,-1.4531146585941315,-9.280182522951435,-1.0,0.0,0.0,79.76814241259834,
228,90.7565,2.40154,0.135636,0.478851,42.7084,52.7075,0.0,0.7822352647781372,1.0,0.0,4,83.78688025472478,-0.21729420390750004,-0.19479620456695557,-11.61643176651917,-1.0,0.0,0.0,79.6070392478174,
229,91.2578,2.47519,0.131449,0.468921,43.2617,53.2608,0.0,0.744674801826477,1.0,0.0,4,84.48990466509868,-0.21396349416899998,-0.037560462951660156,-11.578974707454435,-1.0,0.0,0.0,80.36992935518057,
230,91.6334,2.11768,0.11867,0.459523,43.8181,53.8171,0.0,0.9546079039573669,1.0,0.0,4,85.56462454470595,-0.210538274341,-0.2099331021308899,-9.595603832623581,-1.0,0.0,0.0,81.89220538156978,
231,91.9053,1.56062,0.101119,0.451019,44.3768,54.3758,0.0,-0.09118491411209106,1.0,0.0,4,86.79706069427881,-0.2072551825035,-1.045792818069458,-6.055216715241315,-1.0,0.0,0.0,83.76226348754415,
232,92.2043,0.846556,0.0814927,0.443578,44.9377,54.9367,0.0,0.3731318712234497,1.0,0.0,4,88.14547058876278,-0.204498994927,-0.46431678533554077,-1.2384426688012837,-1.0,0.0,0.0,86.4920658910348,
233,92.705,-0.280559,0.0634719,0.437035,45.5013,55.5004,0.0,-0.21569660305976868,1.0,0.0,4,89.57821700689269,-0.202576648375,-0.5888284742832184,-0.0,-1.0,0.0,0.0,88.19899181623272,
234,93.2598,-1.30708,0.0557941,0.430528,46.0685,56.0676,0.0,-0.5422121286392212,1.0,0.0,4,90.51435594499002,-0.20075477587200002,-0.3265155255794525,-0.0,-1.0,0.0,0.0,89.21564651144418,
235,93.7845,-1.31501,0.0582453,0.423702,46.6387,56.6378,0.0,-0.03330758213996887,1.0,0.0,4,90.89575318092733,-0.198683401095,-0.5089045464992523,-0.0,-1.0,0.0,0.0,89.54439841588255,
236,94.3873,-0.567249,0.059442,0.417123,47.2126,57.2116,0.0,0.12673702836036682,1.0,0.0,4,91.41696412042563,-0.1968555686895,-0.1600446105003357,-0.0,-1.0,0.0,0.0,90.17209516858603,
237,94.9745,-0.214513,0.0563218,0.411153,47.7902,57.7892,0.0,0.12319544702768326,1.0,0.0,4,92.15074976385203,-0.1952452529925,-0.0035415813326835632,-0.0,-1.0,0.0,0.0,90.95444203645972,
238,95.5495,-0.00373461,0.0499492,0.405858,48.3717,58.3707,0.0,0.22342266142368317,1.0,0.0,4,93.04501208729371,-0.193897644855,-0.10022721439599991,-0.0,-1.0,0.0,0.0,91.82104627811991,
239,96.088,0.0694209,0.0400145,0.401442,48.9568,58.9559,0.0,0.6501427888870239,1.0,0.0,4,94.08914047034274,-0.19286879448,-0.42672012746334076,-0.0,-1.0,0.0,0.0,92.76825563762374,
240,96.5149,-0.0911097,0.0268307,0.398097,49.5452,59.5442,0.0,-0.6695621013641357,1.0,0.0,4,95.18553637897712,-0.19211146072649998,-1.3197048902511597,-0.0,-1.0,0.0,0.0,93.59751345117527,
241,97.0417,-0.915105,0.0160193,0.395505,50.1364,60.1355,0.0,-0.698739767074585,1.0,0.0,4,96.25201213486261,-0.19190238779250002,-0.02917766571044922,-0.0,-1.0,0.0,0.0,95.05135644735698,
242,97.5735,-1.47502,0.0155184,0.392728,50.7311,60.7301,0.0,-1.0,1.0,0.0,4,96.8046894603006,-0.19159922754000003,-0.30126023292541504,-0.0,-1.0,0.0,0.0,95.52271216288297,
243,98.0247,-1.45634,0.0242184,0.389315,51.3287,61.3277,0.0,-1.0,1.0,0.0,4,96.80906948217078,-0.1908124304025,-0.0,-0.0,-1.0,0.0,0.0,95.61825705176828,
244,98.4048,-1.0752,0.0388768,0.384966,51.9286,61.9276,0.0,0.4185182750225067,1.0,0.0,4,96.41809452737739,-0.18941251118399996,-1.4185182750225067,-0.0,-1.0,0.0,0.0,94.80312653368664,
245,98.7395,-0.36713,0.056013,0.379536,52.5301,62.5292,0.0,0.9741607904434204,1.0,0.0,4,95.82074305988041,-0.18737597436000003,-0.5556425154209137,-1.2828758023601523,-1.0,0.0,0.0,94.14595538030412,
246,99.3032,0.519236,0.0694762,0.373408,53.1342,63.1333,0.0,-0.10581228882074356,1.0,0.0,4,95.61680098920435,-0.18540304652800002,-1.079973079264164,-6.854589410116063,-1.0,0.0,0.0,92.39375866636809,
247,99.8291,0.639621,0.0815016,0.366454,53.7416,63.7406,0.0,-0.7748222351074219,1.0,0.0,4,95.43411211976668,-0.182913865057,-0.6690099462866783,-11.32912033898539,-1.0,0.0,0.0,91.21821518607733,
248,100.316,0.881307,0.0953272,0.358267,54.3513,64.3503,0.0,-0.19709521532058716,1.0,0.0,4,95.08636221277422,-0.17969956186000002,-0.5777270197868347,-15.824921180990955,-1.0,0.0,0.0,89.77711424973043,
249,100.527,1.00444,0.109646,0.34886,54.9629,64.9619,0.0,-1.0,1.0,0.0,5,94.42316948973281,-0.17534924610000002,-0.8029047846794128,-19.72448518765026,-1.0,0.0,0.0,88.07582751131643,
250,100.33,1.14104,0.125054,0.338029,55.5732,65.5722,0.0,0.6209849119186401,1.0,0.0,5,93.28952057738248,-0.16957224785000002,-1.6209849119186401,-23.062671846374812,-1.0,0.0,0.0,85.86798489436318,
251,100.215,1.73027,0.137617,0.326148,56.1817,66.1808,0.0,-0.03256094455718994,1.0,0.0,5,92.39363991280493,-0.1634246091,-0.6535458564758301,-25.625660279098867,-1.0,0.0,0.0,84.62773647698745,
252,100.382,2.20768,0.141348,0.31389,56.7901,66.7891,0.0,0.2565394639968872,1.0,0.0,5,92.31009196940539,-0.15754452990000004,-0.28910040855407715,-26.787456724020643,-1.0,0.0,0.0,84.36895313593402,
253,100.802,2.16137,0.134062,0.301953,57.401,67.4,0.0,1.0,1.0,0.0,5,93.16088056524657,-0.15218733153000003,-0.7434605360031128,-26.2638379620211,-1.0,0.0,0.0,85.21969558241035,
254,101.173,1.65864,0.119081,0.290783,58.0147,68.0137,0.0,0.647368311882019,1.0,0.0,5,94.44685194854338,-0.147096942295,-0.35263168811798096,-24.10618223774904,-1.0,0.0,0.0,87.16741994037574,
255,101.448,0.93679,0.0998942,0.280683,58.631,68.6301,0.0,0.7285705208778381,1.0,0.0,5,95.88364311693707,-0.14237364492000001,-0.08120220899581909,-20.506598974319687,-1.0,0.0,0.0,89.59025906573841,
256,101.727,0.0900125,0.0788278,0.27184,59.2495,69.2486,0.0,0.16975261270999908,1.0,0.0,5,97.40580013583131,-0.13826733840000002,-0.558817908167839,-15.58714163002125,-1.0,0.0,0.0,92.20310201747566,
257,102.036,-0.745696,0.0573972,0.264294,59.8706,69.8696,0.0,0.4274786710739136,1.0,0.0,5,98.94128770200996,-0.13483751291999999,-0.2577260583639145,-9.24503492257449,-1.0,0.0,0.0,95.41787364093716,
258,102.392,-1.74166,0.0372083,0.258051,60.4942,70.4932,0.0,-1.0,1.0,0.0,5,100.41665287498594,-0.13211178995999998,-1.4274786710739136,-1.5165996290473345,-1.0,0.0,0.0,98.47714757644192,
259,102.84,-2.81994,0.026749,0.252338,61.1207,71.1197,0.0,-1.0,1.0,0.0,5,101.42794115748535,-0.1297521996,-0.0,-0.0,-1.0,0.0,0.0,100.29818895788534,
260,103.315,-2.48779,0.0278192,0.246678,61.75,71.749,0.0,1.0,1.0,0.0,5,101.83813946029726,-0.12742768785,-2.0,-0.0,-1.0,0.0,0.0,100.11071177244726,
261,103.809,-1.46361,0.0274578,0.241779,62.3825,72.3815,0.0,0.7793657183647156,1.0,0.0,5,102.34486575306998,-0.125494181055,-0.22063428163528442,-0.0,-1.0,0.0,0.0,101.15318128752439,
262,104.226,-0.857094,0.0221647,0.237966,63.018,73.017,0.0,0.5114337801933289,1.0,0.0,5,103.04542485245375,-0.12401122158,-0.2679319381713867,-0.0,-1.0,0.0,0.0,101.84103404942233,
263,104.543,-0.682195,0.0131951,0.235291,63.6558,73.6549,0.0,-0.36330851912498474,1.0,0.0,5,103.84419145147376,-0.122990135065,-0.8747422993183136,-0.0,-1.0,0.0,0.0,102.45877862661327,
264,104.916,-0.638134,0.00262527,0.233692,64.2959,74.2949,0.0,1.0,1.0,0.0,5,104.77792220196955,-0.12259014936000001,-1.3633085191249847,-5.609782671979701,-1.0,0.0,0.0,101.84389382887713,
265,105.323,-0.847933,-0.0104868,0.233317,64.9384,74.9374,0.0,-0.14151924848556519,1.0,0.0,5,104.76496821514263,-0.12286823195499999,-1.1415192484855652,-14.448845258401434,-1.0,0.0,0.0,99.6874328940416,
266,105.83,-1.70767,-0.0192463,0.233634,65.5836,75.5827,0.0,-0.9417564868927002,1.0,0.0,5,104.79204473544254,-0.1236274311,-0.800237238407135,-19.547663453056614,-1.0,0.0,0.0,98.54143026955624,
267,106.322,-1.9902,-0.0165219,0.233714,66.2322,76.2312,0.0,-1.0,1.0,0.0,5,105.42920803612205,-0.12424469954,-0.058243513107299805,-18.696935092748717,-1.0,0.0,0.0,99.61325650946267,
268,106.717,-1.65529,-0.00484301,0.233116,66.8834,76.8824,0.0,-1.0,1.0,0.0,5,106.45733375348227,-0.12438720085999999,-0.0,-12.464963417229015,-1.0,0.0,0.0,102.21670569831502,
269,106.986,-0.99728,0.012141,0.231497,67.5365,77.5355,0.0,0.2860419750213623,1.0,0.0,5,106.32867246338405,-0.12383469021000001,-1.2860419750213623,-0.0,-1.0,0.0,0.0,104.81902518066764,
270,107.186,-0.215436,0.0317973,0.228628,68.1908,78.1898,0.0,-0.7372978329658508,1.0,0.0,5,105.4279928315876,-0.12252860404,-1.0233398079872131,-4.886932555570198,-1.0,0.0,0.0,102.77672914625889,
271,107.382,0.653801,0.0529527,0.224364,68.846,78.845,0.0,0.5196247696876526,1.0,0.0,5,104.38973129185575,-0.12046327524,-1.2569226026535034,-14.43845584549726,-1.0,0.0,0.0,99.2825772744454,
272,107.669,1.87836,0.0724086,0.218831,69.5023,79.5013,0.0,0.06850814819335938,1.0,0.0,5,103.4921933354265,-0.11780657469499999,-0.4511166214942932,-21.474828503314683,-1.0,0.0,0.0,96.87034464845456,
273,108.144,2.52723,0.0836111,0.21262,70.1609,80.1599,0.0,-0.02505841851234436,1.0,0.0,5,103.2504591209769,-0.11496788640000002,-0.09356656670570374,-25.34504348483611,-1.0,0.0,0.0,95.77116039335615,
274,108.687,2.44238,0.0905466,0.205571,70.8224,80.8214,0.0,-0.043491870164871216,1.0,0.0,5,103.32786084580329,-0.111714476385,-0.018433451652526855,-27.91942234658761,-1.0,0.0,0.0,95.23076074727562,
275,109.237,2.59573,0.0922663,0.197902,71.487,81.486,0.0,1.0,1.0,0.0,5,103.74005889197994,-0.10809110387,-1.0434918701648712,-29.15131588604615,-1.0,0.0,0.0,95.03109125554894,
276,109.731,2.31796,0.0837506,0.190503,72.1549,82.1539,0.0,0.6002050042152405,1.0,0.0,5,104.75674060255497,-0.104520423465,-0.3997949957847595,-27.72761470402577,-1.0,0.0,0.0,96.6003780043481,
277,110.167,1.50871,0.068562,0.183822,72.8258,82.8249,0.0,-0.20708391070365906,1.0,0.0,5,106.13449098444633,-0.10125559137000002,-0.8072889149188995,-24.054896321132645,-1.0,0.0,0.0,98.77732463831748,
278,110.704,0.194605,0.0551796,0.177639,73.4998,83.4988,0.0,0.0579720064997673,1.0,0.0,5,107.48275613385198,-0.09832673927999999,-0.26505591720342636,-20.362727040183884,-1.0,0.0,0.0,101.21423085936499,
279,111.225,-0.095601,0.0445053,0.171914,74.1772,84.1763,0.0,1.0,1.0,0.0,5,108.64063128093026,-0.09560567325000001,-0.9420279935002327,-17.010096720317108,-1.0,0.0,0.0,103.00989302955091,
280,111.696,-0.582742,0.0314743,0.167232,74.8579,84.8569,0.0,-1.0,1.0,0.0,5,109.88319327307163,-0.09339572735999999,-2.0,-11.827374296028268,-1.0,0.0,0.0,105.23295397170456,
281,112.211,-0.921896,0.0196192,0.163424,75.5419,85.5409,0.0,0.22800302505493164,1.0,0.0,5,111.08873054411242,-0.09168985232,-1.2280030250549316,-6.122584044251084,-1.0,0.0,0.0,108.09799377321318,
282,112.677,-1.13825,0.0061179,0.160805,76.229,86.2281,0.0,0.4622464179992676,1.0,0.0,5,112.33022017069734,-0.090595124925,-0.23424339294433594,-5.948214754406592,-1.0,0.0,0.0,109.6822983392874,
283,113.046,-1.49285,-0.00917017,0.159539,76.919,86.918,0.0,0.34233883023262024,1.0,0.0,5,112.52292864575047,-0.09017622897,-0.11990758776664734,-17.111722497117853,-1.0,0.0,0.0,107.11884951617101,
284,113.451,-2.19225,-0.0238388,0.159565,77.6112,87.6102,0.0,-1.0,1.0,0.0,5,112.06662531044199,-0.090514044075,-1.3423388302326202,-25.332261924605376,-1.0,0.0,0.0,104.24034413614586,
285,113.931,-2.92751,-0.0285808,0.159982,78.3064,88.3054,0.0,-0.5457687377929688,1.0,0.0,5,112.25657229465794,-0.09113454621000001,-0.45423126220703125,-27.976733090206622,-1.0,0.0,0.0,104.03498509723418,
286,114.367,-2.67805,-0.0207608,0.160085,79.0042,89.0033,0.0,-1.0,1.0,0.0,5,113.15526425045847,-0.091542205975,-0.45423126220703125,-24.795540259745678,-1.0,0.0,0.0,105.72856760088494,
287,114.717,-1.82564,-0.00477956,0.159422,79.7046,89.7036,0.0,-0.39228272438049316,1.0,0.0,5,114.44154234532667,-0.09144206787,-0.6077172756195068,-15.998418162536396,-1.0,0.0,0.0,109.16818055413671,
288,115.128,-0.405939,0.0131215,0.157853,80.4068,90.4058,0.0,0.7463313937187195,1.0,0.0,5,114.3627847801177,-0.09086650092,-1.1386141180992126,-5.236431624623705,-1.0,0.0,0.0,111.62122613761201,
289,115.704,1.01723,0.022028,0.156169,81.1122,91.1113,0.0,0.8926587700843811,1.0,0.0,5,114.40166865009013,-0.09034688988,-0.14632737636566162,-11.339109351851462,-1.0,0.0,0.0,110.43264620933758,
290,116.233,1.40862,0.0193682,0.154947,81.8211,91.8201,0.0,0.39435988664627075,1.0,0.0,5,115.08565798124617,-0.090049773255,-0.49829888343811035,-10.383544640040782,-1.0,0.0,0.0,111.25023238294953,
291,116.713,1.10015,0.00879574,0.154466,82.533,92.532,0.0,0.3967899978160858,1.0,0.0,5,116.19520329312161,-0.09014095129,-0.0024301111698150635,-7.259382426161892,-1.0,0.0,0.0,113.28948770194019,
292,117.209,0.154281,-0.00507833,0.15486,83.2479,93.2469,0.0,0.01197534054517746,1.0,0.0,5,116.90987691499535,-0.0907549287,-0.38481465727090836,-18.42013423062295,-1.0,0.0,0.0,111.09864403145835,
293,117.76,-0.358481,-0.0166033,0.155864,83.966,93.9651,0.0,0.7618943452835083,1.0,0.0,5,116.76621155978724,-0.0917727232,-0.7499190047383308,-25.83467378355408,-1.0,0.0,0.0,108.99079468927722,
294,118.272,-0.978821,-0.0297916,0.157954,84.6873,94.6863,0.0,-1.0,1.0,0.0,5,116.45802288553124,-0.09340767744,-1.7618943452835083,-32.73699663880291,-1.0,0.0,0.0,106.65179774480546,
295,118.85,-1.91807,-0.0354801,0.160404,85.412,95.411,0.0,-1.0,1.0,0.0,5,116.66723881508848,-0.09532007699999999,-0.0,-35.77064516379535,-1.0,0.0,0.0,106.62925744713965,
296,119.376,-1.94654,-0.0296691,0.162449,86.1401,96.1391,0.0,-1.0,1.0,0.0,5,117.55283371761156,-0.09696255912000001,-0.0,-34.017274611203334,-1.0,0.0,0.0,107.95155250569073,
297,119.752,-1.31729,-0.0159114,0.163683,86.8711,96.8701,0.0,-0.47915494441986084,1.0,0.0,5,118.78417056737989,-0.09800683308,-0.5208450555801392,-27.88582777104513,-1.0,0.0,0.0,110.55845327486456,
298,120.113,-0.405141,0.00216606,0.163803,87.6041,97.6031,0.0,-0.582184910774231,1.0,0.0,5,119.98263234540036,-0.098374348695,-0.10302996635437012,-16.72925659708389,-1.0,0.0,0.0,114.67103485752807,
299,120.427,0.660857,0.0230705,0.162568,88.3392,98.3382,0.0,-1.0,1.0,0.0,5,119.00592058247223,-0.09788788268000001,-0.41781508922576904,-16.361051678755175,-1.0,0.0,0.0,113.6924252533357,
300,120.623,1.78111,0.0454881,0.159787,89.0756,99.0747,0.0,-1.0,1.0,0.0,5,117.75571740718975,-0.09636993650500002,-0.0,-27.29531921878697,-1.0,0.0,0.0,109.83551766598801,
301,120.779,2.92719,0.0686345,0.155354,89.813,99.812,0.0,0.4248223900794983,1.0,0.0,5,116.35308541115415,-0.09381750383,-1.4248223900794983,-35.73065610077995,-1.0,0.0,0.0,105.89915716510532,
302,120.934,4.0639,0.0918696,0.14922,90.5509,100.55,0.0,-0.4765085279941559,1.0,0.0,5,114.87674771216724,-0.0902288574,-0.9013309180736542,-42.397139864137685,-1.0,0.0,5.0,107.91683461331073,
303,120.87,5.09855,0.114214,0.141349,91.289,101.288,0.0,0.17966413497924805,0.0,0.0,5,113.19496603661177,-0.08542426815000001,-0.6561726629734039,-47.46059460804767,-1.0,0.0,0.0,100.04754131755783,
304,120.621,6.30107,0.129147,0.132209,92.0255,102.025,0.0,0.6973594427108765,0.0,0.0,5,111.84919532672251,-0.079735908945,-0.5176953077316284,-50.269778262207836,-1.0,0.0,0.0,98.04670625990607,
305,120.653,6.28146,0.127432,0.122801,92.7612,102.76,0.0,1.0,1.0,0.0,5,112.00795083244914,-0.074081545265,-0.30264055728912354,-50.2948192389826,-1.0,0.0,0.0,98.26937231025175,
306,121.129,4.92426,0.110861,0.113636,93.4988,103.498,0.0,1.0,1.0,0.0,5,113.68491825908396,-0.06882307522,-0.0,-47.95398787154183,-1.0,0.0,0.0,100.62759821597851,
307,121.513,2.91903,0.0853763,0.105233,94.2391,104.238,0.0,1.0,1.0,0.0,5,115.8895421414366,-0.063935887645,-0.0,-42.91254198606728,-1.0,0.0,0.0,104.09747075727478,
308,121.758,0.800472,0.0564766,0.0980606,94.9816,104.981,0.0,0.17991790175437927,1.0,0.0,5,118.1274601114202,-0.05969831267399999,-0.8200820982456207,-34.96920809689766,-1.0,0.0,0.0,108.07943514504811,
309,121.983,-1.30205,0.0274178,0.0923468,95.7259,105.725,0.0,-1.0,1.0,0.0,5,120.26511013952931,-0.056323698522000004,-1.1799179017543793,-23.38293509129926,-1.0,0.0,0.0,113.00907729765619,
310,122.254,-3.03581,0.000274912,0.0881444,96.4721,106.471,0.0,0.9603487253189087,1.0,0.0,5,122.2371908346164,-0.053880027388000004,-1.9603487253189087,-15.77031110822655,-1.0,0.0,0.0,116.65262841257608,
311,122.486,-4.56035,-0.0259305,0.0856675,97.2202,107.219,0.0,-0.829113245010376,1.0,0.0,5,120.85693942457061,-0.052465347025,-1.7894619703292847,-31.581425857661046,-1.0,0.0,0.0,111.37227902203156,
312,122.715,-5.85501,-0.0504925,0.0849295,97.9702,107.969,0.0,0.4043996334075928,1.0,0.0,5,119.4618254337174,-0.0521106179625,-1.2335128784179688,-41.55072214329755,-1.0,0.0,0.0,107.65198041640512,
313,122.945,-7.04971,-0.073279,0.085967,98.7219,108.721,0.0,-0.7614022493362427,1.0,0.0,5,118.11443903257094,-0.052846064075,-1.1658018827438354,-48.52816319541658,-1.0,0.0,0.0,104.57981160481864,
314,123.275,-8.32011,-0.0873828,0.0881877,99.4755,109.475,0.0,-1.0,1.0,0.0,5,117.42544511584148,-0.0543566935875,-0.23859775066375732,-52.336220760433164,-1.0,0.0,0.0,103.21545390694658,
315,123.195,-7.90492,-0.0848157,0.0907787,100.231,110.23,0.0,-1.0,1.0,0.48896563053131104,5,117.53397795942774,-0.0559174097325,-0.0,-51.77624616040964,-1.0,0.0,0.0,103.53399900959283,
316,122.919,-5.97186,-0.0689771,0.0935603,100.983,110.982,0.0,-0.36848026514053345,1.0,0.0,5,118.390764206137,-0.0575016925785,-0.6315197348594666,-47.67976555413392,-1.0,0.0,0.0,105.22386520456718,
317,123.134,-3.87799,-0.0457122,0.0960444,101.735,111.735,0.0,-1.0,1.0,0.0,5,120.19198870722946,-0.05913165574800001,-0.6315197348594666,-40.819772797164646,-1.0,0.0,0.0,108.73845793173244,
318,123.398,-1.67213,-0.0169002,0.0974444,102.489,112.488,0.0,-1.0,1.0,0.0,5,122.33770234708767,-0.060122220356000004,-0.0,-28.507435664024,-1.0,0.0,0.0,114.15072121072566,
319,123.595,0.599038,0.0143012,0.0973539,103.244,113.243,0.0,-0.8875263333320618,1.0,0.0,5,122.69861284204958,-0.0601622763525,-0.11247366666793823,-17.363953690552393,-1.0,0.0,0.0,117.26372004305861,
320,123.75,2.82157,0.0459332,0.0955904,104.0,113.999,0.0,-0.04468254745006561,1.0,0.0,5,120.77835798979763,-0.05914656000000001,-0.8428437858819962,-33.21582523709624,-1.0,0.0,0.0,111.16240198475897,
321,123.907,4.99084,0.0762396,0.0921038,104.756,114.756,0.0,0.8189369440078735,1.0,0.0,5,118.8283354209693,-0.057061527732999995,-0.8636194914579391,-43.38646348911975,-1.0,0.0,0.0,106.66557217351898,
322,124.208,7.18517,0.0983269,0.0873932,105.515,115.514,0.0,0.6306874752044678,1.0,0.0,5,117.51139222295137,-0.054274672928000006,-0.18824946880340576,-49.28089942884483,-1.0,0.0,0.0,104.08041785217114,
323,124.628,7.79568,0.10347,0.0822721,106.276,116.275,0.0,0.3665056824684143,1.0,0.0,5,117.52532778135088,-0.051267036394,-0.26418179273605347,-50.98455629996653,-1.0,0.0,0.0,103.64866713214444,
324,125.14,6.63258,0.0929336,0.0769699,107.04,117.039,0.0,0.47763386368751526,1.0,0.0,5,118.79350456394863,-0.048160066429999995,-0.11112818121910095,-49.35869359795913,-1.0,0.0,0.0,105.37233264366311,
325,125.675,4.54491,0.0709196,0.071907,107.807,117.806,0.0,1.0,1.0,0.0,5,120.90640995102333,-0.045184561125,-0.5223661363124847,-44.41904883333159,-1.0,0.0,0.0,108.5997533406717,
326,126.07,2.19886,0.0426717,0.0677476,108.576,118.575,0.0,1.0,1.0,0.0,5,123.2662442412433,-0.04270469966,-0.0,-35.412799513772754,-1.0,0.0,0.0,113.3703396631401,
327,126.317,-0.121434,0.0124122,0.0649655,109.348,119.347,0.0,0.15953853726387024,1.0,0.0,5,125.52335395068752,-0.04103123531749999,-0.8404614627361298,-20.750209767465222,-1.0,0.0,0.0,119.04263183468288,
328,126.527,-2.37741,-0.0176551,0.0637625,110.12,120.119,0.0,-0.40718838572502136,1.0,0.0,5,125.39041572245112,-0.040338389187500004,-0.5667269229888916,-30.29897081930858,-1.0,0.0,0.0,116.60531655153981,
329,126.853,-4.78501,-0.0419935,0.06383,110.895,120.894,0.0,-1.0,1.0,0.0,5,124.07844874812591,-0.040485134949999994,-0.5928116142749786,-41.70921572892122,-1.0,0.0,0.0,112.43281619666311,
330,127.272,-5.96195,-0.0503673,0.0642592,111.672,121.671,0.0,-1.0,1.0,0.0,5,123.90677969752248,-0.040891984512000004,-0.0,-45.15358793546967,-1.0,0.0,0.0,111.57749072914307,
331,127.713,-5.31269,-0.0421278,0.0646335,112.452,122.451,0.0,-1.0,1.0,0.0,5,124.91034912727356,-0.041272690927499994,-0.0,-42.6566139963612,-1.0,0.0,0.0,113.20492293725576,
332,128.175,-3.57816,-0.0221697,0.0645243,113.235,123.234,0.0,-0.43973517417907715,1.0,0.0,5,126.72281830056062,-0.04135201076250001,-0.5602648258209229,-34.369993737007846,-1.0,0.0,0.0,116.92088840779988,
333,127.583,-1.47977,0.00193006,0.0635002,114.017,124.016,0.0,-1.0,1.0,1.0,5,127.45964102229165,-0.040507730083,-0.5602648258209229,-19.79667804772258,-1.0,0.0,0.0,121.30188433253173,
334,126.743,0.347686,0.0239377,0.0614791,114.794,124.793,0.0,0.7435224652290344,1.0,0.0,5,125.18986592425819,-0.0389602278565,-1.7435224652290344,-27.76402041342314,-1.0,0.0,0.0,116.68684385347717,
335,126.466,1.69606,0.0450211,0.0583097,115.567,125.566,0.0,-0.8144090175628662,1.0,0.0,5,123.49199710333149,-0.036870972600999995,-1.5579314827919006,-37.13440200690464,-1.0,0.0,0.0,112.70414618416676,
336,126.391,3.00639,0.0677711,0.0536423,116.339,126.338,0.0,0.6784794926643372,1.0,0.0,5,121.82130821983623,-0.0338995196965,-1.4928885102272034,-44.919660254050086,-1.0,0.0,0.0,109.10962708355903,
337,126.419,4.48338,0.0906727,0.0474127,117.111,127.11,0.0,0.7179778814315796,1.0,0.0,5,120.176150806415,-0.0299693306065,-0.03949838876724243,-51.16483865326782,-1.0,0.0,0.0,106.34312229586135,
338,126.779,6.06693,0.104984,0.0402346,117.884,127.883,0.0,0.7800954580307007,1.0,0.0,5,119.4383198126751,-0.025504511767000002,-0.062117576599121094,-54.8900856946636,-1.0,0.0,0.0,104.67165860426248,
339,127.247,6.0108,0.10263,0.0329076,118.66,128.659,0.0,1.0,1.0,0.0,5,120.05922388894702,-0.020936966886,-0.21990454196929932,-55.12939604645756,-1.0,0.0,0.0,105.18996654785585,
340,127.791,4.48498,0.0865911,0.0257679,119.439,129.438,0.0,0.4535054564476013,1.0,0.0,5,121.78633955792928,-0.0164645285445,-0.5464945435523987,-52.36119156858476,-1.0,0.0,0.0,107.51562877417288,
341,128.262,2.51458,0.0634732,0.0192781,120.221,130.22,0.0,0.564111590385437,1.0,0.0,5,123.9358457038764,-0.012363238311,-0.1106061339378357,-46.85652598258518,-1.0,0.0,0.0,111.17616912973774,
342,128.672,0.521938,0.0375029,0.0139567,121.005,131.004,0.0,0.6307151913642883,1.0,0.0,5,126.16930308155565,-0.008979182512000002,-0.06660360097885132,-38.23394606251193,-1.0,0.0,0.0,115.58185630312201,
343,129.037,-1.46763,0.0107467,0.0100662,121.792,131.791,0.0,-0.22186832129955292,1.0,0.0,5,128.33620111163864,-0.006494561247000001,-0.8525835126638412,-28.13562240781846,-1.0,0.0,0.0,120.04002589463789,
344,129.419,-3.61113,-0.0108652,0.00738192,122.582,132.581,0.0,-1.0,1.0,0.0,5,128.7082931262568,-0.0047768035224000005,-0.7781316787004471,-23.513442072193413,-1.0,0.0,0.0,121.59171630107592,
345,129.935,-4.66752,-0.0173875,0.00498327,123.375,133.374,0.0,-1.0,1.0,0.0,5,128.78579369701288,-0.0032375059372499997,-0.0,-23.100151752810547,-1.0,0.0,0.0,122.00751825287298,
346,130.448,-4.11701,-0.00891343,0.00236114,124.171,134.17,0.0,-1.0,1.0,0.0,5,129.86145617732365,-0.0015400299536,-0.0,-25.87111536481879,-1.0,0.0,0.0,122.39213730616535,
347,130.781,-2.64421,0.00990421,-0.000928958,124.97,134.969,0.0,-1.0,1.0,0.0,5,130.1269550217109,-0.0006074502809900001,-0.0,-31.166181825192297,-1.0,0.0,0.0,121.33480211513182,
348,130.854,-0.902828,0.0336227,-0.00538524,125.769,135.768,0.0,-0.20691633224487305,0.6065225601196289,0.0,5,128.58062472671776,-0.003523400974800001,-0.793083667755127,-39.6243206187811,-1.0,0.0,0.0,117.43309607072112,
349,131.018,0.879476,0.0588465,-0.0113173,126.568,136.567,0.0,-0.4722459316253662,1.0,0.0,5,126.93846280050107,-0.007413850057000001,-0.26532959938049316,-49.42302956676804,-1.0,0.0,0.0,113.49569267893791,
350,131.351,2.84576,0.0843314,-0.0187937,127.368,137.368,0.0,1.0,1.0,0.0,5,125.35226228908101,-0.0123428564435,-1.4722459316253662,-57.043379933145474,-1.0,0.0,0.0,109.63740066986352,
351,131.777,4.80587,0.100565,-0.0271771,128.171,138.17,0.0,0.4246135354042053,1.0,0.0,5,124.49629591895727,-0.017906583533499998,-0.5753864645957947,-61.36951176188714,-1.0,0.0,0.0,107.96339545557325,
352,131.858,4.94125,0.0998403,-0.0356888,128.976,138.975,0.0,0.42891794443130493,0.0,0.0,5,124.62991883518488,-0.023529268952000002,-0.004304409027099609,-61.611143842588945,-1.0,0.0,0.0,108.20231228287751,
353,132.087,3.72326,0.0852158,-0.0439122,129.781,139.781,0.0,0.854989230632782,1.0,0.0,5,125.9865592003722,-0.029001153807,-0.42607128620147705,-58.94446517928161,-1.0,0.0,0.0,110.09362036588435,
354,132.478,1.9071,0.0624093,-0.0512468,130.589,140.588,0.0,0.757847249507904,1.0,0.0,5,128.08884148394358,-0.033945367852,-0.09714198112487793,-53.62576350667028,-1.0,0.0,0.0,113.61931264508655,
355,132.416,-0.0191689,0.0363357,-0.0572225,131.398,141.397,0.0,-0.16233721375465393,0.0,0.0,5,129.92341162403045,-0.037885872800000005,-0.920184463262558,-44.74353682027635,-1.0,0.0,0.0,117.4235862071826,
356,132.596,-1.94471,0.00930031,-0.0615656,132.207,142.206,0.0,0.9164619445800781,1.0,0.0,5,131.9736824813805,-0.040816761488,-1.078799158334732,-37.37586767495017,-1.0,0.0,0.0,121.26525905365455,
357,132.886,-3.92421,-0.0186707,-0.0641859,133.019,143.018,0.0,-1.0,1.0,0.0,5,131.62237372552386,-0.042647037537,-1.9164619445800781,-32.27496283210276,-1.0,0.0,0.0,121.93604739658714,
358,133.136,-5.97588,-0.0449346,-0.0651011,133.832,143.831,0.0,-1.0,1.0,0.0,5,130.01141399410596,-0.043336500247999996,-0.0,-28.42955320707324,-1.0,0.0,0.0,121.86068919208967,
359,133.514,-7.71135,-0.059704,-0.0650606,134.648,144.647,0.0,-1.0,1.0,0.0,5,129.29281834565631,-0.04343250474200001,-0.0,-49.10519477210924,-1.0,0.0,0.0,115.97308714788701,
360,133.991,-7.46545,-0.0565128,-0.0648113,135.467,145.466,0.0,-1.0,1.0,0.0,5,129.99300530361077,-0.0434206544915,-0.0,-48.37715999734624,-1.0,0.0,0.0,116.8552946497827,
361,133.493,-5.37214,-0.0387673,-0.0646394,136.286,146.285,0.0,-1.0,1.0,1.0,5,130.80576552052307,-0.043144537121,-0.0,-31.348326130042395,-1.0,0.0,0.0,121.92553945089146,
362,132.798,-2.91736,-0.0156428,-0.0648611,137.1,147.099,0.0,-1.0,1.0,0.0,5,131.74312876453777,-0.043067121789000004,-0.0,-35.135765743354,-1.0,0.0,0.0,121.91612020691028,
363,132.577,-0.700502,0.00989792,-0.0660112,137.91,147.909,0.0,-1.0,1.0,0.0,5,131.91439829008908,-0.043757834312000005,-0.0,-40.31213778257728,-1.0,0.0,0.0,120.79260601013276,
364,132.451,1.44277,0.0372175,-0.0685345,138.72,148.719,0.0,-0.35435613989830017,1.0,0.0,5,129.89510026486207,-0.045387315297499994,-0.6456438601016998,-46.85229907527801,-1.0,0.0,0.0,116.94294502271458,
365,132.374,3.55216,0.0649389,-0.072613,139.529,149.528,0.0,-0.16285882890224457,1.0,0.0,5,127.79989276236628,-0.04806036631,-0.1914973109960556,-55.1455389250828,-1.0,0.0,0.0,112.90799847148676,
366,132.563,5.84218,0.0885027,-0.0780632,140.338,150.337,0.0,0.17393967509269714,1.0,0.0,5,126.18573703799879,-0.05174145990799999,-0.3367985039949417,-61.482065847444005,-1.0,0.0,8.0,117.6624395650313,
367,132.997,7.00682,0.0966327,-0.083971,141.15,151.149,0.0,1.0,1.0,0.0,5,125.96059461175201,-0.055839455435000004,-0.8260603249073029,-63.88095844668187,-1.0,0.0,0.0,108.68669744717435,
368,133.14,6.02919,0.087324,-0.0899347,141.963,151.962,0.0,0.631601095199585,0.26477885246276855,0.0,5,126.82692075072555,-0.05986952979,-0.36839890480041504,-62.25604977147506,-1.0,0.0,0.0,110.09251910662664,
369,133.485,3.79983,0.0661842,-0.0955848,142.778,152.777,0.0,0.24753893911838531,1.0,0.0,5,128.77867651419567,-0.06379568514,-0.38406215608119965,-57.56690729476932,-1.0,0.0,0.0,113.20793535853898,
370,133.672,1.04194,0.0471475,-0.101005,143.594,153.593,0.0,-0.3120124936103821,0.0,0.0,5,130.3734756616668,-0.0675077018,-0.5595514327287674,-52.94008809398851,-1.0,0.0,0.0,115.90308050655105,
371,134.103,-0.271173,0.0375853,-0.10658,144.411,154.41,0.0,0.04161854088306427,1.0,0.0,5,131.48873309402288,-0.07146348870000001,-0.35363103449344635,-51.61951801724179,-1.0,0.0,0.0,117.40630079066439,
372,134.219,-1.06574,0.0346656,-0.11218,145.231,155.23,0.0,-0.22382959723472595,0.0,0.0,5,131.8124371606155,-0.0752834371,-0.2654481381177902,-51.587954986639545,-1.0,0.0,0.0,117.76053053542027,
373,134.539,-0.557702,0.0378955,-0.118081,146.051,156.05,0.0,0.3306138515472412,1.0,0.0,5,131.89380668147612,-0.079432498295,-0.5544434487819672,-53.07013478143935,-1.0,0.0,0.0,117.38050745318668,
374,135.166,-0.272468,0.037264,-0.123611,146.875,156.874,0.0,0.023975908756256104,1.0,0.0,5,132.55433461497134,-0.08354002213,-0.3066379427909851,-54.04786392673954,-1.0,0.0,0.0,117.86683722831916,
375,135.799,0.0222636,0.0331706,-0.128678,147.702,157.701,0.0,0.8706353902816772,1.0,0.0,5,133.4724436435909,-0.08737171861,-0.8466594815254211,-54.35417696010384,-1.0,0.0,0.0,118.54252984049734,
376,136.384,-0.240806,0.0230567,-0.132764,148.534,158.533,0.0,0.2658194303512573,1.0,0.0,5,134.77560677746646,-0.09053442687999999,-0.6048159599304199,-53.531929416338656,-1.0,0.0,0.0,120.12064520852267,
377,136.845,-0.785434,0.00921936,-0.135666,149.369,159.368,0.0,0.5324399471282959,1.0,0.0,5,136.20838163791353,-0.09282606885,-0.2666205167770386,-52.070456651185665,-1.0,0.0,0.0,122.017955251234,
378,137.274,-1.62453,-0.00700219,-0.137168,150.206,160.205,0.0,-0.6300916075706482,1.0,0.0,5,136.79002930840343,-0.09414800016000001,-1.162531554698944,-50.35746072236884,-1.0,0.0,0.0,122.75775666124153,
379,137.766,-2.61859,-0.020921,-0.137513,151.047,161.046,0.0,0.07703736424446106,1.0,0.0,5,136.29485570075533,-0.09472307978999998,-0.7071289718151093,-49.23332128756071,-1.0,0.0,0.0,122.67966360753063,
380,138.283,-2.87787,-0.0327823,-0.136643,151.891,161.89,0.0,0.2062530815601349,1.0,0.0,5,135.94249028664365,-0.094477019845,-0.12921571731567383,-48.54610457788277,-1.0,0.0,0.0,122.67272240713326,
381,138.793,-3.55796,-0.0428198,-0.134535,152.738,162.737,0.0,-0.6104854941368103,1.0,0.0,5,135.6951422479541,-0.093362581275,-0.8167385756969452,-48.18282838555044,-1.0,0.0,0.0,122.31105099758241,
382,139.35,-3.66309,-0.0404031,-0.132255,153.588,163.587,0.0,-0.9989523887634277,1.0,0.0,5,136.42195711155404,-0.09214867125000001,-0.38846689462661743,-49.665753891778735,-1.0,0.0,0.0,122.79682989897137,
383,139.862,-2.45526,-0.0268618,-0.130465,154.442,164.441,0.0,-0.05779963731765747,1.0,0.0,5,137.93329724045674,-0.09123547914999999,-0.9411527514457703,-52.68515903865293,-1.0,0.0,0.0,123.38842617620978,
384,140.445,-0.427218,-0.0150203,-0.128856,155.298,165.297,0.0,0.11655247211456299,1.0,0.0,5,139.37443408446202,-0.0904859046,-0.17435210943222046,-55.53721943779239,-1.0,0.0,0.0,124.34733768758426,
385,141.059,0.575895,-0.0138209,-0.126686,156.158,166.157,0.0,0.5758640170097351,1.0,0.0,5,140.07077772792246,-0.08935100237,-0.4593115448951721,-56.87902138275396,-1.0,0.0,0.0,124.62387791639543,
386,141.62,0.418626,-0.0215122,-0.123665,157.022,167.021,0.0,0.10574916750192642,1.0,0.0,5,140.06407078818887,-0.0875671865,-0.4701148495078087,-56.91895396159502,-1.0,0.0,0.0,124.60573065643779,
387,142.239,-0.724572,-0.0277304,-0.12025,157.889,167.888,0.0,-0.16833701729774475,1.0,0.0,5,140.21239494698702,-0.08552119875,-0.2740861847996712,-57.25942598365181,-1.0,0.0,0.0,124.72979139688417,
388,142.302,-1.00778,-0.0241984,-0.117334,158.759,168.758,0.0,-0.2472618818283081,0.0,0.0,5,140.53876633891016,-0.08348431433999999,-0.07892486453056335,-58.38672844589013,-1.0,0.0,0.0,124.83492245373846,
389,142.53,-0.426339,-0.014593,-0.115162,159.629,169.628,0.0,-0.1581404209136963,1.0,0.0,5,141.4748907508549,-0.08207019930000001,-0.08912146091461182,-60.491765011672754,-1.0,0.0,0.0,125.24314286036233,
390,143.068,0.245351,-0.00119404,-0.113941,160.502,170.501,0.0,-0.6328074932098389,1.0,0.0,5,142.9824835746698,-0.08150655494000002,-0.4746670722961426,-63.40670701526369,-1.0,0.0,0.0,125.90690014422503,
391,143.492,1.3256,0.016192,-0.114091,161.377,171.376,0.0,0.7120238542556763,1.0,0.0,5,142.31152951311603,-0.08185572885999999,-1.3448313474655151,-66.72538225504525,-1.0,0.0,0.0,124.14487881625504,
392,144.006,2.90015,0.0289036,-0.115223,162.256,172.255,0.0,1.0,1.0,0.0,5,141.86499542690504,-0.08296401669000002,-0.28797614574432373,-69.49073444991288,-1.0,0.0,0.0,123.32295495401351,
393,144.617,3.2347,0.0273571,-0.11626,163.138,173.137,0.0,1.0,1.0,0.0,5,142.58498277435896,-0.0840658621,-0.0,-70.48593768466554,-1.0,0.0,0.0,123.87943249109257,
394,145.061,2.25488,0.0139537,-0.116684,164.024,174.023,0.0,0.9889223575592041,1.0,0.0,5,144.03484212862662,-0.08463148862000001,-0.011077642440795898,-69.83947116682619,-1.0,0.0,0.0,125.48701955556784,
395,145.408,0.663634,-0.00624098,-0.116003,164.912,174.911,0.0,1.0,1.0,0.0,5,144.95142693626997,-0.08433882111999999,-0.011077642440795898,-68.31353327248445,-1.0,0.0,0.0,126.78538150429661,
396,145.684,-1.16895,-0.0297607,-0.113851,165.801,175.8,0.0,-0.3071814179420471,1.0,0.0,5,143.45197973969826,-0.08293134542,-1.3071814179420471,-66.38506179777688,-1.0,0.0,0.0,125.38062851945142,
397,145.856,-3.01592,-0.0539906,-0.11001,166.692,176.691,0.0,0.19254732131958008,1.0,0.0,5,141.707953784503,-0.0802280928,-0.4997287392616272,-64.34260478179061,-1.0,0.0,0.0,124.39215587447684,
398,145.791,-4.94887,-0.0739721,-0.104655,167.583,177.582,0.0,-0.10033421218395233,0.0,0.0,5,140.00499007531198,-0.076288785525,-0.2928815335035324,-62.629181838057434,-1.0,0.0,0.0,123.18354137022155,
399,146.009,-5.74333,-0.0783199,-0.098791,168.474,178.473,0.0,-0.8125782608985901,0.8524360656738281,0.0,5,139.84955723918415,-0.072121875595,-0.7122440487146378,-63.048720347626585,-1.0,0.0,0.0,122.80158206206809,
400,146.519,-4.6469,-0.0661643,-0.0931414,169.368,179.367,0.0,-1.0,1.0,0.0,5,141.3547800715811,-0.068234923933,-0.1874217391014099,-65.6505735283541,-1.0,0.0,0.0,123.81767524382914,
401,146.958,-2.45396,-0.0434814,-0.088273,170.265,180.264,0.0,0.26849859952926636,1.0,0.0,5,143.62513699299598,-0.06486211767000001,-1.2684985995292664,-69.34424864110741,-1.0,0.0,0.0,124.84366313519034,
402,147.377,0.207577,-0.0181517,-0.0845748,171.164,181.163,0.0,-0.0673927366733551,1.0,0.0,5,146.01522337399678,-0.06232190149800001,-0.33589133620262146,-73.248754371225,-1.0,0.0,0.0,126.53994547883175,
403,147.907,2.55668,-0.00238112,-0.0814376,172.066,182.065,0.0,0.09472596645355225,1.0,0.0,5,147.73048871211822,-0.060225955516000004,-0.16211870312690735,-76.14820402347878,-1.0,0.0,0.0,127.58457613979445,
404,148.453,3.14445,-0.00123675,-0.0782782,172.972,182.971,0.0,0.7631984949111938,1.0,0.0,5,148.3610868663567,-0.05810316812300001,-0.6684725284576416,-77.48601049079227,-1.0,0.0,0.0,127.7309393169983,
405,147.946,2.20561,-0.0116336,-0.0746754,173.878,183.877,0.0,0.5305584669113159,1.0,1.0,5,147.07543567789222,-0.055239633642000005,-0.23264002799987793,-76.58725561642777,-1.0,0.0,0.0,126.8035901317433,
406,147.291,0.918333,-0.026007,-0.070481,174.78,184.779,0.0,1.0,1.0,0.0,5,145.3261090196151,-0.051906084855,-0.4694415330886841,-75.15552745008182,-1.0,0.0,0.0,125.34448861231304,
407,147.061,-0.445798,-0.0441178,-0.0651949,175.678,185.677,0.0,0.6357682943344116,1.0,0.0,5,143.6749532459941,-0.047938135944500006,-0.3642317056655884,-73.78579273314884,-1.0,0.0,0.0,124.07129741506273,
408,146.983,-1.94269,-0.0651381,-0.0584695,176.576,186.575,0.0,0.608220636844635,1.0,0.0,5,141.88757571554112,-0.0429701125925,-0.02754765748977661,-72.28610849841206,-1.0,0.0,0.0,122.76481418109864,
409,147.034,-3.5374,-0.0883013,-0.0500228,177.473,187.472,0.0,0.636590838432312,1.0,0.0,5,139.97793758278354,-0.036775261876,-0.028370201587677002,-70.70881149712108,-1.0,0.0,0.0,121.25544838615097,
410,147.127,-5.14931,-0.112428,-0.0396562,178.37,188.369,0.0,0.7070547342300415,1.0,0.0,5,137.9449476117805,-0.029172488687000002,-0.07046389579772949,-69.08630292469192,-1.0,0.0,0.0,119.62306022318117,
411,147.219,-6.69186,-0.136272,-0.0272771,179.267,189.266,0.0,0.05700984597206116,1.0,0.0,5,135.85428452054674,-0.0200785369245,-0.6500448882579803,-67.50367650445115,-1.0,0.0,0.0,117.76327339103204,
412,147.354,-8.04012,-0.158312,-0.012898,180.164,190.163,0.0,0.21623378992080688,1.0,0.0,5,133.89601705977398,-0.00950285946,-0.15922394394874573,-66.0393223581376,-1.0,0.0,0.0,116.32891642759495,
413,147.588,-9.27874,-0.176301,0.0033594,181.062,191.061,0.0,-1.0,1.0,0.0,5,132.3576019319227,-0.0024790356359999997,-1.2162337899208069,-64.94946177478694,-1.0,0.0,0.0,114.75288731561373,
414,147.982,-9.64328,-0.179686,0.0205413,181.961,191.96,0.0,-1.0,1.0,0.0,5,132.3757503161507,-0.015198713282999998,-0.0,-65.71011901992273,-1.0,0.0,0.0,114.93302184788699,
415,148.474,-7.78271,-0.164774,0.0379097,182.862,192.862,0.0,-0.894341766834259,1.0,0.0,5,134.285936369383,-0.028143023988999996,-0.10565823316574097,-68.72093109353095,-1.0,0.0,0.0,116.04586310206152,
416,148.962,-4.55769,-0.136173,0.0548062,183.767,193.766,0.0,-0.8833972215652466,1.0,0.0,5,137.47203993000232,-0.040820205822,-0.010944545269012451,-72.97934934868354,-1.0,0.0,0.0,118.18309902342875,
417,149.307,-0.96055,-0.0936599,0.0700099,184.677,194.676,0.0,0.3273268938064575,1.0,0.0,5,141.67078361676687,-0.052264840696499996,-1.210724115371704,-77.332404481859,-1.0,0.0,0.0,120.92220042099412,
418,149.555,2.63138,-0.0489746,0.0820465,185.592,195.591,0.0,-0.05980837345123291,1.0,0.0,5,145.7149467998725,-0.061352321537500004,-0.38713526725769043,-81.35751031012946,-1.0,0.0,0.0,124.19807632062535,
419,149.571,5.50393,-0.0165315,0.0913811,186.511,196.51,0.0,0.7584991455078125,0.0,0.0,5,148.31430211758834,-0.0683398125405,-0.8183075189590454,-83.94109218351743,-1.0,0.0,0.0,126.01519700348078,
420,149.222,5.96419,-0.00562619,0.0982196,187.346,197.345,0.0,1.0,0.0,0.0,5,148.79986482110152,-0.073282625756,-0.2415008544921875,-84.35925260212917,-1.0,0.0,0.0,126.56431878846557,
421,148.834,4.62828,-0.0102695,0.104015,188.179,198.178,0.0,1.0,0.0,0.0,5,148.06193990771786,-0.07740484254999999,-0.0,-83.50119047829031,-1.0,0.0,0.0,126.10923744559527,
422,148.408,2.36811,-0.0251402,0.109378,189.01,199.009,0.0,1.0,0.0,0.0,5,146.49579644339008,-0.08116285111999999,-0.0,-81.77460296818117,-1.0,0.0,0.0,124.97098285022477,
423,147.921,-0.18343,-0.0450207,0.11485,189.839,199.838,0.0,1.0,0.0,0.0,5,144.44248871550045,-0.08494363425,-0.0,-79.53763360143783,-1.0,0.0,0.0,123.47313668089097,
424,147.353,-2.76459,-0.0668847,0.120778,190.666,200.665,0.0,1.0,1.0,0.0,5,142.09936912182013,-0.08898500317,-0.0,-76.93559306109036,-1.0,0.0,10.0,131.77648585337755,
425,146.709,-5.45477,-0.0900302,0.127305,191.489,201.488,0.0,0.6546099781990051,1.0,0.0,5,139.51962884976044,-0.093383946225,-0.3453900218009949,-73.7715034704371,-1.0,0.0,0.0,119.87975202938586,
426,145.99,-8.23985,-0.113931,0.134432,192.309,202.308,0.0,1.0,1.0,0.0,5,136.74511593264657,-0.09812863840000001,-0.3453900218009949,-69.94218346329727,-1.0,0.0,0.0,118.05782442188195,
427,145.193,-11.0479,-0.138168,0.142155,193.126,203.125,0.0,1.0,1.0,0.0,5,133.8106781740637,-0.10319955457500002,-0.0,-65.30832312138956,-1.0,0.0,0.0,116.3803978391413,
428,144.33,-13.6747,-0.161756,0.150511,193.94,203.939,0.0,-0.3075018525123596,1.0,0.0,5,130.8236322394123,-0.10861626315000002,-1.3075018525123596,-59.79317252226697,-1.0,0.0,0.0,114.37447228994183,
429,143.412,-16.1642,-0.184406,0.159514,194.75,204.749,0.0,1.0,1.0,0.0,5,127.83229726189654,-0.11438110884,-1.3075018525123596,-53.18277191951603,-1.0,0.0,0.0,113.02997261742382,
430,142.445,-18.5478,-0.206285,0.169113,195.557,205.556,0.0,0.09549075365066528,1.0,0.0,5,124.83681089767693,-0.120446506425,-0.9045092463493347,-45.02916555815989,-1.0,0.0,0.0,112.18772022780716,
431,141.431,-20.8232,-0.227468,0.179277,196.36,206.359,0.0,-0.4704967737197876,1.0,0.0,5,121.84065340311757,-0.126776626935,-0.5659875273704529,-34.57997847938,-1.0,0.0,0.0,111.89908589812643,
432,140.376,-22.9614,-0.247931,0.189988,197.16,207.159,0.0,-0.8644933700561523,1.0,0.0,5,118.85956687915291,-0.13334877744,-0.39399659633636475,-61.91141435781363,-1.0,0.0,0.0,102.13016553335859,
433,139.293,-24.9515,-0.267506,0.201248,197.956,207.955,0.0,-1.0,1.0,1.0,5,115.92933552491152,-0.14016218832000002,-0.13550662994384766,-78.70916057066043,-1.0,0.0,0.0,95.07123120494325,
434,138.194,-26.7973,-0.286078,0.213031,198.748,208.747,0.0,-0.6945477724075317,1.0,1.0,5,113.07891346050923,-0.14719803006999999,-0.30545222759246826,-84.88657462604294,-1.0,0.0,0.0,90.61843610565074,
435,137.08,-28.4827,-0.303701,0.225319,199.536,209.535,0.0,-1.0,1.0,1.0,5,110.30954961400131,-0.15443364260000003,-0.30545222759246826,-87.469033470411,-1.0,0.0,0.0,87.19622193552081,
436,135.951,-30.0206,-0.32051,0.238105,200.32,210.319,0.0,-1.0,1.0,0.019905686378479004,5,107.6119529836564,-0.161853064275,-0.0,-88.9901993253948,-1.0,0.0,0.0,84.2025500880327,
437,134.803,-31.4882,-0.336864,0.251368,201.1,211.099,0.0,-1.0,1.0,0.0,5,104.94836215657566,-0.16942580252,-0.0,-89.98432532079958,-1.0,0.0,0.0,81.28285502385576,
438,133.643,-32.9166,-0.352884,0.265083,201.876,211.875,0.0,-1.0,1.0,0.0,5,102.314023857454,-0.17713243684500002,-0.0,-90.65250802793716,-1.0,0.0,0.0,78.4737644136247,
439,132.493,-34.2146,-0.368001,0.279224,202.649,212.648,0.0,-1.0,1.0,0.0,5,99.79013139759667,-0.18497612716,-0.0,-91.0728309998619,-1.0,0.0,0.0,75.8369475204712,
440,131.356,-35.3289,-0.382064,0.293798,203.416,213.416,0.0,-1.0,1.0,0.0,5,97.39769677697544,-0.19296065044000002,-0.0,-91.30870795671697,-1.0,0.0,0.0,73.3775591373562,
441,130.23,-36.2968,-0.395233,0.308811,204.18,214.179,0.0,-1.0,1.0,0.0,5,95.11937480375717,-0.20108228265,-0.0,-91.41468343553024,-1.0,0.0,0.0,71.0646216622246,
442,129.089,-37.2666,-0.40828,0.324219,204.94,214.939,0.0,-1.0,1.0,0.0,5,92.85235300411361,-0.20926553245500001,-0.0,-91.43101917255785,-1.0,0.0,0.0,68.78533267851914,
443,127.943,-38.2637,-0.421344,0.339975,205.695,215.694,0.0,-1.0,1.0,0.0,5,90.58958666843378,-0.21748710712500002,-0.0,-91.38594979077223,-1.0,0.0,0.0,66.52561211361572,
444,126.828,-39.1302,-0.433469,0.356069,206.446,216.445,0.0,-1.0,1.0,0.5592179298400879,5,88.4629629328544,-0.22579759566000002,-0.0,-91.2847778613137,-1.0,0.0,0.0,64.41597087186597,
445,125.75,-39.7804,-0.444354,0.372524,207.193,217.192,0.0,-1.0,1.0,0.0,5,86.50986350235615,-0.23422446500000002,-0.0,-91.13862152412881,-1.0,0.0,0.0,62.490983656323955,
446,124.697,-40.2778,-0.454263,0.389355,207.936,217.935,0.0,-1.0,1.0,0.8410788774490356,5,84.69227955384468,-0.24275700217500004,-0.0,-90.96015723129979,-1.0,0.0,0.0,60.709483243844744,
447,123.627,-40.8151,-0.464312,0.406518,208.674,218.673,0.0,-1.0,1.0,1.0,5,82.8580291905922,-0.25128300392999997,-0.0,-90.7538328267567,-1.0,0.0,0.0,58.91828797997303,
448,122.545,-41.4403,-0.474775,0.42396,209.408,219.407,0.0,-1.0,1.0,0.0,5,80.98097460599375,-0.25977089100000006,-0.0,-90.53341709630715,-1.0,0.0,0.0,57.08784944091696,
449,121.505,-41.9707,-0.484428,0.441682,210.139,220.138,0.0,-1.0,1.0,0.0,5,79.23223809596344,-0.26833285705,-0.0,-90.31684070837139,-1.0,0.0,0.0,55.384695061820594,
450,120.518,-42.2627,-0.492704,0.459702,210.865,220.864,0.0,-1.0,1.0,1.0,5,77.68012585685219,-0.27701182818000003,-0.0,-90.10632066458678,-1.0,0.0,0.0,53.8765338625255,
451,119.569,-42.3745,-0.499857,0.478059,211.586,221.585,0.0,-1.0,1.0,0.01600170135498047,5,76.2851524582827,-0.28580518285500006,-0.0,-89.90297094318149,-1.0,0.0,0.0,52.52360453963232,
452,118.603,-42.5349,-0.507213,0.496723,212.304,222.303,0.0,-1.0,1.0,1.0,5,74.86579052741928,-0.294564189845,-0.0,-89.69079358125705,-1.0,0.0,0.0,51.14852794226001,
453,117.608,-42.8537,-0.515434,0.515629,213.017,223.016,0.0,-1.0,0.0,1.0,5,73.34300972545304,-0.30321047716,-0.0,-89.47231163095526,-1.0,0.0,0.0,49.671721340554235,
454,116.647,-43.1419,-0.523291,0.534765,213.726,223.725,0.0,-1.0,0.0,1.0,5,71.89100805384592,-0.3118936647750001,-0.0,-89.28026398709558,-1.0,0.0,0.0,48.25904839229703,
455,115.754,-43.2019,-0.529685,0.554156,214.431,224.43,0.0,-1.0,0.0,0.0,5,70.6487760177475,-0.32072886812,-0.0,-89.12832817749006,-1.0,0.0,0.0,47.04596510525498,
456,114.915,-43.009,-0.534642,0.573859,215.132,225.131,0.0,-1.0,1.0,0.0,5,69.60224373341197,-0.32972503492500005,-0.0,-89.0111995066361,-1.0,0.0,0.0,46.01971882182794,
457,114.07,-42.8477,-0.539535,0.593847,215.829,225.828,0.0,-1.0,1.0,0.0,5,68.56509420194918,-0.33870063645000004,-0.0,-88.90096187773557,-1.0,0.0,0.0,45.00115309606529,
458,113.183,-42.8877,-0.545551,0.614081,216.521,226.521,0.0,-1.0,1.0,0.0,5,67.38880950100146,-0.34771592367600007,-0.0,-88.78463612042808,-1.0,0.0,0.0,43.844934547218436,
459,112.296,-42.9822,-0.552032,0.634514,217.21,227.209,0.0,-1.0,1.0,0.0,5,66.17057780370928,-0.35745813691600004,-0.0,-88.68928231201974,-1.0,0.0,0.0,42.64079908878835,
460,111.481,-42.9326,-0.5573,0.65517,217.895,227.894,0.0,-1.0,0.0,0.0,5,65.13142375781919,-0.36823876275,-0.0,-88.66010431205646,-1.0,0.0,0.0,41.59815891705508,
461,110.737,-42.5924,-0.560865,0.676102,218.575,228.574,0.0,-1.0,1.0,1.0,5,64.32002291578695,-0.38013905027399997,-0.0,-88.69541385017857,-1.0,0.0,0.0,40.766030402968305,
462,110.019,-42.1592,-0.563536,0.697339,219.251,229.25,0.0,-1.0,1.0,1.0,5,63.622025105619706,-0.393077578126,-0.0,-88.7724925222991,-1.0,0.0,0.0,40.03582439691893,
463,109.258,-41.8263,-0.567086,0.718831,219.924,229.923,0.0,-1.0,1.0,1.0,5,62.810419910769824,-0.406810993551,-0.0,-88.86220043244197,-1.0,0.0,0.0,39.188058809108334,
464,108.433,-41.7083,-0.572328,0.740532,220.592,230.591,0.0,-1.0,1.0,1.0,5,61.7902377986027,-0.421239774804,-0.0,-88.95677449298762,-1.0,0.0,0.0,38.1298044005518,
465,107.589,-41.581,-0.578272,0.762505,221.255,231.254,0.0,-1.0,1.0,1.0,5,60.693056118167526,-0.43659362725,-0.0,-89.09241004401082,-1.0,0.0,0.0,36.98335997991482,
466,106.759,-41.3416,-0.586076,0.784834,221.905,231.904,0.0,-0.4810478687286377,1.0,1.0,5,59.418789210670795,-0.45310407258600005,-0.5189521312713623,-89.29968042562942,-1.0,0.0,0.0,35.48507939229603,
467,105.948,-40.9564,-0.598907,0.808141,222.523,232.522,0.0,-1.0,0.0,0.0,5,57.64442662355575,-0.471427289221,-0.5189521312713623,-89.59648630860127,-1.0,0.0,0.0,33.61819211780303,
468,105.139,-40.5685,-0.611644,0.832629,223.134,233.133,0.0,-1.0,1.0,1.0,5,55.8916845590519,-0.49182515379599995,-0.0,-89.98760402471112,-1.0,0.0,0.0,31.902958399078123,
469,104.321,-40.2051,-0.624676,0.858282,223.738,233.737,0.0,-1.0,1.0,0.0,5,54.114996013983756,-0.514393774134,-0.0,-90.48910642030528,-1.0,0.0,0.0,29.978325634773437,
470,103.481,-39.8799,-0.638314,0.88507,224.335,234.334,0.0,-1.0,0.0,0.8314600586891174,5,52.2765687320777,-0.5392045482500001,-0.0,-91.1249617999943,-1.0,0.0,0.0,27.956123733829127,
471,102.634,-39.5522,-0.652278,0.913002,224.925,234.924,0.0,-1.0,1.0,1.0,5,50.41422755372234,-0.566495488344,-0.0,-91.96988147102631,-1.0,0.0,0.0,25.85526169762176,
472,101.791,-39.2082,-0.666328,0.942074,225.507,235.506,0.0,-1.0,1.0,0.0,5,48.558870295342885,-0.596487894146,-0.0,-93.15735233519459,-1.0,0.0,0.0,23.673044317398237,
473,100.962,-38.8328,-0.680253,0.972277,226.083,236.082,0.0,-1.0,1.0,0.0,5,46.73720226572379,-0.6294053170989999,-0.0,-95.03430365150172,-1.0,0.0,0.0,21.34922103574936,
474,100.267,-38.4299,-0.693872,1.00363,226.651,236.65,0.0,-1.0,1.0,1.0,5,45.021510726407044,-0.66607202295,-0.0,-100.267,-1.0,0.0,0.0,18.288688703457048,
475,99.763,-38.0316,-0.707142,1.0362,227.212,237.211,0.0,-0.8639081120491028,0.0,0.0,5,43.435798639800225,-0.7071425430000001,-0.13609188795089722,-99.763,-1.0,0.0,0.0,16.747078530414953,
476,99.3997,-37.6492,-0.72012,1.07001,227.768,237.767,0.0,-1.0,1.0,0.0,4,41.945595471071705,-0.7527027650849999,-0.13609188795089722,-99.3997,-1.0,0.0,0.0,15.302140139601441,
477,99.1481,-37.2856,-0.732873,1.10507,228.319,238.318,0.0,-0.8386937379837036,0.0,0.0,4,40.52693759006728,-0.802923659235,-0.1613062620162964,-99.1481,-1.0,0.0,0.0,13.88859705222739,
478,98.9682,-36.9426,-0.745326,1.14141,228.864,238.863,0.0,-0.8374243974685669,0.0,0.0,4,39.16776745515495,-0.8579412539100001,-0.0012693405151367188,-98.9682,-1.0,0.0,0.0,12.567395399090415,
479,98.855,-36.6011,-0.757404,1.17899,229.405,239.404,0.0,-0.4103851318359375,1.0,0.0,4,37.87167480555699,-0.91797470235,-0.4270392656326294,-98.855,-1.0,0.0,0.0,11.111838323517201,
480,98.8009,-36.2562,-0.769149,1.21783,229.942,239.941,0.0,-1.0,0.0,0.0,4,36.629524543356325,-0.983327409135,-0.5896148681640625,-98.8009,-1.0,0.0,0.0,9.769087673772109,
481,98.7826,-35.908,-0.780565,1.25792,230.474,240.473,0.0,-1.0,1.0,0.0,4,35.430906857931696,-1.05416176736,-0.0,-98.7826,-1.0,0.0,0.0,8.681095090571695,
482,98.7887,-35.5429,-0.791701,1.29924,231.003,241.002,0.0,-1.0,1.0,0.7632389068603516,4,34.26597142833251,-1.13068773054,-0.0,-98.7887,-1.0,0.0,0.0,7.438108697792515,
483,98.4994,-35.1486,-0.801805,1.34168,231.526,241.525,0.0,-1.0,0.0,0.0,4,33.106092448174984,-1.21086259736,-0.0,-98.4994,-1.0,0.0,0.0,6.270379850814987,
484,97.779,-34.4857,-0.807647,1.38482,232.044,242.043,0.0,-1.0,0.0,0.0,4,32.25429809290972,-1.2929740062999997,-0.0,-97.779,-1.0,0.0,0.0,5.516574086609722,
485,96.858,-33.3714,-0.80804,1.42827,232.553,242.552,0.0,-1.0,1.0,0.0,4,31.90982228308492,-1.3777280712,-0.0,-96.858,-1.0,0.0,0.0,5.31759421188492,
486,95.9815,-31.8455,-0.803699,1.4718,233.054,243.053,0.0,-1.0,1.0,0.18587112426757812,4,32.0659123455302,-1.4663630985,-0.0,-95.9815,-1.0,0.0,0.0,5.604174247030201,
487,95.3923,-29.9598,-0.795355,1.51545,233.547,243.546,0.0,-1.0,1.0,0.0,4,32.71719506165469,-1.560860007675,-0.0,-95.3923,-1.0,0.0,0.0,6.308260053979691,
488,95.0465,-27.7683,-0.783316,1.55933,234.033,244.032,0.0,-1.0,0.07220149040222168,1.0,4,33.81384647738534,-1.6613583431250003,-0.0,-95.0465,-1.0,0.0,0.0,7.390863134260339,
489,94.908,-25.2945,-0.767482,1.60351,234.512,244.511,0.0,-1.0,1.0,1.0,4,35.35309647317519,-1.7679619554999997,-0.0,-94.908,-1.0,0.0,0.0,8.858134517675193,
490,94.9697,-22.5785,-0.747161,1.64798,234.986,244.985,0.0,-1.0,1.0,0.0,4,37.40302947059837,-1.88080291143,-0.0,-94.9697,-1.0,0.0,0.0,10.779801559168366,
491,95.4018,-19.6099,-0.720609,1.69272,235.456,245.455,0.0,-1.0,1.0,0.0,4,40.210220155716414,-2.00147967288,-0.0,-95.4018,-1.0,0.0,0.0,13.358290482836413,
492,96.1762,-16.1399,-0.686113,1.73775,235.925,245.924,0.0,-0.48061680793762207,1.0,0.0,4,43.947438427484315,-2.13012602025,-0.5193831920623779,-96.1762,-1.0,0.0,0.0,16.617447449615597,
493,97.0461,-12.1208,-0.643132,1.783,236.395,246.394,0.0,-1.0,1.0,1.0,4,48.55886726262888,-2.2646549814999997,-0.5193831920623779,-97.0461,-1.0,0.0,0.0,20.876872323510163,
494,97.2121,-8.04491,-0.596555,1.82804,236.866,246.865,0.0,-1.0,0.0,0.0,4,53.11455114249928,-2.3966202780200003,-0.0,-97.2121,-1.0,0.0,0.0,25.414905864479277,
495,97.0097,-4.60248,-0.553062,1.87233,237.337,247.336,0.0,-1.0,0.0,0.0,4,57.06813460953444,-2.5269944869050005,-0.0,-97.0097,-1.0,0.0,0.0,29.288715122629437,
496,96.5126,-1.63977,-0.512685,1.91565,237.808,247.807,0.0,-1.0,1.0,0.0,4,60.4334111089906,-2.6553567334500006,-0.0,-96.5126,-1.0,0.0,0.0,32.6499043755406,
497,95.3279,0.979954,-0.477856,1.95781,238.277,248.276,0.0,-0.6520692110061646,0.0,0.0,4,62.730023042527286,-2.7768175755950004,-0.34793078899383545,-95.3279,-1.0,0.0,0.0,35.01685123023414,
498,94.1428,2.98535,-0.448931,1.99883,238.741,248.74,0.0,-0.9246038794517517,1.0,0.0,4,64.38522230783089,-2.8976026335200005,-0.27253466844558716,-94.1428,-1.0,0.0,0.0,36.87015927377721,
499,93.3907,4.29917,-0.424376,2.03875,239.204,249.203,0.0,-1.0,1.0,0.0,4,65.87964303862611,-3.0220030106249993,-0.07539612054824829,-93.3907,-1.0,0.0,0.0,38.487346191836636,
500,92.4591,5.28946,-0.402569,2.0775,239.666,249.665,0.0,-1.0,1.0,0.0,4,66.95572827164504,-3.14342515125,-0.0,-92.4591,-1.0,0.0,0.0,39.69752812039504,
501,76.8657,-26.5348,-0.383251,2.08096,240.119,250.118,21.0,-0.6574656963348389,0.0,0.0,4,56.91790335128481,-2.99301475696,-0.34253430366516113,-76.8657,-1.0,-50.0,0.0,-16.394296696774745,collision
