step,speedX,speedY,angle,trackPos,distFromStart,distRaced,steer,accel,brake,gear,r_speed,r_safety,r_ttc,r_smooth,r_time,r_terminal,reward_total,terminal_reason
0,0.0,0.0,3.01992e-07,0.333334,6351.65,0.0,0.6682240962982178,0.0,0.0,1,0.0,0.0,0.0,-0.0,-1.0,0.0,-1.0,
1,0.0,0.0,3.01992e-07,0.333334,6351.65,0.0,0.41051191091537476,1.0,0.0,1,0.0,0.0,0.0,-0.257712185382843,-1.0,0.0,-1.0773136556148528,
2,0.0,0.0,3.01992e-07,0.333334,6351.65,0.0,-0.5161468386650085,1.0,0.16721025109291077,1,0.0,0.0,0.0,-0.9266587495803833,-1.0,0.0,-1.277997624874115,
3,0.0,0.0,3.01992e-07,0.333334,6351.65,0.0,0.08403250575065613,0.7774537205696106,0.0,1,0.0,0.0,0.0,-0.6001793444156647,-1.0,0.0,-1.1800538033246994,
4,0.0,0.0,3.01992e-07,0.333334,6351.65,0.0,0.779473066329956,0.0,0.0,1,0.0,0.0,0.0,-0.6954405605792999,-1.0,0.0,-1.20863216817379,
5,0.0,0.0,3.01992e-07,0.333334,6351.65,0.0,-0.4663603901863098,1.0,0.0,1,0.0,0.0,0.0,-1.2458334565162659,-1.0,0.0,-1.3737500369548798,
6,0.0,0.0,3.01992e-07,0.333334,6351.65,0.0,-0.03441673517227173,1.0,1.0,1,0.0,0.0,0.0,-0.4319436550140381,-1.0,0.0,-1.1295830965042115,
7,0.0,0.0,3.01992e-07,0.333334,6351.65,0.0,1.0,0.2966585159301758,0.0,1,0.0,0.0,0.0,-1.0344167351722717,-1.0,0.0,-1.3103250205516814,
8,0.0,0.0,3.01992e-07,0.333334,6351.65,0.0,-1.0,1.0,0.0,1,0.0,0.0,0.0,-2.0,-1.0,0.0,-1.6,
9,0.0,0.0,3.01992e-07,0.333334,6351.65,0.0,-1.0,1.0,0.07626789808273315,1,0.0,0.0,0.0,-0.0,-1.0,0.0,-1.0,
10,0.0,0.0,3.01992e-07,0.333334,6351.65,0.0,0.14517174661159515,1.0,0.2647104859352112,1,0.0,0.0,0.0,-1.1451717466115952,-1.0,0.0,-1.3435515239834785,
11,0.0,0.0,3.01992e-07,0.333334,6351.65,0.0,1.0,0.9738729000091553,0.3249814510345459,1,0.0,0.0,0.0,-0.8548282533884048,-1.0,0.0,-1.2564484760165215,
12,0.0,0.0,3.01992e-07,0.333334,6351.65,0.0,-0.4772610068321228,0.0,0.0,1,0.0,0.0,0.0,-1.4772610068321228,-1.0,0.0,-1.443178302049637,
13,0.0,0.0,3.01992e-07,0.333334,6351.65,0.0,0.09634000062942505,0.007085740566253662,0.0,1,0.0,0.0,0.0,-0.5736010074615479,-1.0,0.0,-1.1720803022384643,
14,0.0,0.0,3.01992e-07,0.333334,6351.65,0.0,-0.8840598464012146,0.0,1.0,1,0.0,0.0,0.0,-0.9803998470306396,-1.0,0.0,-1.294119954109192,
15,0.0,0.0,3.01992e-07,0.333334,6351.65,0.0,-0.30069929361343384,0.43980735540390015,1.0,1,0.0,0.0,0.0,-0.5833605527877808,-1.0,0.0,-1.1750081658363343,
16,0.0,0.0,3.01992e-07,0.333334,6351.65,0.0,-0.6297817230224609,0.09659704566001892,1.0,1,0.0,0.0,0.0,-0.3290824294090271,-1.0,0.0,-1.0987247288227082,
17,0.0,0.0,3.01992e-07,0.333334,6351.65,0.0,1.0,0.0,0.0,1,0.0,0.0,0.0,-1.629781723022461,-1.0,0.0,-1.4889345169067383,
18,0.0,0.0,3.01992e-07,0.333334,6351.65,0.0,-0.2577630281448364,0.0,0.22705768048763275,1,0.0,0.0,0.0,-1.2577630281448364,-1.0,0.0,-1.377328908443451,
19,0.0,0.0,3.01992e-07,0.333334,6351.65,0.0,0.5655105113983154,1.0,1.0,1,0.0,0.0,0.0,-0.8232735395431519,-1.0,0.0,-1.2469820618629455,
20,0.0,0.0,3.01992e-07,0.333334,6351.65,0.0,1.0,0.19562093913555145,0.3917613625526428,1,0.0,0.0,0.0,-0.43448948860168457,-1.0,0.0,-1.1303468465805053,
21,0.0,0.0,3.01992e-07,0.333334,6351.65,0.0,-1.0,0.0,0.0,1,0.0,0.0,0.0,-2.0,-1.0,0.0,-1.6,
22,0.0,0.0,3.01992e-07,0.333334,6351.65,0.0,1.0,0.0,0.0,1,0.0,0.0,0.0,-2.0,-1.0,0.0,-1.6,
23,0.0,0.0,3.01992e-07,0.333334,6351.65,0.0,-0.6173197031021118,0.0,0.22015367448329926,1,0.0,0.0,0.0,-1.6173197031021118,-1.0,0.0,-1.4851959109306336,
24,0.0,0.0,3.01992e-07,0.333334,6351.65,0.0,0.3245387077331543,0.9789342880249023,0.8035821914672852,1,0.0,0.0,0.0,-0.9418584108352661,-1.0,0.0,-1.28255752325058,
25,0.0,0.0,3.01992e-07,0.333334,6351.65,0.0,0.06440305709838867,1.0,0.9022576808929443,1,0.0,0.0,0.0,-0.2601356506347656,-1.0,0.0,-1.0780406951904298,
26,0.0,0.0,3.01992e-07,0.333334,6351.65,0.0,-1.0,0.30706140398979187,1.0,1,0.0,0.0,0.0,-1.0644030570983887,-1.0,0.0,-1.3193209171295166,
27,0.0,0.0,3.01992e-07,0.333334,6351.65,0.0,0.23173671960830688,0.0,0.0,1,0.0,0.0,0.0,-1.2317367196083069,-1.0,0.0,-1.369521015882492,
28,0.0,0.0,3.01992e-07,0.333334,6351.65,0.0,1.0,0.13846340775489807,0.6827023029327393,1,0.0,0.0,0.0,-0.7682632803916931,-1.0,0.0,-1.230478984117508,
29,0.0,0.0,3.01992e-07,0.333334,6351.65,0.0,0.41482317447662354,0.9545563459396362,0.0,1,0.0,0.0,0.0,-0.5851768255233765,-1.0,0.0,-1.1755530476570129,
30,0.0,0.0,3.01992e-07,0.333334,6351.65,0.0,0.3866908550262451,0.8099456429481506,0.834517240524292,1,0.0,0.0,0.0,-0.028132319450378418,-1.0,0.0,-1.0084396958351136,
31,0.0,0.0,3.01992e-07,0.333334,6351.65,0.0,0.7252361178398132,0.6053137183189392,0.9834238290786743,1,0.0,0.0,0.0,-0.3385452628135681,-1.0,0.0,-1.1015635788440705,
32,0.0,0.0,3.01992e-07,0.333334,6351.65,0.0,-0.332417756319046,0.0,0.9505329132080078,1,0.0,0.0,0.0,-1.0576538741588593,-1.0,0.0,-1.3172961622476578,
33,0.0,0.0,3.01992e-07,0.333334,6351.65,0.0,-0.896954357624054,0.27500423789024353,1.0,1,0.0,0.0,0.0,-0.5645366013050079,-1.0,0.0,-1.1693609803915024,
34,0.0,0.0,3.01992e-07,0.333334,6351.65,0.0,-0.9467698931694031,1.0,0.5773674249649048,1,0.0,0.0,0.0,-0.04981553554534912,-1.0,0.0,-1.0149446606636048,
35,0.0,0.0,3.01992e-07,0.333334,6351.65,0.0,-0.006403982639312744,0.0,0.1512185037136078,1,0.0,0.0,0.0,-0.9403659105300903,-1.0,0.0,-1.2821097731590272,
36,0.0,0.0,3.01992e-07,0.333334,6351.65,0.0,-1.0,0.0,0.0,1,0.0,0.0,0.0,-0.9935960173606873,-1.0,0.0,-1.2980788052082062,
37,0.0,0.0,3.01992e-07,0.333334,6351.65,0.0,1.0,0.0,0.6088893413543701,1,0.0,0.0,0.0,-2.0,-1.0,0.0,-1.6,
38,0.0,0.0,3.01992e-07,0.333334,6351.65,0.0,0.9094254374504089,0.7612231373786926,0.0,1,0.0,0.0,0.0,-0.09057456254959106,-1.0,0.0,-1.0271723687648773,
39,0.0,0.0,3.01992e-07,0.333334,6351.65,0.0,-0.47911959886550903,0.0,1.0,1,0.0,0.0,0.0,-1.388545036315918,-1.0,0.0,-1.4165635108947754,
40,0.0,0.0,3.01992e-07,0.333334,6351.65,0.0,0.5389626026153564,0.05173780024051666,0.0008455216884613037,1,0.0,0.0,0.0,-1.0180822014808655,-1.0,0.0,-1.3054246604442596,
41,0.0,0.0,3.01992e-07,0.333334,6351.65,0.0,-1.0,0.0,0.3213162422180176,1,0.0,0.0,0.0,-1.5389626026153564,-1.0,0.0,-1.4616887807846068,
42,0.0,0.0,3.01992e-07,0.333334,6351.65,0.0,-0.026934683322906494,0.0,0.975847601890564,1,0.0,0.0,0.0,-0.9730653166770935,-1.0,0.0,-1.2919195950031281,
43,0.0,0.0,3.01992e-07,0.333334,6351.65,0.0,-0.5767608284950256,0.0,0.0,1,0.0,0.0,0.0,-0.5498261451721191,-1.0,0.0,-1.1649478435516358,
44,0.0,0.0,3.01992e-07,0.333334,6351.65,0.0,0.6205886602401733,0.08664780855178833,0.0,1,0.0,0.0,0.0,-1.197349488735199,-1.0,0.0,-1.3592048466205597,
45,0.0,0.0,3.01992e-07,0.333334,6351.65,0.0,0.8946424722671509,0.22483381628990173,0.0,1,0.0,0.0,0.0,-0.27405381202697754,-1.0,0.0,-1.0822161436080933,
46,0.0,0.0,3.01992e-07,0.333334,6351.65,0.0,-0.8455624580383301,0.09014910459518433,0.02219441533088684,1,0.0,0.0,0.0,-1.740204930305481,-1.0,0.0,-1.5220614790916442,
47,0.0,0.0,3.01992e-07,0.333334,6351.65,0.0,0.16688600182533264,0.0,0.0,1,0.0,0.0,0.0,-1.0124484598636627,-1.0,0.0,-1.3037345379590988,
48,0.0,0.0,3.01992e-07,0.333334,6351.65,0.0,-1.0,0.0,1.0,1,0.0,0.0,0.0,-1.1668860018253326,-1.0,0.0,-1.3500658005475998,
49,0.0,0.0,3.01992e-07,0.333334,6351.65,0.0,0.29528185725212097,0.0,0.8017903566360474,1,0.0,0.0,0.0,-1.295281857252121,-1.0,0.0,-1.3885845571756363,
50,0.0,0.0,3.01992e-07,0.333334,6351.65,0.0,-0.8518128395080566,1.0,0.0,1,0.0,0.0,0.0,-1.1470946967601776,-1.0,0.0,-1.3441284090280532,
51,0.0574327,0.00562437,-7.3274e-06,0.333334,6351.65,0.0,1.0,0.7327449321746826,0.0,1,0.05743248958227521,0.0,0.0,-1.8518128395080566,-1.0,0.0,-1.4981113622701416,
52,0.656418,0.0159926,-2.3063e-05,0.333334,6351.65,0.00195313,1.0,0.0,0.0,1,0.6564104303412586,0.0,0.0,-0.0,-1.0,0.0,-0.34358956965874143,
53,0.741326,0.0481688,-0.000218566,0.333365,6351.66,0.00585938,1.0,0.6372060775756836,0.0,1,0.7412449679644093,0.0,0.0,-0.0,-1.0,0.0,-0.2587550320355907,
54,1.28111,0.18473,-0.000743087,0.333457,6351.66,0.0112305,-1.0,0.45041584968566895,0.0,1,1.280633658249972,0.0,0.0,-2.0,-1.0,0.0,-0.319366341750028,
55,1.66231,0.139587,-0.00127714,0.33365,6351.67,0.0200195,0.06610435247421265,0.0,1.0,1,1.661247143306285,0.0,0.0,-1.0661043524742126,-1.0,0.0,0.3414158375640213,
56,0.411933,0.0319171,-0.00146788,0.333731,6351.68,0.0258789,0.3503965139389038,1.0,0.0,1,0.4116302222124439,0.0,0.0,-0.28429216146469116,-1.0,0.0,-0.6736574262269635,
57,0.923477,0.0453315,-0.001589,0.333731,6351.68,0.0292969,-1.0,1.0,0.17454971373081207,1,0.9227421319792669,0.0,0.0,-1.3503965139389038,-1.0,0.0,-0.4823768222024043,
58,1.51753,0.0206556,-0.00173205,0.333752,6351.69,0.0366211,0.7917767763137817,0.0,0.0,1,1.5162135054465504,0.0,0.0,-1.7917767763137817,-1.0,0.0,-0.02131952744758403,
59,1.61952,0.0826914,-0.00195759,0.333802,6351.7,0.0458984,0.4170784056186676,1.0,0.0,1,1.6179317198062788,0.0,0.0,-0.37469837069511414,-1.0,0.0,0.5055222085977447,
60,2.59463,0.1449,-0.00264138,0.333914,6351.71,0.059082,-0.4747529625892639,1.0,1.0,1,2.59119425087333,0.0,0.0,-0.8918313682079315,-1.0,0.0,1.3236448404109504,
61,2.07029,0.0700265,-0.00304144,0.334016,6351.72,0.0727539,-0.008454620838165283,1.0,0.0,1,2.0671320979913643,0.0,0.0,-0.46629834175109863,-1.0,0.0,0.9272425954660348,
62,2.80618,0.00284489,-0.0029909,0.334036,6351.74,0.0859375,0.8627564907073975,0.7304542064666748,0.0,1,2.8019709530675003,0.0,0.0,-0.8712111115455627,-1.0,0.0,1.5406076196038314,
63,3.57625,0.157971,-0.00332802,0.334108,6351.76,0.104004,-0.9743903875350952,0.5574571490287781,0.37858495116233826,1,3.570279290474207,0.0,0.0,-1.8371468782424927,-1.0,0.0,2.0191352270014593,
64,3.15909,0.10029,-0.0038473,0.33425,6351.77,0.122559,1.0,0.0,0.0,1,3.1529896515634226,0.0,0.0,-1.9743903875350952,-1.0,0.0,1.5606725353028938,
65,3.09801,0.129011,-0.00423973,0.334352,6351.79,0.139648,-0.10680446028709412,0.0,0.0,1,3.0914148129023062,0.0,0.0,-1.1068044602870941,-1.0,0.0,1.759373474816178,
66,2.95116,0.0374631,-0.00456971,0.334443,6351.81,0.15625,-0.6654905676841736,1.0,0.0,1,2.9443862374101757,0.0,0.0,-0.5586861073970795,-1.0,0.0,1.7767804051910518,
67,3.80601,-0.131445,-0.00403231,0.334403,6351.83,0.175293,1.0,0.27529221773147583,0.0,1,3.798305572789603,0.0,0.0,-1.6654905676841736,-1.0,0.0,2.298658402484351,
68,4.05639,-0.0558594,-0.00357502,0.334311,6351.85,0.197754,1.0,0.0,0.0,1,4.049113255894157,0.0,0.0,-0.0,-1.0,0.0,3.0491132558941567,
69,4.09327,0.171454,-0.00404042,0.334393,6351.87,0.220703,0.5704421997070312,1.0,0.0,1,4.084967346254381,0.0,0.0,-0.42955780029296875,-1.0,0.0,2.9561000061664906,
70,4.92291,0.369084,-0.00556725,0.334667,6351.9,0.246094,-1.0,0.0413435697555542,0.0,1,4.909130244629536,0.0,0.0,-1.5704421997070312,-1.0,0.0,3.4379975847174267,
71,5.15204,0.259757,-0.00695961,0.335033,6351.93,0.274414,-0.3210599422454834,0.4232441782951355,0.0,1,5.133987278132991,0.0,0.0,-0.6789400577545166,-1.0,0.0,3.9303052608066356,
72,5.58611,-0.0590192,-0.00708931,0.335166,6351.96,0.307129,-0.8401141166687012,1.0,0.0,1,5.566168959463299,0.0,0.0,-0.5190541744232178,-1.0,0.0,4.410452707136334,
73,6.23172,-0.30708,-0.00580757,0.335023,6351.99,0.339844,-1.0,0.5342226028442383,0.0,1,6.213519435637017,0.0,0.0,-0.15988588333129883,-1.0,0.0,5.165553670637627,
74,6.81104,-0.705146,-0.00313633,0.334565,6352.03,0.376465,0.15034237504005432,0.7000823616981506,0.0,1,6.800325684374508,0.0,0.0,-1.1503423750400543,-1.0,0.0,5.455222971862492,
75,7.40502,-0.66113,-0.000227626,0.333874,6352.07,0.416016,0.5656867027282715,1.0,0.4283329248428345,1,7.404177020625663,0.0,0.0,-0.41534432768821716,-1.0,0.0,6.279573722319197,
76,7.51038,-0.405137,0.00151998,0.333386,6352.11,0.458008,1.0,0.0,0.0,1,7.504663512740639,0.0,0.0,-0.4343132972717285,-1.0,0.0,6.37436952355912,
77,7.2097,-0.0292345,0.00224907,0.333141,6352.15,0.498047,0.5488651990890503,0.8489261865615845,0.0,1,7.201574212383338,0.0,0.0,-0.4511348009109497,-1.0,0.0,6.066233772110054,
78,7.81568,0.423949,0.000293557,0.333355,6352.19,0.539551,-1.0,0.0,0.0,1,7.814532489468704,0.0,0.0,-1.5488651990890503,-1.0,0.0,6.349872929741989,
79,7.84749,0.362274,-0.00170201,0.333772,6352.23,0.583496,0.5168609619140625,0.6895977258682251,0.6411617994308472,1,7.840800383545821,0.0,0.0,-1.5168609619140625,-1.0,0.0,6.385742094971602,
80,7.30251,0.223011,-0.00269049,0.334047,6352.28,0.625977,0.46821048855781555,0.0,0.0,1,7.292659916330188,0.0,0.0,-0.04865047335624695,-1.0,0.0,6.2780647743233144,
81,6.89513,0.435859,-0.00404995,0.334311,6352.32,0.665039,0.18271204829216003,0.2266850471496582,0.03484436869621277,1,6.881111025085802,0.0,0.0,-0.2854984402656555,-1.0,0.0,5.795461493006105,
82,7.01684,0.259826,-0.00533503,0.334678,6352.36,0.704102,-0.26082849502563477,0.6709596514701843,0.0,1,6.998022704513048,0.0,0.0,-0.4435405433177948,-1.0,0.0,5.864960541517709,
83,7.61366,-0.0646869,-0.00537651,0.33481,6352.4,0.745117,-0.15163233876228333,0.0,0.0,1,7.593082595808956,0.0,0.0,-0.10919615626335144,-1.0,0.0,6.56032374892995,
84,7.72128,-0.184876,-0.00459069,0.334708,6352.44,0.787598,1.0,0.36468514800071716,0.0,1,7.703475700146106,0.0,0.0,-1.1516323387622833,-1.0,0.0,6.357985998517421,
85,8.05313,0.104996,-0.00464171,0.334688,6352.48,0.831543,0.23224017024040222,1.0,0.10059243440628052,1,8.03435316600186,0.0,0.0,-0.7677598297595978,-1.0,0.0,6.804025217073981,
86,8.52481,0.27312,-0.00588911,0.334952,6352.53,0.876953,0.7114241123199463,0.8172411322593689,0.0,1,8.499560546516474,0.0,0.0,-0.47918394207954407,-1.0,0.0,7.35580536389261,
87,9.27289,0.602459,-0.00814217,0.33539,6352.58,0.926758,-1.0,0.0,0.0,1,9.23483232261725,0.0,0.0,-1.7114241123199463,-1.0,0.0,7.721405088921266,
88,9.32631,0.506136,-0.0107061,0.336041,6352.63,0.978027,0.8118201494216919,0.9292033910751343,0.0,1,9.275852261560132,0.0,0.0,-1.811820149421692,-1.0,0.0,7.732306216733624,
89,10.0201,0.663525,-0.0131242,0.336631,6352.68,1.03174,0.05926026403903961,0.0,0.0,1,9.953486047570808,0.0,0.0,-0.7525598853826523,-1.0,0.0,8.727718081956011,
90,10.0877,0.542344,-0.0159308,0.337384,6352.74,1.08789,0.38940107822418213,0.7485612630844116,0.0,1,10.006070779582389,0.0,0.0,-0.3301408141851425,-1.0,0.0,8.907028535326846,
91,10.7448,0.613886,-0.0182974,0.338045,6352.8,1.146,-0.812653124332428,1.0,0.0,1,10.64470593160318,0.0,0.0,-1.20205420255661,-1.0,0.0,9.284089670836197,
92,11.5703,0.350531,-0.019921,0.338706,6352.86,1.20801,0.5182840824127197,0.2981322705745697,0.0,1,11.452765910078964,0.0,0.0,-1.3309372067451477,-1.0,0.0,10.05348474805542,
93,11.9634,0.488914,-0.0212643,0.339266,6352.93,1.27393,0.6502193212509155,0.6251302361488342,0.0,1,11.833508276143561,0.0,0.0,-0.1319352388381958,-1.0,0.0,10.793927704492102,
94,12.4135,0.992677,-0.0250027,0.340232,6352.99,1.3418,-0.7704577445983887,0.5720157623291016,0.0,1,12.25445080533783,0.0,0.0,-1.4206770658493042,-1.0,0.0,10.828247685583039,
95,12.9646,0.85432,-0.0288731,0.341484,6353.06,1.41211,0.003958836197853088,1.0,0.0,1,12.772058275610844,0.0,0.0,-0.7744165807962418,-1.0,0.0,11.539733301371971,
96,13.7597,0.362434,-0.0301043,0.342389,6353.14,1.48633,-0.5688296556472778,0.0,0.0,1,13.546383690506016,0.0,0.0,-0.5727884918451309,-1.0,0.0,12.374547142952476,
97,13.872,-0.365919,-0.0287473,0.342796,6353.22,1.57129,1.0,0.0,0.0,1,13.666904623128111,0.0,0.0,-1.5688296556472778,-1.0,0.0,12.196255726433929,
98,13.8875,-0.327118,-0.0267369,0.342735,6353.3,1.64844,-0.9897949695587158,0.0,0.0,1,13.696904243291828,0.0,0.0,-1.9897949695587158,-1.0,0.0,12.099965752424213,
99,13.8806,-0.529336,-0.0250618,0.342745,6353.38,1.72559,-0.45195186138153076,1.0,0.0,1,13.702322865577239,0.0,0.0,-0.5378431081771851,-1.0,0.0,12.540969933124083,
100,14.4755,-0.845207,-0.0208384,0.342348,6353.46,1.8042,-0.43541663885116577,0.9077963829040527,0.0,1,14.3215449867341,0.0,0.0,-0.01653522253036499,-1.0,0.0,13.31658441997499,
101,15.3021,-0.890753,-0.0161902,0.341809,6353.54,1.88721,1.0,1.0,0.0,1,15.176227912700055,0.0,0.0,-1.4354166388511658,-1.0,0.0,13.745602921044705,
102,16.2055,-0.598175,-0.0128943,0.341301,6353.63,1.9751,-0.3905540704727173,0.0,0.0,1,16.09967643718897,0.0,0.0,-1.3905540704727173,-1.0,0.0,14.682510216047152,
103,16.4727,-0.713104,-0.0105292,0.340945,6353.72,2.06641,-0.691142201423645,0.5180702209472656,0.06289821863174438,1,16.385066319262418,0.0,0.0,-0.30058813095092773,-1.0,0.0,15.294889879977138,
104,16.5921,-1.17533,-0.00586766,0.340182,6353.81,2.1582,1.0,1.0,0.0,1,16.543136251099412,0.0,0.0,-1.691142201423645,-1.0,0.0,15.03579359067232,
105,17.2956,-1.1701,-0.000142749,0.339073,6353.9,2.25244,-0.49723565578460693,0.0,0.0,1,17.294365358983377,0.0,0.0,-1.497235655784607,-1.0,0.0,15.845194662247994,
106,17.5148,-1.2503,0.00498563,0.337954,6354.0,2.34961,-0.5293314456939697,1.0,1.0,1,17.470921346795976,0.0,0.0,-0.03209578990936279,-1.0,0.0,16.461292609823168,
107,16.8324,-1.0869,0.00964004,0.336744,6354.1,2.44482,1.0,0.3853296935558319,0.0,1,16.750486637425226,0.0,0.0,-1.5293314456939697,-1.0,0.0,15.291687203717036,
108,16.4351,-0.817518,0.0127381,0.335706,6354.19,2.53711,0.12188801169395447,0.0,0.0,1,16.3290935021044,0.0,0.0,-0.8781119883060455,-1.0,0.0,15.065659905612584,
109,16.3226,-0.130383,0.013645,0.335055,6354.28,2.62744,0.7401070594787598,0.0,0.0,1,16.209723020679718,0.0,0.0,-0.6182190477848053,-1.0,0.0,15.024257306344275,
110,16.2667,0.65706,0.0110253,0.335137,6354.37,2.71826,0.08836418390274048,0.0,0.0,1,16.176040535396314,0.0,0.0,-0.6517428755760193,-1.0,0.0,14.980517672723508,
111,16.2723,0.610622,0.00758011,0.335696,6354.46,2.80859,0.35896003246307373,0.0,1.0,1,16.21016019340447,0.0,0.0,-0.27059584856033325,-1.0,0.0,15.12898143883637,
112,14.971,0.456991,0.00593645,0.336063,6354.55,2.89551,-0.5447665452957153,1.0,0.0,1,14.926299165516314,0.0,0.0,-0.9037265777587891,-1.0,0.0,13.655181192188676,
113,14.405,0.342368,0.00468237,0.336358,6354.63,2.97607,0.6963284015655518,0.0,0.0,1,14.371117441746042,0.0,0.0,-1.241094946861267,-1.0,0.0,12.998788957687662,
114,14.7608,0.54455,0.00320417,0.336643,6354.71,3.05811,0.6657741069793701,0.8660768270492554,0.0,1,14.737076211868958,0.0,0.0,-0.03055429458618164,-1.0,0.0,13.727909923493103,
115,15.3412,1.07217,-0.00183457,0.337406,6354.79,3.1416,1.0,1.0,0.0,1,15.327101938726416,0.0,0.0,-0.3342258930206299,-1.0,0.0,14.226834170820227,
116,16.0254,1.57236,-0.0102093,0.338728,6354.88,3.229,0.7268255352973938,1.0,0.0,1,15.942762208036363,0.0,0.0,-0.2731744647026062,-1.0,0.0,14.860809868625582,
117,16.9013,1.65354,-0.0201089,0.340508,6354.97,3.32031,-0.4038946032524109,0.0,0.0,1,16.727961120474472,0.0,0.0,-1.1307201385498047,-1.0,0.0,15.38874507890953,
118,17.2699,1.4251,-0.027187,0.342319,6355.07,3.41553,0.4390494227409363,1.0,0.0,1,17.02878854977005,0.0,0.0,-0.8429440259933472,-1.0,0.0,15.775905341972045,
119,18.0222,1.23545,-0.0322716,0.343967,6355.16,3.51318,-0.7527101635932922,0.7066636085510254,0.008601903915405273,1,17.722064007760082,0.0,0.0,-1.1917595863342285,-1.0,0.0,16.364536131859815,
120,18.825,0.856071,-0.0361773,0.345534,6355.27,3.61572,-0.7657954692840576,0.10924693942070007,0.0,1,18.472237728671566,0.0,0.0,-0.01308530569076538,-1.0,0.0,17.468312136964336,
121,18.9573,0.148892,-0.0369207,0.346612,6355.37,3.7207,-0.5561246871948242,1.0,0.14851003885269165,1,18.594501867278765,0.0,0.0,-0.2096707820892334,-1.0,0.0,17.531600632651994,
122,19.3093,-0.425715,-0.0344931,0.34707,6355.48,3.82715,-1.0,1.0,0.0,1,18.96486151214821,0.0,0.0,-0.4438753128051758,-1.0,0.0,17.831698918306657,
123,19.8641,-1.01548,-0.0284421,0.346968,6355.59,3.93604,0.3295278549194336,0.5735477805137634,0.17680245637893677,1,19.573615705244443,0.0,0.0,-1.3295278549194336,-1.0,0.0,18.174757348768612,
124,20.0611,-1.40591,-0.0198784,0.346191,0.0402527,4.04004,1.0,1.0,0.0,1,19.857758397018202,0.0,0.0,-0.6704721450805664,-1.0,0.0,18.65661675349403,
125,20.7753,-1.13075,-0.0140974,0.345306,0.153656,4.15344,0.5207990407943726,1.0,0.43727630376815796,2,20.62680162034902,0.0,0.0,-0.47920095920562744,-1.0,0.0,19.483041332587334,
126,20.2219,-0.695097,-0.01136,0.344747,0.268494,4.26828,0.13135121762752533,0.0,0.0,2,20.105737278410967,0.0,0.0,-0.38944782316684723,-1.0,0.0,18.988902931460913,
127,19.8173,-0.103101,-0.0105709,0.344564,0.379028,4.37881,-0.06204161047935486,0.0,0.0,2,19.71145138129305,0.0,0.0,-0.1933928281068802,-1.0,0.0,18.653433532860983,
128,19.7997,-0.111328,-0.010731,0.344727,0.488983,4.48877,-0.2308768630027771,1.0,0.0,1,19.69232674858674,0.0,0.0,-0.16883525252342224,-1.0,0.0,18.641676172829715,
129,19.865,-0.525325,-0.00852483,0.344604,0.599304,4.59909,-0.06357404589653015,1.0,0.0,1,19.77960633410451,0.0,0.0,-0.16730281710624695,-1.0,0.0,18.729415488972638,
130,19.862,-0.307252,-0.00677931,0.34435,0.709717,4.7095,0.17335422337055206,1.0,0.36355888843536377,1,19.794218770571423,0.0,0.0,-0.23692826926708221,-1.0,0.0,18.7231402897913,
131,19.0365,-0.000320224,-0.00673001,0.34434,0.817871,4.81766,-0.8130894303321838,0.0,0.0,1,18.972011457079926,0.0,0.0,-0.9864436537027359,-1.0,0.0,17.676078360969104,
132,18.8244,-0.121158,-0.00680627,0.344482,0.922516,4.9223,1.0,0.7692738771438599,0.0,1,18.759902498708108,0.0,0.0,-1.8130894303321838,-1.0,0.0,17.215975669608454,
133,19.3743,0.0661198,-0.00641858,0.344493,1.02847,5.02826,-0.10687881708145142,1.0,0.0,1,19.311723588212246,0.0,0.0,-1.1068788170814514,-1.0,0.0,17.97965994308781,
134,20.1518,-0.0680702,-0.00710717,0.344676,1.1384,5.13818,-0.37096869945526123,1.0,0.0,1,20.07968051830181,0.0,0.0,-0.2640898823738098,-1.0,0.0,19.00045355358967,
135,20.9892,-0.496471,-0.00421009,0.344513,1.25293,5.25272,0.8287659883499146,1.0,0.0,2,20.94483090499141,0.0,0.0,-1.1997346878051758,-1.0,0.0,19.584910498649858,
136,21.3396,-0.512999,-0.000588228,0.344025,1.37112,5.37091,1.0,1.0,0.0,2,21.333320033366896,0.0,0.0,-0.17123401165008545,-1.0,0.0,20.28194982987187,
137,21.3002,0.0730433,-0.000544562,0.343831,1.48953,5.48932,1.0,1.0,0.0,2,21.2943972022671,0.0,0.0,-0.0,-1.0,0.0,20.2943972022671,
138,21.2355,0.796703,-0.00392754,0.344289,1.60767,5.60745,0.8438210487365723,0.4647831916809082,0.0,2,21.19363468473672,0.0,0.0,-0.15617895126342773,-1.0,0.0,20.14678099935769,
139,21.378,1.49091,-0.0106411,0.34551,1.72601,5.7258,0.832258403301239,1.0,0.0,2,21.263049092445005,0.0,0.0,-0.011562645435333252,-1.0,0.0,20.259580298814406,
140,21.7979,2.01386,-0.0203542,0.347473,1.8457,5.84549,0.633691132068634,0.0,0.0,2,21.571560701570107,0.0,0.0,-0.19856727123260498,-1.0,0.0,20.511990520200325,
141,21.9704,2.08553,-0.0306525,0.349935,1.96732,5.9671,0.5129380226135254,0.5510039329528809,0.0,2,21.623408264640187,0.0,0.0,-0.12075310945510864,-1.0,0.0,20.587182331803653,
142,22.401,1.81668,-0.0385329,0.352417,2.09024,6.09003,0.14559388160705566,1.0,0.0,2,21.952890778206132,0.0,0.0,-0.3673441410064697,-1.0,0.0,20.84268753590419,
143,23.0732,1.31016,-0.0441122,0.354757,2.21613,6.21591,-0.13532257080078125,1.0,0.0,2,22.54201495197168,0.0,0.0,-0.2809164524078369,-1.0,0.0,21.45774001624933,
144,23.7771,0.552738,-0.0458068,0.356578,2.34613,6.34592,0.6000320911407471,0.0,0.5706335306167603,2,23.20777304977094,0.0,0.0,-0.7353546619415283,-1.0,0.0,21.98716665118848,
145,22.857,0.265067,-0.0458922,0.35788,2.47592,6.47571,-0.587307333946228,0.055449485778808594,0.0,2,22.30863980183603,0.0,0.0,-1.187339425086975,-1.0,0.0,20.952437974309937,
146,22.2019,0.102144,-0.0465096,0.359049,2.60037,6.60016,0.03072911500930786,1.0,0.0,2,21.661776761680688,0.0,0.0,-0.6180364489555359,-1.0,0.0,20.476365826994027,
147,22.8326,0.0779644,-0.0462336,0.360128,2.73779,6.73758,-0.4881109893321991,0.0,0.0,2,22.280572853712258,0.0,0.0,-0.518840104341507,-1.0,0.0,21.124920822409806,
148,22.9297,-0.440447,-0.0447281,0.361053,2.87793,6.87772,-1.0,0.10765084624290466,0.0,2,22.394137221963696,0.0,0.0,-0.5118890106678009,-1.0,0.0,21.240570518763356,
149,22.8888,-1.26982,-0.0386055,0.361135,3.01804,7.01782,-0.12221089750528336,1.0,0.0,2,22.430038514214488,0.0,0.0,-0.8777891024947166,-1.0,0.0,21.166701783466074,
150,23.4072,-1.46321,-0.029985,0.360423,3.1593,7.15909,-0.3635643720626831,1.0,0.0,2,23.045798217873447,0.0,0.0,-0.24135347455739975,-1.0,0.0,21.973392175506227,
151,24.1974,-1.30939,-0.0235881,0.359721,3.30518,7.30496,0.6716604828834534,0.36336633563041687,0.0,2,23.90530973250723,0.0,0.0,-1.0352248549461365,-1.0,0.0,22.59474227602339,
152,24.5778,-0.770615,-0.0195866,0.359151,3.45465,7.45444,-1.0,1.0,0.0,2,24.33240332077538,0.0,0.0,-1.6716604828834534,-1.0,0.0,22.830905175910345,
153,25.2356,-0.735214,-0.0172865,0.358978,3.60693,7.60672,-1.0,0.5018208026885986,0.0,2,25.013722867237572,0.0,0.0,-0.0,-1.0,0.0,24.013722867237572,
154,25.5582,-1.28943,-0.0113936,0.358317,3.76251,7.7623,1.0,0.9138415455818176,0.0,2,25.410944306687117,0.0,0.0,-2.0,-1.0,0.0,23.810944306687116,
155,26.0998,-1.55995,-0.00296883,0.356984,3.92032,7.9201,1.0,0.030733704566955566,0.0,2,26.060942101193934,0.0,0.0,-0.0,-1.0,0.0,25.060942101193934,
156,26.2696,-0.929629,0.00234132,0.355703,4.08072,8.08051,0.27487435936927795,0.9934623837471008,0.0,2,26.238775256118227,0.0,0.0,-0.725125640630722,-1.0,0.0,25.02123756392901,
157,26.8349,-0.0946884,0.0022524,0.355153,4.24286,8.24265,1.0,0.5633119940757751,0.0,2,26.80461049037619,0.0,0.0,-0.725125640630722,-1.0,0.0,25.587072798186973,
158,27.2192,0.751485,-0.00222375,0.355509,4.40839,8.40817,-0.3528623580932617,0.3285529613494873,0.0,2,27.188868376627052,0.0,0.0,-1.3528623580932617,-1.0,0.0,25.783009669199075,
159,27.4021,1.22505,-0.00907352,0.356771,4.57526,8.57504,1.0,0.9535167217254639,0.0,2,27.27665697181492,0.0,0.0,-1.3528623580932617,-1.0,0.0,25.87079826438694,
160,27.9521,1.55529,-0.0164829,0.35849,4.74438,8.74417,-0.34848329424858093,0.0,0.40260380506515503,2,27.717947585461538,0.0,0.0,-1.348483294248581,-1.0,0.0,26.313402597186965,
161,27.1176,1.5448,-0.0254731,0.360708,4.91299,8.91278,0.7125222086906433,1.0,0.8604536056518555,2,26.7634551401745,0.0,0.0,-1.0610055029392242,-1.0,0.0,25.445153489292732,
162,26.1627,1.26578,-0.0315793,0.362905,5.07532,9.0751,0.0742606371641159,0.0,0.0,2,25.736624460491996,0.0,0.0,-0.6382615715265274,-1.0,0.0,24.545145989034037,
163,25.2415,1.02117,-0.036332,0.364939,5.23178,9.23157,1.0,1.0,0.0,2,24.76640604656294,0.0,0.0,-0.9257393628358841,-1.0,0.0,23.488684237712175,
164,25.3337,1.35356,-0.0426371,0.367045,5.38507,9.38486,0.2822844684123993,0.1860140562057495,0.0,2,24.77076201079828,0.0,0.0,-0.7177155315876007,-1.0,0.0,23.555447351321998,
165,25.6625,1.40707,-0.0515885,0.369781,5.54062,9.54041,-0.41400617361068726,1.0,0.0,2,24.9667074603811,0.0,0.0,-0.6962906420230865,-1.0,0.0,23.757820267774175,
166,26.3395,0.683151,-0.054661,0.372253,5.6989,9.69868,1.0,0.7635781764984131,0.0,2,25.580647605878763,0.0,0.0,-1.4140061736106873,-1.0,0.0,24.156445753795555,
167,26.9458,0.545327,-0.0557156,0.374247,5.86162,9.8614,0.20988893508911133,0.45549634099006653,0.0,2,26.153725460988895,0.0,0.0,-0.7901110649108887,-1.0,0.0,24.91669214151563,
168,27.2881,0.734884,-0.0591862,0.376516,6.02699,10.0268,-1.0,0.11212220788002014,0.0,2,26.433250672529688,0.0,0.0,-1.2098889350891113,-1.0,0.0,25.070283992002956,
169,27.3905,0.30227,-0.0612568,0.378764,6.19365,10.1934,1.0,1.0,0.6955968141555786,2,26.50072344833129,0.0,0.0,-2.0,-1.0,0.0,24.900723448331288,
170,26.8492,0.0950353,-0.0611963,0.380585,6.35914,10.3589,-0.17146095633506775,0.0,0.2902594804763794,2,25.977917562230747,0.0,0.0,-1.1714609563350677,-1.0,0.0,24.626479275330226,
171,25.7809,0.0762236,-0.0615763,0.382324,6.51948,10.5193,-0.6739139556884766,0.0,0.0,2,24.938794774904498,0.0,0.0,-0.5024529993534088,-1.0,0.0,23.788058875098475,
172,24.9609,-0.249289,-0.0608827,0.383881,6.67375,10.6735,-1.0,0.29850688576698303,0.0,2,24.15527880337861,0.0,0.0,-0.32608604431152344,-1.0,0.0,23.057452990085153,
173,24.889,-1.22926,-0.0544767,0.384552,6.82594,10.8257,0.2540416717529297,0.10910466313362122,0.0,2,24.174477431474198,0.0,0.0,-1.2540416717529297,-1.0,0.0,22.79826492994832,
174,24.848,-1.91406,-0.0436729,0.384104,6.97813,10.9779,0.45900070667266846,0.0,1.0,2,24.28188755218075,0.0,0.0,-0.20495903491973877,-1.0,0.0,23.220399841704825,
175,23.4357,-1.59762,-0.0348503,0.383321,7.12633,11.1261,-0.26761382818222046,0.0,0.0,2,23.013181673968724,0.0,0.0,-0.7266145348548889,-1.0,0.0,21.795197313512258,
176,22.1396,-1.2864,-0.0281932,0.382599,7.26478,11.2646,0.06953617930412292,0.0,0.4011356830596924,2,21.81874993790031,0.0,0.0,-0.3371500074863434,-1.0,0.0,20.717604935654407,
177,20.8939,-0.796985,-0.0241076,0.382111,7.39619,11.396,-0.20887592434883118,1.0,0.0,2,20.63600227592265,0.0,0.0,-0.2784121036529541,-1.0,0.0,19.552478644826763,
178,21.1204,-0.651762,-0.0222633,0.381968,7.5236,11.5234,0.20822879672050476,0.022098124027252197,0.0,2,20.880080525918324,0.0,0.0,-0.41710472106933594,-1.0,0.0,19.754949109597522,
179,21.3326,-0.0975252,-0.0211805,0.382019,7.65382,11.6536,0.14938387274742126,0.0818779468536377,0.0,2,21.101914455938616,0.0,0.0,-0.058844923973083496,-1.0,0.0,20.08426097874669,
180,21.3677,0.370122,-0.0232283,0.382711,7.78416,11.7839,1.0,1.0,0.0,2,21.113790389109564,0.0,0.0,-0.8506161272525787,-1.0,0.0,19.85860555093379,
181,21.9865,0.859193,-0.0272839,0.38387,7.91646,11.9162,1.0,1.0,0.0,2,21.678415487127683,0.0,0.0,-0.0,-1.0,0.0,20.678415487127683,
182,22.6013,1.46576,-0.034768,0.385773,8.05266,12.0524,-0.5261510014533997,0.0,1.0,2,22.194819147451604,0.0,0.0,-1.5261510014533997,-1.0,0.0,20.736973847015584,
183,21.3877,1.43266,-0.0430477,0.388204,8.18724,12.187,1.0,0.0,0.0,2,20.907682757016282,0.0,0.0,-1.5261510014533997,-1.0,0.0,19.449837456580262,
184,20.2911,1.27294,-0.0496283,0.390554,8.31318,12.313,1.0,0.0,0.0,2,19.76281722389744,0.0,0.0,-0.0,-1.0,0.0,18.76281722389744,
185,19.7778,1.85245,-0.0580193,0.393158,8.43449,12.4343,-1.0,0.9031376838684082,0.0,2,19.17109571948442,0.0,0.0,-2.0,-1.0,0.0,17.57109571948442,
186,20.3136,1.9822,-0.0700605,0.396556,8.55552,12.5553,-1.0,0.0,0.0,1,19.55275751174243,0.0,0.0,-0.0,-1.0,0.0,18.55275751174243,
187,20.5924,1.35235,-0.0775009,0.399801,8.67998,12.6798,-1.0,0.0,0.0,2,19.73342176873497,0.0,0.0,-0.0,-1.0,0.0,18.73342176873497,
188,20.6077,0.438068,-0.0801189,0.402334,8.8051,12.8049,-0.7550369501113892,1.0,0.0,2,19.716944343272843,0.0,0.0,-0.24496304988861084,-1.0,0.0,18.64345542830626,
189,20.5433,-0.501078,-0.0780383,0.403921,8.93056,12.9303,-1.0,1.0,0.0,2,19.680008885683858,0.0,0.0,-0.24496304988861084,-1.0,0.0,18.606519970717276,
190,20.3858,-1.3973,-0.0714563,0.40448,9.05571,13.0555,0.3506830334663391,1.0,0.0,2,19.60604991042025,0.0,0.0,-1.3506830334663391,-1.0,0.0,18.200845000380347,
191,20.3389,-1.77606,-0.0619797,0.404104,9.18034,13.1801,-1.0,1.0,0.0,2,19.669950742619836,0.0,0.0,-1.3506830334663391,-1.0,0.0,18.264745832579933,
192,20.7952,-2.02045,-0.0526645,0.403442,9.30632,13.3061,-1.0,0.42257237434387207,0.20751696825027466,2,20.219037090951744,0.0,0.0,-0.0,-1.0,0.0,19.219037090951744,
193,20.5349,-2.30714,-0.0413644,0.402201,9.43352,13.4333,1.0,0.0,0.0,2,20.09274895236171,0.0,0.0,-2.0,-1.0,0.0,18.49274895236171,
194,20.4555,-2.25449,-0.0299877,0.400574,9.55879,13.5586,-0.19960156083106995,0.5030051469802856,0.0,2,20.13964252829887,0.0,0.0,-1.19960156083107,-1.0,0.0,18.77976206004955,
195,20.8095,-1.47897,-0.0229659,0.399231,9.68501,13.6848,-1.0,1.0,0.0,2,20.565078994055618,0.0,0.0,-0.80039843916893,-1.0,0.0,19.32495946230494,
196,21.4474,-1.47038,-0.0173909,0.398285,9.81441,13.8142,-0.11615549027919769,0.932077944278717,0.9013267159461975,2,21.257671375638203,0.0,0.0,-0.8838445097208023,-1.0,0.0,19.992518022721963,
197,20.7145,-1.31292,-0.0108887,0.397115,9.9438,13.9436,-0.4074324369430542,0.4899486303329468,0.0,2,20.600497257799145,0.0,0.0,-0.2912769466638565,-1.0,0.0,19.513114173799988,
198,20.2511,-1.01829,-0.00655024,0.396139,10.0686,14.0684,-0.6473547220230103,1.0,0.0,2,20.18434124996072,0.0,0.0,-0.23992228507995605,-1.0,0.0,19.112364564436735,
199,20.5034,-1.36197,-0.000796623,0.39507,10.1926,14.1924,1.0,1.0,0.0,2,20.495226755042097,0.0,0.0,-1.6473547220230103,-1.0,0.0,19.001020338435193,
200,21.2872,-1.23575,0.00683115,0.393595,10.3203,14.3201,-0.5377343893051147,0.5516667366027832,0.14530271291732788,2,21.213995859825662,0.0,0.0,-1.5377343893051147,-1.0,0.0,19.752675543034126,
201,21.3329,-1.31968,0.0123095,0.392161,10.4509,14.4507,-0.7084065079689026,1.0,0.0,2,21.19998844898718,0.0,0.0,-0.17067211866378784,-1.0,0.0,20.148786813388046,
202,21.8241,-1.76985,0.0207068,0.390228,10.5825,14.5823,1.0,0.0,0.0,2,21.59348390020173,0.0,0.0,-1.7084065079689026,-1.0,0.0,20.08096194781106,
203,21.9717,-1.60656,0.0295709,0.387848,10.7164,14.7161,0.3360532224178314,1.0,0.0,2,21.6372801252789,0.0,0.0,-0.6639467775821686,-1.0,0.0,20.438096092004248,
204,22.6114,-0.839723,0.0335611,0.385895,10.8522,14.8519,0.5732743740081787,0.6372227668762207,0.0,2,22.219306545413122,0.0,0.0,-0.2372211515903473,-1.0,0.0,21.14814019993602,
205,23.0973,0.0643089,0.0329176,0.384766,10.992,14.9917,-0.6223189830780029,0.12102729082107544,0.0,2,22.704702186655112,0.0,0.0,-1.1955933570861816,-1.0,0.0,21.34602417952926,
206,23.181,0.453851,0.02984,0.38443,11.1334,15.1332,0.3179587423801422,0.1959066390991211,0.0,2,22.82487109275369,0.0,0.0,-0.9402777254581451,-1.0,0.0,21.542787775116246,
207,23.3084,0.730081,0.0270345,0.384298,11.2756,15.2754,0.027114689350128174,0.0,0.0,2,22.98485578835351,0.0,0.0,-0.29084405303001404,-1.0,0.0,21.897602572444505,
208,23.3225,0.458803,0.0239801,0.384369,11.4183,15.4181,-0.9600667953491211,1.0,0.0,2,23.03618343439099,0.0,0.0,-0.9871814846992493,-1.0,0.0,21.740028988981212,
209,23.9277,-0.219944,0.025351,0.383901,11.5626,15.5623,-0.6010385751724243,1.0,0.2020595669746399,2,23.61674849026097,0.0,0.0,-0.3590282201766968,-1.0,0.0,22.509040024207962,
210,24.1126,-0.865147,0.0304615,0.382619,11.7095,15.7093,-0.487441748380661,1.0,0.0,2,23.734217599063115,0.0,0.0,-0.1135968267917633,-1.0,0.0,22.700138551025585,
211,24.5885,-1.32406,0.0376672,0.380656,11.8577,15.8574,-0.5765143632888794,1.0,0.0,2,24.108078285014837,0.0,0.0,-0.08907261490821838,-1.0,0.0,23.081356500542373,
212,25.2588,-1.71311,0.0472016,0.378011,12.0097,16.0095,0.6860736608505249,0.0,0.36063408851623535,2,24.634760483409256,0.0,0.0,-1.2625880241394043,-1.0,0.0,23.255984076167433,
213,24.5458,-1.49357,0.0556254,0.37502,12.1618,16.1616,-0.7972325682640076,0.5597649216651917,0.0,2,23.8255021989021,0.0,0.0,-1.4833062291145325,-1.0,0.0,22.38051033016774,
214,24.5355,-1.50865,0.0620967,0.372142,12.3101,16.3099,-1.0,0.0,0.0,2,23.726913441881862,0.0,0.0,-0.20276743173599243,-1.0,0.0,22.666083212361066,
215,24.4376,-2.15884,0.0725714,0.368612,12.4589,16.4587,0.3658638298511505,0.1913796365261078,0.0,2,23.48731932765239,0.0,0.0,-1.3658638298511505,-1.0,0.0,22.077560178697045,
216,24.3935,-2.33625,0.0852611,0.364268,12.6062,16.606,-0.12192067503929138,0.08684998750686646,0.14383691549301147,2,23.26624111954468,0.0,0.0,-0.4877845048904419,-1.0,0.0,22.119905768077547,
217,24.1667,-1.55912,0.0933582,0.360077,12.753,16.7528,0.4516911506652832,1.0,0.0,2,22.935019127284114,0.0,0.0,-0.5736118257045746,-1.0,0.0,21.76293557957274,
218,24.7025,-0.62934,0.0957595,0.356659,12.9008,16.9006,0.31799912452697754,0.6859931349754333,0.5675467848777771,2,23.408384277749402,0.0,0.0,-0.13369202613830566,-1.0,0.0,22.36827666990791,
219,24.1625,-0.0663854,0.094873,0.354034,13.0498,17.0496,0.799852728843689,0.9314365386962891,0.0,2,22.909373825496523,0.0,0.0,-0.4818536043167114,-1.0,0.0,21.76481774420151,
220,24.0843,0.274288,0.0935976,0.351796,13.196,17.1958,-0.9195618033409119,0.0,0.6106221675872803,2,22.85341023565158,0.0,0.0,-1.7194145321846008,-1.0,0.0,21.3375858759962,
221,22.9376,0.550456,0.0895872,0.350098,13.34,17.3398,0.3583153486251831,0.7927942872047424,0.0,2,21.819530632265387,0.0,0.0,-1.277877151966095,-1.0,0.0,20.436167486675558,
222,22.5677,0.656358,0.0861422,0.348653,13.478,17.4777,0.2869357764720917,0.0,1.0,2,21.51320622436338,0.0,0.0,-0.07137957215309143,-1.0,0.0,20.491792352717454,
223,21.2863,0.649026,0.0818385,0.347483,13.6125,17.6123,-0.13494062423706055,0.0,0.0,2,20.34500937685369,0.0,0.0,-0.4218764007091522,-1.0,0.0,19.218446456640944,
224,19.9229,0.494183,0.0788059,0.346364,13.7373,17.7371,-0.19264201819896698,0.0,1.0,2,19.0768589813938,0.0,0.0,-0.05770139396190643,-1.0,0.0,18.05954856320523,
225,18.3595,0.294581,0.0780108,0.345174,13.854,17.8538,-0.5508241653442383,0.32930535078048706,0.0,1,17.588269743705258,0.0,0.0,-0.3581821471452713,-1.0,0.0,16.480815099561678,
226,16.9116,-0.00982959,0.078038,0.344014,13.9606,17.9604,0.7816979289054871,0.0,0.0,1,16.200926742582375,0.0,0.0,-1.3325220942497253,-1.0,0.0,14.801170114307457,
227,16.836,-0.579036,0.081901,0.342163,14.063,18.0628,1.0,0.0,0.0,1,16.090893410927084,0.0,0.0,-0.21830207109451294,-1.0,0.0,15.02540278959873,
228,16.834,0.0907218,0.0821523,0.340505,14.1654,18.1652,-0.9738351106643677,0.33564671874046326,0.14311134815216064,1,16.086527228990956,0.0,0.0,-1.9738351106643677,-1.0,0.0,14.494376695791646,
229,16.7333,-0.0565147,0.0816275,0.339223,14.2678,18.2675,0.2863926291465759,0.0,1.0,1,15.995392994820028,0.0,0.0,-1.2602277398109436,-1.0,0.0,14.617324672876745,
230,15.255,-0.13339,0.0826775,0.337748,14.3653,18.3651,0.23554310202598572,0.3816998600959778,0.0,1,14.572986957545696,0.0,0.0,-0.05084952712059021,-1.0,0.0,13.557732099409519,
231,14.5388,-0.0111647,0.0830418,0.336416,14.4549,18.4546,1.0,0.0,0.0,1,13.885728955726186,0.0,0.0,-0.7644568979740143,-1.0,0.0,12.656391886333981,
232,14.4519,0.851602,0.0796783,0.335653,14.5434,18.5432,-0.6586778163909912,0.029192142188549042,0.45830273628234863,1,13.830906971729679,0.0,0.0,-1.6586778163909912,-1.0,0.0,12.33330362681238,
233,13.3392,0.856048,0.0749826,0.33552,14.6287,18.6284,1.0,0.0,0.0,1,12.80208302113844,0.0,0.0,-1.6586778163909912,-1.0,0.0,11.304479676221142,
234,12.9809,0.983553,0.0709222,0.335388,14.7085,18.7083,0.34674936532974243,0.0,0.47634756565093994,1,12.488335794019646,0.0,0.0,-0.6532506346702576,-1.0,0.0,11.292360603618569,
235,11.8253,0.85315,0.0664191,0.3355,14.7847,18.7845,0.9595775604248047,1.0,0.0,1,11.406801737410241,0.0,0.0,-0.6128281950950623,-1.0,0.0,10.222953278881722,
236,12.0097,1.01309,0.0620345,0.335592,14.8568,18.8566,-1.0,0.0,0.293705552816391,1,11.614330076119183,0.0,0.0,-1.9595775604248047,-1.0,0.0,10.02645680799174,
237,11.6373,0.853567,0.0569127,0.335887,14.9303,18.93,-0.4955742359161377,1.0,0.0,1,11.28748181761641,0.0,0.0,-0.5044257640838623,-1.0,0.0,10.136154088391251,
238,12.2921,0.355872,0.0556394,0.335785,15.003,19.0028,-0.11170089244842529,1.0,0.0,1,11.931292194043682,0.0,0.0,-0.3838733434677124,-1.0,0.0,10.816130191003367,
239,13.2359,0.0530174,0.0574334,0.335215,15.0812,19.081,1.0,0.4521462619304657,1.0,1,12.834193617640635,0.0,0.0,-1.1117008924484253,-1.0,0.0,11.500683349906106,
240,12.4909,-0.0505815,0.058274,0.334432,15.1608,19.1606,1.0,0.0,0.0,1,12.105955930440185,0.0,0.0,-0.0,-1.0,0.0,11.105955930440185,
241,11.7787,0.134522,0.0580756,0.33371,15.2345,19.2342,0.08751880377531052,0.0,0.0,1,11.417006824373509,0.0,0.0,-0.9124811962246895,-1.0,0.0,10.143262465506101,
242,11.7028,0.606472,0.0549784,0.333557,15.3062,19.306,-0.9800787568092346,0.11995910108089447,0.0,1,11.363579298844122,0.0,0.0,-1.0675975605845451,-1.0,0.0,10.043300030668759,
243,11.874,0.0190173,0.0543109,0.333221,15.3783,19.3781,0.5735865235328674,0.0,0.0,1,11.534206771157697,0.0,0.0,-1.553665280342102,-1.0,0.0,10.068107187055066,
244,11.8372,0.274393,0.0537747,0.332642,15.4507,19.4505,1.0,1.0,0.2563020884990692,1,11.501971629667935,0.0,0.0,-0.42641347646713257,-1.0,0.0,10.374047586727794,
245,11.9799,0.635639,0.050766,0.332499,15.5236,19.5234,0.45796942710876465,0.8018436431884766,0.0,1,11.660510891076266,0.0,0.0,-0.5420305728912354,-1.0,0.0,10.497901719208896,
246,12.6775,0.839468,0.0464261,0.332692,15.599,19.5988,-0.10661137104034424,1.0,0.0,1,12.369662284135813,0.0,0.0,-0.5645807981491089,-1.0,0.0,11.200288044691082,
247,13.6069,0.514889,0.0436847,0.332804,15.6796,19.6794,-0.7329320907592773,1.0,0.6439539790153503,1,13.296806528268776,0.0,0.0,-0.6263207197189331,-1.0,0.0,12.108910312353096,
248,13.5822,0.239007,0.0428495,0.33253,15.7634,19.7631,0.8273494243621826,1.0,1.0,1,13.278826707991872,0.0,0.0,-1.56028151512146,-1.0,0.0,11.810742253455434,
249,12.8855,0.153016,0.0421545,0.332174,15.8441,19.8439,1.0,0.8739134073257446,0.0,1,12.602542440711323,0.0,0.0,-0.17265057563781738,-1.0,0.0,11.550747268019977,
250,12.8397,0.240634,0.0413956,0.331757,15.9223,19.9221,0.787917971611023,0.8483370542526245,0.0,1,12.56302289336105,0.0,0.0,-0.21208202838897705,-1.0,0.0,11.499398284844355,
251,13.5401,0.929088,0.0359214,0.331858,16.0032,20.003,-0.19436147809028625,0.0,0.0,1,13.288227848142617,0.0,0.0,-0.9822794497013092,-1.0,0.0,11.993544013232224,
252,13.788,1.07263,0.0293976,0.332509,16.0874,20.0872,-0.8878985643386841,0.0,0.0,1,13.579404639856444,0.0,0.0,-0.6935370862483978,-1.0,0.0,12.371343513981925,
253,13.823,0.423434,0.0266576,0.332865,16.172,20.1717,1.0,1.0,0.0,1,13.633866606233575,0.0,0.0,-1.887898564338684,-1.0,0.0,12.06749703693197,
254,14.5671,0.570542,0.0245911,0.332916,16.2587,20.2584,1.0,0.31103572249412537,0.0,1,14.383603242646682,0.0,0.0,-0.0,-1.0,0.0,13.383603242646682,
255,14.9777,1.20341,0.0192259,0.333486,16.3496,20.3494,-1.0,0.0,0.0,1,14.830960931094795,0.0,0.0,-2.0,-1.0,0.0,13.230960931094796,
256,14.9956,1.22967,0.0128301,0.334574,16.4412,20.441,1.0,0.8823575377464294,0.0,1,14.89817090848152,0.0,0.0,-2.0,-1.0,0.0,13.29817090848152,
257,15.6937,1.40933,0.00662146,0.335683,16.5351,20.5349,0.14588819444179535,1.0,0.0,1,15.641398742331743,0.0,0.0,-0.8541118055582047,-1.0,0.0,14.385165200664282,
258,16.6345,1.28869,-0.000907114,0.337097,16.634,20.6338,-1.0,0.0,0.0,1,16.62694846322119,0.0,0.0,-1.1458881944417953,-1.0,0.0,15.283182004888651,
259,16.915,0.652599,-0.00458572,0.338125,16.7373,20.737,0.7496343851089478,0.785016655921936,0.0,1,16.876038558028792,0.0,0.0,-1.7496343851089478,-1.0,0.0,15.351148242496109,
260,17.6239,0.685431,-0.0070024,0.338786,16.8428,20.8425,1.0,1.0,0.0,1,17.561763625670157,0.0,0.0,-0.25036561489105225,-1.0,0.0,16.486653941202842,
261,18.3922,1.22695,-0.01327,0.339956,16.9529,20.9527,-0.715190052986145,0.0,0.0,1,18.26855199031595,0.0,0.0,-1.715190052986145,-1.0,0.0,16.753994974420106,
262,18.5837,1.44001,-0.0213106,0.341756,17.0662,21.066,1.0,0.29790198802948,0.020765960216522217,1,18.38148043225134,0.0,0.0,-1.715190052986145,-1.0,0.0,16.866923416355498,
263,18.7805,1.64165,-0.0282851,0.343719,17.1803,21.1801,-1.0,0.0,0.0,1,18.507419114896564,0.0,0.0,-2.0,-1.0,0.0,16.907419114896562,
264,18.8157,1.55674,-0.0364572,0.346069,17.2948,21.2946,0.04129908233880997,0.0,0.0,1,18.460289257547853,0.0,0.0,-1.04129908233881,-1.0,0.0,17.14789953284621,
265,18.8698,0.749309,-0.040679,0.347961,17.4096,21.4094,1.0,0.44075390696525574,0.2860793471336365,1,18.47049300480639,0.0,0.0,-0.95870091766119,-1.0,0.0,17.182882729508034,
266,18.4858,0.633546,-0.0428567,0.349345,17.5237,21.5235,0.19225582480430603,1.0,0.0,1,18.072827249177585,0.0,0.0,-0.807744175195694,-1.0,0.0,16.830503996618877,
267,19.0986,0.612412,-0.0462257,0.350891,17.6378,21.6376,-0.6359978318214417,1.0,0.0,1,18.636932655298054,0.0,0.0,-0.8282536566257477,-1.0,0.0,17.38845655831033,
268,20.0054,0.149201,-0.0468181,0.352214,17.7572,21.757,-0.22025462985038757,0.2700980305671692,0.0,1,19.515342397077415,0.0,0.0,-0.4157432019710541,-1.0,0.0,18.390619436486098,
269,20.6013,-0.416525,-0.0437742,0.352976,17.8819,21.8817,-1.0,1.0,0.0,2,20.130806520843308,0.0,0.0,-0.7797453701496124,-1.0,0.0,18.896882909798425,
270,20.6116,-1.0077,-0.0393829,0.353139,18.0082,22.008,-1.0,0.0,0.0,2,20.189850257953072,0.0,0.0,-0.0,-1.0,0.0,19.189850257953072,
271,20.4659,-1.75026,-0.0311543,0.352458,18.1341,22.1339,-0.3063098192214966,0.0,0.0,2,20.137219974258855,0.0,0.0,-0.6936901807785034,-1.0,0.0,18.929112920025304,
272,20.4029,-2.06203,-0.0202572,0.350922,18.259,22.2588,0.46536582708358765,0.8350801467895508,0.0,2,20.192075256031366,0.0,0.0,-0.7716756463050842,-1.0,0.0,18.96057256213984,
273,20.9524,-1.38724,-0.0134975,0.349508,18.3853,22.3851,0.5731528401374817,0.8788414597511292,0.0,2,20.80909323257516,0.0,0.0,-0.10778701305389404,-1.0,0.0,19.776757128658993,
274,21.6327,-0.497208,-0.011676,0.348857,18.5157,22.5155,0.4458620548248291,1.0,0.0,2,21.504936601749574,0.0,0.0,-0.1272907853126526,-1.0,0.0,20.466749366155778,
275,22.284,0.36316,-0.0142163,0.349121,18.6501,22.6499,0.8938076496124268,0.9480239152908325,0.0,2,22.12335552503333,0.0,0.0,-0.44794559478759766,-1.0,0.0,20.98897184659705,
276,22.8656,1.12436,-0.0204413,0.350311,18.7882,22.7879,0.05637519061565399,0.0,0.0,2,22.627137988307776,0.0,0.0,-0.8374324589967728,-1.0,0.0,21.375908250608745,
277,22.8685,1.61913,-0.0290864,0.352376,18.9279,22.9277,0.3797347843647003,1.0,0.0,2,22.52629281685981,0.0,0.0,-0.3233595937490463,-1.0,0.0,21.429284938735098,
278,23.5975,1.38063,-0.0359623,0.354624,19.0694,23.0692,-1.0,1.0,0.0,2,23.158023740331267,0.0,0.0,-1.3797347843647003,-1.0,0.0,21.744103305021856,
279,24.3932,0.854863,-0.0403823,0.35673,19.2159,23.2157,-0.6359565854072571,0.0,0.0,2,23.88092043125974,0.0,0.0,-0.3640434145927429,-1.0,0.0,22.771707406881916,
280,24.4463,-0.0121884,-0.0403267,0.358144,19.3653,23.3651,-0.7987945079803467,0.4312494099140167,1.0,2,23.9336391719431,0.0,0.0,-0.1628379225730896,-1.0,0.0,22.88478779517117,
281,23.1487,-0.265082,-0.0379064,0.358866,19.511,23.5108,-1.0,0.5932865142822266,0.0,2,22.69343398647066,0.0,0.0,-0.20120549201965332,-1.0,0.0,21.633072338864764,
282,22.5403,-0.342,-0.0362276,0.359426,19.6497,23.6495,0.0036607831716537476,0.6165511608123779,0.0,2,22.11730905063856,0.0,0.0,-1.0036607831716537,-1.0,0.0,20.816210815687064,
283,22.4416,-0.989194,-0.0315891,0.359558,19.7869,23.7867,0.47573453187942505,1.0,0.0,2,22.07600799131182,0.0,0.0,-0.4720737487077713,-1.0,0.0,20.934385866699486,
284,23.082,-1.10171,-0.0240397,0.358999,19.926,23.9258,0.2848392724990845,1.0,0.0,2,22.79791523864208,0.0,0.0,-0.19089525938034058,-1.0,0.0,21.740646660827977,
285,23.9028,-0.437727,-0.0215571,0.358754,20.0699,24.0697,-1.0,1.0,0.0,2,23.63962872617746,0.0,0.0,-1.2848392724990845,-1.0,0.0,22.254176944427734,
286,24.6512,-0.363311,-0.0212305,0.359009,20.2185,24.2183,0.5112876892089844,0.0,0.0,2,24.383985646748247,0.0,0.0,-1.5112876892089844,-1.0,0.0,22.93059933998555,
287,24.7091,-0.20355,-0.0194681,0.359161,20.3696,24.3694,-0.3131503462791443,0.0,0.0,2,24.463913265931293,0.0,0.0,-0.8244380354881287,-1.0,0.0,23.216581855284854,
288,24.6988,-0.264554,-0.0189975,0.359528,20.5207,24.5205,0.2290496975183487,0.429521769285202,0.0,2,24.459749558854995,0.0,0.0,-0.542200043797493,-1.0,0.0,23.297089545715746,
289,24.9658,-0.142414,-0.0175119,0.35968,20.6723,24.6721,-0.14360305666923523,0.0,0.0,2,24.743383884978087,0.0,0.0,-0.3726527541875839,-1.0,0.0,23.63158805872181,
290,24.9748,-0.235171,-0.0172679,0.360046,20.8251,24.8249,0.12020973861217499,0.7179527282714844,0.0,2,24.755456136508588,0.0,0.0,-0.2638127952814102,-1.0,0.0,23.676312297924166,
291,25.4282,0.0723605,-0.0169441,0.360341,20.979,24.9788,-1.0,0.03131461143493652,0.0,2,25.209131163530937,0.0,0.0,-1.120209738612175,-1.0,0.0,23.873068241947283,
292,25.4845,-0.225955,-0.0168361,0.360799,21.1348,25.1346,-0.6468563079833984,0.030211180448532104,0.0,2,25.26636857975875,0.0,0.0,-0.35314369201660156,-1.0,0.0,24.160425472153772,
293,25.4074,-1.03742,-0.011751,0.360514,21.2904,25.2902,-0.6604805588722229,0.0,0.0,2,25.256368073938024,0.0,0.0,-0.013624250888824463,-1.0,0.0,24.252280798671375,
294,25.2638,-1.80764,-0.00218539,0.359212,21.4452,25.445,-1.0,0.0,0.0,2,25.236134064993518,0.0,0.0,-0.3395194411277771,-1.0,0.0,24.134278232655184,
295,25.0956,-2.50765,0.0108212,0.356913,21.5991,25.5989,0.7866382598876953,0.0,0.0,2,24.95835108402243,0.0,0.0,-1.7866382598876953,-1.0,0.0,23.42235960605612,
296,25.0736,-2.63505,0.025645,0.353699,21.7519,25.7517,0.06436555087566376,1.0,0.0,2,24.743884427903303,0.0,0.0,-0.7222727090120316,-1.0,0.0,23.527202615199695,
297,25.6748,-1.86075,0.0349251,0.350627,21.9061,25.9059,-0.0649438202381134,0.4891684055328369,0.0,2,25.210886673001266,0.0,0.0,-0.12930937111377716,-1.0,0.0,24.172093861667133,
298,26.1858,-0.917682,0.0385564,0.348297,22.0646,26.0644,-0.5671281814575195,0.36361515522003174,0.0,2,25.661648535759152,0.0,0.0,-0.5021843612194061,-1.0,0.0,24.51099322739333,
299,26.431,-0.970146,0.0418582,0.346375,22.2251,26.2249,1.0,0.0,0.5614116787910461,2,25.85483286686451,0.0,0.0,-1.5671281814575195,-1.0,0.0,24.384694412427255,
300,25.3332,-0.941328,0.0471148,0.344167,22.3831,26.3829,0.05327725410461426,0.0,0.0,2,24.708524267282396,0.0,0.0,-0.9467227458953857,-1.0,0.0,23.42450744351378,
301,24.6323,-0.489346,0.0501564,0.342173,22.5347,26.5344,1.0,1.0,0.5443913340568542,2,23.983848417272576,0.0,0.0,-0.9467227458953857,-1.0,0.0,22.69983159350396,
302,24.1233,-0.0113875,0.0496605,0.340749,22.6836,26.6834,0.3442983627319336,0.0,0.0,2,23.494818690710982,0.0,0.0,-0.6557016372680664,-1.0,0.0,22.298108199530564,
303,23.5547,0.497132,0.0475853,0.339752,22.8286,26.8284,0.5530115365982056,0.5351939797401428,0.0,2,22.96781960767085,0.0,0.0,-0.20871317386627197,-1.0,0.0,21.90520565551097,
304,23.7963,1.28856,0.0407235,0.33964,22.9734,26.9732,1.0,0.3041684329509735,0.0,2,23.29217039670549,0.0,0.0,-0.44698846340179443,-1.0,0.0,22.15807385768495,
305,23.8887,1.97806,0.0308389,0.340444,23.1196,27.1193,0.5431996583938599,1.0,0.0,2,23.509049140361174,0.0,0.0,-0.45680034160614014,-1.0,0.0,22.372009037879334,
306,24.456,2.1614,0.0187412,0.342031,23.2673,27.2671,1.0,0.0,0.0,2,24.22255127508997,0.0,0.0,-0.45680034160614014,-1.0,0.0,23.08551117260813,
307,24.5399,2.43391,0.00703859,0.343974,23.4177,27.4175,1.0,0.0,0.0,2,24.452929693448773,0.0,0.0,-0.0,-1.0,0.0,23.452929693448773,
308,24.3835,2.95897,-0.00783811,0.346741,23.5671,27.5669,-1.0,1.0,0.0,2,24.28719169274481,0.0,0.0,-2.0,-1.0,0.0,22.687191692744808,
309,25.1148,2.71016,-0.0230511,0.350087,23.7179,27.7176,0.7533115744590759,1.0,0.0,2,24.818691631226887,0.0,0.0,-1.753311574459076,-1.0,0.0,23.292698158889163,
310,25.8742,2.6298,-0.0361137,0.353526,23.8734,27.8732,1.0,1.0,0.27538812160491943,2,25.39022427674832,0.0,0.0,-0.24668842554092407,-1.0,0.0,24.316217749086043,
311,25.9688,2.64037,-0.0493642,0.35734,24.0314,28.0312,1.0,0.0,0.0,2,25.296461493480795,0.0,0.0,-0.0,-1.0,0.0,24.296461493480795,
312,25.7122,2.89497,-0.0633157,0.361562,24.188,28.1878,1.0,0.0,0.0,2,24.847229467227308,0.0,0.0,-0.0,-1.0,0.0,23.847229467227308,
313,25.577,3.3116,-0.0805961,0.366598,24.3429,28.3427,1.0,1.0,0.0,2,24.46438657180346,0.0,0.0,-0.0,-1.0,0.0,23.46438657180346,
314,26.1542,3.36647,-0.0993936,0.372355,24.4983,28.4981,-0.7732948064804077,0.29187482595443726,0.0,2,24.727475506832107,0.0,0.0,-1.7732948064804077,-1.0,0.0,23.195487064887985,
315,26.6615,2.96024,-0.115874,0.378489,24.6571,28.6569,0.3949931263923645,0.6984624862670898,0.0,2,24.94147813366738,0.0,0.0,-1.1682879328727722,-1.0,0.0,23.59099175380555,
316,27.2662,2.13799,-0.125684,0.384338,24.8189,28.8187,-1.0,0.0,0.0,2,25.342173519260477,0.0,0.0,-1.3949931263923645,-1.0,0.0,23.923675581342767,
317,27.389,1.24857,-0.131721,0.389608,24.9835,28.9833,-1.0,0.0,0.0,2,25.353096506800036,0.0,0.0,-0.0,-1.0,0.0,24.353096506800036,
318,27.3588,0.284639,-0.133174,0.394033,25.1488,29.1486,-0.1684856116771698,0.9331320524215698,0.0,2,25.300189559200682,0.0,0.0,-0.8315143883228302,-1.0,0.0,24.050735242703833,
319,27.8957,-0.313325,-0.130345,0.397634,25.316,29.3158,-0.5484646558761597,0.0,0.0,2,25.846174998811655,0.0,0.0,-0.37997904419898987,-1.0,0.0,24.73218128555196,
320,27.9368,-0.966065,-0.125302,0.400645,25.4861,29.4859,-1.0,0.25319284200668335,0.0,2,25.972082646545985,0.0,0.0,-0.45153534412384033,-1.0,0.0,24.836622043308832,
321,27.8839,-1.68565,-0.116608,0.40271,25.6563,29.6561,1.0,1.0,0.3278023600578308,2,26.07247899456747,0.0,0.0,-2.0,-1.0,0.0,24.472478994567467,
322,27.6786,-1.88246,-0.106233,0.403971,25.8264,29.8262,-0.5996828079223633,1.0,0.8952170014381409,2,26.055137471781862,0.0,0.0,-1.5996828079223633,-1.0,0.0,24.575232629405154,
323,27.4104,-1.50938,-0.098568,0.405111,25.9948,29.9946,-0.2590581774711609,0.0,0.0,2,25.92864509067814,0.0,0.0,-0.3406246304512024,-1.0,0.0,24.82645770154278,
324,26.5023,-1.14407,-0.0937048,0.406443,26.1597,30.1595,-0.16845352947711945,0.0,0.0,2,25.146152182773132,0.0,0.0,-0.09060464799404144,-1.0,0.0,24.11897078837492,
325,25.593,-0.906737,-0.0895296,0.407878,26.3184,30.3182,-0.1864629089832306,0.6458137035369873,0.0,2,24.346361902342057,0.0,0.0,-0.018009379506111145,-1.0,0.0,23.340959088490223,
326,25.1693,-0.707344,-0.085983,0.409332,26.4726,30.4723,0.13746893405914307,1.0,0.0,2,23.995584874539436,0.0,0.0,-0.32393184304237366,-1.0,0.0,22.898405321626722,
327,25.5624,-0.703833,-0.0826832,0.410787,26.6272,30.627,-1.0,1.0,0.0,2,24.419484146993977,0.0,0.0,-1.137468934059143,-1.0,0.0,23.078243466776232,
328,26.0451,-0.710611,-0.0793936,0.412221,26.7849,30.7847,-0.44440552592277527,0.0,0.7485254406929016,2,24.930236210693593,0.0,0.0,-0.5555944740772247,-1.0,0.0,23.763557868470425,
329,26.7484,-0.219017,-0.0780928,0.413829,26.946,30.9458,-0.9341832399368286,0.0,0.0,2,25.623511601365895,0.0,0.0,-0.48977771401405334,-1.0,0.0,24.47657828716168,
330,27.4875,-0.25354,-0.0780825,0.415863,27.1115,31.1113,0.2505507171154022,0.02101355791091919,0.25091052055358887,2,26.331692395966183,0.0,0.0,-1.1847339570522308,-1.0,0.0,24.976272208850514,
331,26.3627,-0.413363,-0.0754101,0.417592,27.2763,31.2761,-0.3612850308418274,0.11438542604446411,0.0,2,25.29471226478634,0.0,0.0,-0.6118357479572296,-1.0,0.0,24.111161540399173,
332,25.4957,-0.48162,-0.0729382,0.419118,27.434,31.4338,-1.0,1.0,0.0,2,24.498930712874063,0.0,0.0,-0.6387149691581726,-1.0,0.0,23.307316222126612,
333,24.4789,-0.773544,-0.0688556,0.420268,27.5864,31.5862,0.4379306435585022,0.6705058217048645,0.0,2,23.578805642725438,0.0,0.0,-1.4379306435585022,-1.0,0.0,22.14742644965789,
334,24.2765,-1.11901,-0.0629509,0.420929,27.7348,31.7346,-0.602766752243042,1.0,0.0,2,23.464805045488394,0.0,0.0,-1.0406973958015442,-1.0,0.0,22.15259582674793,
335,24.7038,-1.65164,-0.0543256,0.42098,27.8846,31.8844,-0.07238106429576874,0.0,0.0,2,23.9966607976564,0.0,0.0,-0.5303856879472733,-1.0,0.0,22.83754509127222,
336,25.2392,-2.26959,-0.0406505,0.420186,28.0378,32.0376,0.29030901193618774,0.8421526551246643,0.0,2,24.7054976697095,0.0,0.0,-0.3626900762319565,-1.0,0.0,23.596690646839914,
337,25.7905,-2.46265,-0.0255255,0.418569,28.1943,32.1941,-0.05508749186992645,1.0,0.0,2,25.452976580016948,0.0,0.0,-0.3453965038061142,-1.0,0.0,24.349357628875115,
338,26.5408,-2.28206,-0.0140793,0.416728,28.3547,32.3544,1.0,0.34546130895614624,0.0,2,26.351337725936435,0.0,0.0,-1.0550874918699265,-1.0,0.0,25.034811478375456,
339,27.2748,-2.24601,-0.00296508,0.414683,28.5194,32.5192,-0.10917723178863525,1.0,0.0,2,27.234244181424494,0.0,0.0,-1.1091772317886353,-1.0,0.0,25.901491011887902,
340,27.4498,-1.78817,0.00661761,0.412526,28.687,32.6868,0.8523575663566589,0.37565556168556213,0.0,2,27.358373578342803,0.0,0.0,-0.9615347981452942,-1.0,0.0,26.069913138899214,
341,27.9619,-0.94989,0.0110963,0.410909,28.8561,32.8558,1.0,0.7592995166778564,0.0,2,27.805044941123853,0.0,0.0,-0.14764243364334106,-1.0,0.0,26.76075221103085,
342,28.6623,-0.465585,0.011789,0.409963,29.0291,33.0289,0.6382154822349548,0.0,0.8295958638191223,2,28.4913622584552,0.0,0.0,-0.36178451776504517,-1.0,0.0,27.382826903125686,
343,28.9807,0.153751,0.0110282,0.409444,29.2056,33.2054,0.060837164521217346,1.0,0.0,2,28.81913844551327,0.0,0.0,-0.5773783177137375,-1.0,0.0,27.64592495019915,
344,29.6086,0.270051,0.00810873,0.409505,29.3845,33.3843,1.0,0.0,0.0,2,29.487583844339028,0.0,0.0,-0.9391628354787827,-1.0,0.0,28.205834993695394,
345,29.956,0.494729,0.00640004,0.409597,29.5669,33.5667,1.0,0.0,0.0,2,29.8595273508351,0.0,0.0,-0.0,-1.0,0.0,28.8595273508351,
346,30.3549,1.16279,0.000379682,0.41035,29.7512,33.751,-0.5439250469207764,0.6649830341339111,0.0,2,30.349135207610352,0.0,0.0,-1.5439250469207764,-1.0,0.0,28.88595769353412,
347,29.1297,1.23927,-0.00785716,0.411753,29.9336,33.9334,-0.26250696182250977,0.0,0.0,2,29.014363664791066,0.0,0.0,-0.2814180850982666,-1.0,0.0,27.929938239261585,
348,28.5932,1.06524,-0.0144626,0.413208,30.1089,34.1087,1.0,1.0,0.0,2,28.383450878930315,0.0,0.0,-1.2625069618225098,-1.0,0.0,27.00469879038356,
349,28.4711,1.46669,-0.0216421,0.414907,30.2831,34.2829,0.115047387778759,0.4623998701572418,0.0,2,28.156369459447713,0.0,0.0,-0.884952612221241,-1.0,0.0,26.890883675781343,
350,28.2714,2.27351,-0.0340578,0.417603,30.4561,34.4559,0.3204490542411804,1.0,0.0,2,27.773667331915938,0.0,0.0,-0.20540166646242142,-1.0,0.0,26.71204683197721,
351,28.6344,2.55555,-0.049794,0.421366,30.6289,34.6287,0.22593292593955994,0.4574253559112549,0.0,2,27.88629257106099,0.0,0.0,-0.09451612830162048,-1.0,0.0,26.857937732570505,
352,28.8718,1.92946,-0.0608989,0.425293,30.804,34.8037,-0.15794667601585388,0.48880988359451294,0.0,2,27.93969133845339,0.0,0.0,-0.3838796019554138,-1.0,0.0,26.824527457866765,
353,29.5183,1.84342,-0.0691551,0.429016,30.9813,34.9811,0.1816411018371582,0.6765646934509277,0.0,2,28.42788641438061,0.0,0.0,-0.3395877778530121,-1.0,0.0,27.326010081024705,
354,29.9539,1.69883,-0.0783663,0.433136,31.1619,35.1617,-1.0,0.6037123799324036,0.0,2,28.68948226221758,0.0,0.0,-1.1816411018371582,-1.0,0.0,27.334989931666435,
355,30.6329,1.46345,-0.0849007,0.437195,31.3457,35.3455,-0.7547367811203003,1.0,0.0,2,29.223747680443097,0.0,0.0,-0.2452632188796997,-1.0,0.0,28.150168714779188,
356,31.0645,1.16564,-0.0903082,0.441264,31.5331,35.5329,-0.29586970806121826,0.2833062410354614,0.0,2,29.53712800652219,0.0,0.0,-0.45886707305908203,-1.0,0.0,28.399467884604466,
357,31.4305,0.554333,-0.0929921,0.445079,31.7229,35.7227,-0.0003070831298828125,0.11116240918636322,0.26334482431411743,2,29.835411029140243,0.0,0.0,-0.29556262493133545,-1.0,0.0,28.746742241660844,
358,31.8939,0.398752,-0.093447,0.448425,31.9154,35.9152,-1.0,1.0,0.6466867327690125,2,30.266720318343364,0.0,0.0,-0.9996929168701172,-1.0,0.0,28.96681244328233,
359,32.3377,0.0904886,-0.0945438,0.451833,32.1108,36.1106,-0.5331048965454102,0.2131911665201187,1.0,2,30.666893666634785,0.0,0.0,-0.46689510345458984,-1.0,0.0,29.526825135598408,
360,32.9216,-0.620514,-0.090617,0.45462,32.3096,36.3094,-0.8411035537719727,0.0,0.767242431640625,2,31.296937836022483,0.0,0.0,-0.3079986572265625,-1.0,0.0,30.204538238854514,
361,33.1631,-1.11461,-0.0835073,0.456604,32.5116,36.5114,-0.07224732637405396,1.0,0.0,2,31.66446455907172,0.0,0.0,-0.7688562273979187,-1.0,0.0,30.433807690852344,
362,32.5931,-0.752006,-0.0787444,0.458333,32.7126,36.7124,-0.17769576609134674,0.8213037848472595,0.0,2,31.210166223720478,0.0,0.0,-0.10544843971729279,-1.0,0.0,30.17853169180529,
363,31.8233,-0.588796,-0.076409,0.460236,32.9089,36.9087,0.8839461207389832,0.15254522860050201,0.0,2,30.515837065519307,0.0,0.0,-1.06164188683033,-1.0,0.0,29.19734449947021,
364,30.3085,-0.506522,-0.0738681,0.462056,33.0985,37.0982,0.842597484588623,1.0,0.0,2,29.1074505674745,0.0,0.0,-0.04134863615036011,-1.0,0.0,28.095045976629393,
365,28.5704,-0.395376,-0.0717726,0.463776,33.2776,37.2774,-0.6487784385681152,0.7120848298072815,0.653294563293457,2,27.472438233883842,0.0,0.0,-1.4913759231567383,-1.0,0.0,26.02502545693682,
366,27.5262,-0.400087,-0.0698648,0.465403,33.4475,37.4473,-0.018648386001586914,0.8408106565475464,0.0,2,26.498274208164762,0.0,0.0,-0.6301300525665283,-1.0,0.0,25.309235192394805,
367,27.7153,-0.564968,-0.0661122,0.466817,33.6153,37.6151,1.0,0.5710152387619019,0.0,2,26.73926024424712,0.0,0.0,-1.018648386001587,-1.0,0.0,25.433665728446645,
368,28.0515,-0.0352986,-0.0647002,0.468323,33.786,37.7858,0.16314494609832764,0.6958988904953003,0.0,2,27.085971229726827,0.0,0.0,-0.8368550539016724,-1.0,0.0,25.834914713556326,
369,28.6046,0.721958,-0.0689734,0.470632,33.9586,37.9584,0.5332933664321899,0.0,0.0,2,27.55088993278466,0.0,0.0,-0.3701484203338623,-1.0,0.0,26.4398454066845,
370,28.051,0.899068,-0.0744221,0.473612,34.1314,38.1312,1.0,1.0,0.0,2,26.930509643426372,0.0,0.0,-0.46670663356781006,-1.0,0.0,25.79049765335603,
371,27.9642,0.682108,-0.0775782,0.476583,34.3013,38.3011,0.4105977416038513,1.0,0.15549856424331665,2,26.79647419537934,0.0,0.0,-0.5894022583961487,-1.0,0.0,25.619653517860495,
372,28.1138,0.753634,-0.0804578,0.479472,34.4716,38.4714,-0.5263983011245728,0.0,0.0,2,26.893084921453035,0.0,0.0,-0.9369960427284241,-1.0,0.0,25.611986108634508,
373,28.6063,0.763838,-0.0846883,0.482697,34.6439,38.6437,-1.0,0.8601392507553101,0.0,2,27.29391552147758,0.0,0.0,-0.47360169887542725,-1.0,0.0,26.151835011814953,
374,28.6095,1.16569,-0.0899419,0.486155,34.8179,38.8176,-0.8192545175552368,0.38692599534988403,0.0,2,27.208996632009768,0.0,0.0,-0.18074548244476318,-1.0,0.0,26.15477298727634,
375,29.0854,1.76029,-0.100044,0.490417,34.9924,38.9922,-1.0,0.44424182176589966,0.3677878975868225,2,27.487482249254324,0.0,0.0,-0.18074548244476318,-1.0,0.0,26.433258604520894,
376,29.331,2.03074,-0.112943,0.495565,35.1689,39.1687,0.04974094033241272,0.0,0.0,2,27.491277536625496,0.0,0.0,-1.0497409403324127,-1.0,0.0,26.176355254525774,
377,29.4803,1.53717,-0.12212,0.500916,35.3463,39.3461,-0.3799833059310913,0.0,0.7220266461372375,2,27.46515256180259,0.0,0.0,-0.42972424626350403,-1.0,0.0,26.33623528792354,
378,30.0883,0.656749,-0.125098,0.505737,35.5261,39.5258,0.7414014339447021,0.021991461515426636,0.0,2,27.976085100202862,0.0,0.0,-1.1213847398757935,-1.0,0.0,26.639669678240125,
379,30.3468,-0.290152,-0.122878,0.509694,35.7094,39.7092,0.6290923357009888,0.14916688203811646,0.0,2,28.25819628502231,0.0,0.0,-0.11230909824371338,-1.0,0.0,27.224503555549198,
380,29.8358,-0.880884,-0.117803,0.512726,35.8927,39.8924,0.9045417904853821,1.0,0.6963542699813843,2,27.87570392772981,0.0,0.0,-0.2754494547843933,-1.0,0.0,26.79306909129449,
381,29.2551,-1.36085,-0.110892,0.515055,36.0724,40.0722,-0.9381811618804932,1.0,0.0,2,27.456652889404946,0.0,0.0,-1.8427229523658752,-1.0,0.0,25.903836003695183,
382,27.9238,-1.33277,-0.102048,0.516724,36.2473,40.2471,-0.6355434656143188,0.0,0.16185778379440308,2,26.356217421532115,0.0,0.0,-0.3026376962661743,-1.0,0.0,25.265426112652264,
383,26.9305,-0.938689,-0.0959133,0.5183,36.4137,40.4135,0.11199846863746643,0.0,0.08774828910827637,2,25.51720591908815,0.0,0.0,-0.7475419342517853,-1.0,0.0,24.292943338812613,
384,26.9584,0.101797,-0.0964793,0.520549,36.5779,40.5777,-0.6912825107574463,1.0,0.0,2,25.534582247297706,0.0,0.0,-0.8032809793949127,-1.0,0.0,24.29359795347923,
385,26.2717,0.554196,-0.100373,0.523651,36.7397,40.7395,0.3220576047897339,0.0,0.0,2,24.82319891968884,0.0,0.0,-1.0133401155471802,-1.0,0.0,23.519196885024684,
386,26.0463,0.654869,-0.103715,0.526947,36.8978,40.8976,-0.40121519565582275,0.0,0.0,2,24.558062317258454,0.0,0.0,-0.7232728004455566,-1.0,0.0,23.341080477124788,
387,25.6681,0.541582,-0.107493,0.530426,37.0547,41.0545,-0.7903116345405579,0.5486733913421631,0.2611522078514099,2,24.14303325426569,0.0,0.0,-0.3890964388847351,-1.0,0.0,23.026304322600268,
388,25.3444,0.427041,-0.1093,0.533671,37.2092,41.209,-1.0,0.055707573890686035,0.0,2,23.810847026226938,0.0,0.0,-0.20968836545944214,-1.0,0.0,22.747940516589104,
389,25.9351,-0.0778107,-0.109153,0.536743,37.3646,41.3643,-0.3759007155895233,0.420257568359375,0.0,2,24.368115088084892,0.0,0.0,-0.6240992844104767,-1.0,0.0,23.180885302761748,
390,26.0402,-0.134098,-0.107082,0.539378,37.523,41.5228,-1.0,1.0,0.0,2,24.4994915200159,0.0,0.0,-0.6240992844104767,-1.0,0.0,23.312261734692758,
391,26.0217,-0.29813,-0.106447,0.542104,37.6812,41.681,-0.4797551929950714,0.9117720723152161,0.0,2,24.492061751499822,0.0,0.0,-0.5202448070049286,-1.0,0.0,23.335988309398342,
392,25.6862,-0.803493,-0.102541,0.544261,37.8388,41.8386,-1.0,0.9213812947273254,0.0,2,24.236639836383837,0.0,0.0,-0.5202448070049286,-1.0,0.0,23.080566394282357,
393,25.379,-1.48048,-0.0954561,0.545705,37.9945,41.9943,-0.8134733438491821,0.8312901258468628,1.0,2,24.0540112336952,0.0,0.0,-0.18652665615081787,-1.0,0.0,22.998053236849955,
394,25.3752,-2.08593,-0.0842295,0.546143,38.1496,42.1494,0.5206708908081055,0.0,0.0,2,24.217832628474557,0.0,0.0,-1.3341442346572876,-1.0,0.0,22.81758935807737,
395,25.8771,-2.48849,-0.071054,0.545858,38.3068,42.3065,0.5473834276199341,0.8606122136116028,0.0,2,24.893242640581125,0.0,0.0,-0.026712536811828613,-1.0,0.0,23.885228879537575,
396,26.5496,-2.55054,-0.0555824,0.544912,38.4676,42.4674,0.6119061708450317,0.0,0.0,2,25.771133962502752,0.0,0.0,-0.06452274322509766,-1.0,0.0,24.75177713953522,
397,27.1825,-2.73289,-0.0415515,0.54363,38.6328,42.6326,0.19601242244243622,0.0,0.0,2,26.59446338099685,0.0,0.0,-0.4158937484025955,-1.0,0.0,25.469695256476072,
398,26.4125,-2.48071,-0.0283822,0.54186,38.7977,42.7974,0.13159996271133423,0.0,0.0,2,26.02709032119469,0.0,0.0,-0.06441245973110199,-1.0,0.0,25.007766583275362,
399,25.565,-2.01794,-0.0185164,0.540232,38.9563,42.9561,-1.0,1.0,0.0,2,25.323945196403695,0.0,0.0,-1.1315999627113342,-1.0,0.0,23.984465207590294,
400,25.4483,-1.37127,-0.0116806,0.538859,39.1114,43.1112,0.6095497012138367,1.0,0.0,2,25.29794165545765,0.0,0.0,-1.6095497012138367,-1.0,0.0,23.8150767450935,
401,25.5788,-0.271684,-0.0110179,0.53834,39.2679,43.2677,1.0,0.0,0.0,2,25.436337978453075,0.0,0.0,-0.39045029878616333,-1.0,0.0,24.319202888817227,
402,25.4489,0.766508,-0.0153558,0.538991,39.4237,43.4235,-1.0,1.0,0.0,2,25.250513195701743,0.0,0.0,-2.0,-1.0,0.0,23.65051319570174,
403,25.3943,1.16007,-0.0227043,0.540619,39.5789,43.5786,-0.45098280906677246,1.0,0.0,2,25.099499951717544,0.0,0.0,-0.5490171909332275,-1.0,0.0,23.934794794437575,
404,25.414,0.6855,-0.026308,0.542145,39.7339,43.7337,0.8823325634002686,1.0,0.0,2,25.07094865876534,0.0,0.0,-1.333315372467041,-1.0,0.0,23.670954047025226,
405,26.0504,0.0807336,-0.0266465,0.543243,39.891,43.8908,0.8380826115608215,0.0,0.0,2,25.694117266275093,0.0,0.0,-0.04424995183944702,-1.0,0.0,24.680842280723258,
406,26.7992,0.00456165,-0.0248613,0.543844,40.0526,44.0524,0.41509538888931274,0.6938577890396118,0.0,2,26.45782118570368,0.0,0.0,-0.4229872226715088,-1.0,0.0,25.330925018902228,
407,26.8302,0.643225,-0.027686,0.544891,40.2167,44.2165,0.8893522620201111,0.0,0.0,2,26.44855477502838,0.0,0.0,-0.47425687313079834,-1.0,0.0,25.30627771308914,
408,27.4601,0.85289,-0.0333701,0.5466,40.3822,44.382,-0.38049766421318054,0.8910976648330688,0.0,2,26.98672402311118,0.0,0.0,-1.2698499262332916,-1.0,0.0,25.605769045241193,
409,28.2205,0.249437,-0.0349207,0.548136,40.5523,44.5521,-0.536096453666687,0.0,0.0,2,27.710655261936346,0.0,0.0,-0.15559878945350647,-1.0,0.0,26.663975625100292,
410,28.9446,0.0693231,-0.0337242,0.549194,40.7271,44.7268,-0.8047019839286804,0.0,0.0,2,28.440167669485316,0.0,0.0,-0.2686055302619934,-1.0,0.0,27.35958601040672,
411,28.9802,0.678299,-0.0367282,0.550598,40.9042,44.904,0.5899618864059448,0.677636981010437,0.0,2,28.428579974980796,0.0,0.0,-1.3946638703346252,-1.0,0.0,27.010180813880407,
412,29.3696,1.227,-0.0436459,0.552795,41.0821,45.0819,0.49030035734176636,0.970919132232666,0.0,2,28.70090257675478,0.0,0.0,-0.09966152906417847,-1.0,0.0,27.671004118035526,
413,29.3401,1.83659,-0.0532359,0.555786,41.2611,45.2609,-0.0957617312669754,0.0,0.0,2,28.51792952142834,0.0,0.0,-0.5860620886087418,-1.0,0.0,27.342110894845717,
414,29.8738,1.9725,-0.0657021,0.559601,41.4407,45.4405,0.191614031791687,0.0,0.0,2,28.828664309381832,0.0,0.0,-0.2873757630586624,-1.0,0.0,27.742451580464234,
415,30.095,1.27093,-0.0732648,0.563375,41.6233,45.6231,-1.0,0.6672178506851196,0.0,2,28.912799127264993,0.0,0.0,-1.191614031791687,-1.0,0.0,27.555314917727486,
416,30.0619,0.307277,-0.0748402,0.566416,41.8063,45.8061,-0.678409993648529,1.0,0.06701254844665527,2,28.853880626988968,0.0,0.0,-0.32159000635147095,-1.0,0.0,27.757403625083526,
417,30.4607,-0.118337,-0.0725332,0.568644,41.9906,45.9904,-1.0,0.0,0.0,2,29.276869638439948,0.0,0.0,-0.32159000635147095,-1.0,0.0,28.180392636534506,
418,31.0882,0.465537,-0.0745763,0.571096,42.1782,46.178,-0.9673452973365784,0.5418432950973511,0.0,2,29.84364237408097,0.0,0.0,-0.03265470266342163,-1.0,0.0,28.833845963281945,
419,31.1749,0.662632,-0.0795111,0.574239,42.3679,46.3677,0.07897123694419861,1.0,0.0,2,29.838337995537188,0.0,0.0,-1.046316534280777,-1.0,0.0,28.524443035252954,
420,31.1612,0.708611,-0.0826105,0.577148,42.5403,46.54,-0.984671950340271,0.0,0.0,2,29.769273070666742,0.0,0.0,-1.0636431872844696,-1.0,0.0,28.4501801144814,
421,31.5781,0.309137,-0.0845886,0.580098,42.7137,46.7134,-0.7769348621368408,1.0,0.0,2,30.131211561560843,0.0,0.0,-0.20773708820343018,-1.0,0.0,29.068890435099814,
422,31.9981,-0.359652,-0.082159,0.582509,42.8898,46.8896,-1.0,0.47843751311302185,0.0,2,30.577177875059157,0.0,0.0,-0.22306513786315918,-1.0,0.0,29.510258333700207,
423,31.9394,-1.087,-0.0761375,0.584167,43.0674,47.0672,-0.6791715025901794,0.42739424109458923,0.0,2,30.632151021032858,0.0,0.0,-0.32082849740982056,-1.0,0.0,29.535902471809912,
424,31.971,-1.73498,-0.0669414,0.584961,43.2449,47.2447,-1.0,0.0,0.0,2,30.83010058454899,0.0,0.0,-0.32082849740982056,-1.0,0.0,29.733852035326045,
425,32.3615,-2.1596,-0.0547884,0.584941,43.4239,47.4236,0.36976659297943115,0.8076930046081543,0.0,2,31.42686732874291,0.0,0.0,-1.3697665929794312,-1.0,0.0,30.015937350849082,
426,32.4556,-2.61069,-0.0407484,0.584208,43.6048,47.6046,-0.7015926241874695,0.08027344942092896,0.0,2,31.76758466275195,0.0,0.0,-1.0713592171669006,-1.0,0.0,30.44617689760188,
427,32.6808,-2.88829,-0.0251026,0.582631,43.7857,47.7855,-0.8968315124511719,1.0,0.0,2,32.26036034521992,0.0,0.0,-0.1952388882637024,-1.0,0.0,31.20178867874081,
428,32.9939,-3.16079,-0.00813738,0.580363,43.9687,47.9685,-0.11159485578536987,1.0,0.0,2,32.858567158780254,0.0,0.0,-0.785236656665802,-1.0,0.0,31.622996161780513,
429,33.2498,-3.1828,0.00895968,0.577382,44.1526,48.1524,1.0,0.04449886083602905,0.0,2,33.099513639547126,0.0,0.0,-1.1115948557853699,-1.0,0.0,31.766035182811514,
430,33.2777,-3.34867,0.025134,0.573903,44.3374,48.3372,-1.0,0.4883440434932709,0.0,2,32.84903266655254,0.0,0.0,-2.0,-1.0,0.0,31.249032666552537,
431,33.4617,-3.2947,0.042455,0.569763,44.5216,48.5214,0.13170073926448822,0.0,0.0,2,32.72145351687063,0.0,0.0,-1.1317007392644882,-1.0,0.0,31.381943295091283,
432,33.7015,-3.1488,0.0579083,0.565277,44.7074,48.7072,1.0,1.0,0.0,2,32.66975596035294,0.0,0.0,-0.8682992607355118,-1.0,0.0,31.409266182132285,
433,33.9482,-3.28193,0.0740802,0.560293,44.8935,48.8933,-0.2010364830493927,0.3894020915031433,0.0,2,32.598795914522434,0.0,0.0,-1.2010364830493927,-1.0,0.0,31.23848496960762,
434,34.632,-3.00148,0.0911846,0.554759,45.082,49.0818,0.3656904995441437,1.0,0.0,2,32.91135820116503,0.0,0.0,-0.5667269825935364,-1.0,0.0,31.74134010638697,
435,34.9899,-2.26769,0.103201,0.549225,45.2736,49.2734,-0.23011210560798645,0.0,0.0,2,33.001443137111785,0.0,0.0,-0.5958026051521301,-1.0,0.0,31.822702355566143,
436,35.1814,-2.01825,0.111435,0.543884,45.4661,49.4659,-1.0,0.0,0.6454572081565857,2,33.007023620809555,0.0,0.0,-0.7698878943920135,-1.0,0.0,31.776057252491952,
437,35.2424,-1.79283,0.120501,0.5383,45.6593,49.6591,0.032028019428253174,1.0,0.0,2,32.86860376926083,0.0,0.0,-1.0320280194282532,-1.0,0.0,31.558995363432352,
438,35.7206,-1.02091,0.12508,0.53301,45.8537,49.8535,1.0,1.0,0.0,2,33.213393792722954,0.0,0.0,-0.9679719805717468,-1.0,0.0,31.92300219855143,
439,36.0764,-0.670183,0.126294,0.528168,46.0514,50.0512,0.5402223467826843,0.0,0.0,2,33.51700458253566,0.0,0.0,-0.4597776532173157,-1.0,0.0,32.379071286570465,
440,36.6449,-0.356117,0.128096,0.523356,46.2514,50.2511,-0.00026535987854003906,0.0,0.0,2,34.00404615175532,0.0,0.0,-0.5404877066612244,-1.0,0.0,32.84189983975695,
441,36.7628,-0.302009,0.12819,0.518819,46.4538,50.4535,-0.2676994502544403,0.026874221861362457,0.0,2,34.11129426430321,0.0,0.0,-0.26743409037590027,-1.0,0.0,33.03106403719044,
442,35.7201,-0.537723,0.131355,0.514058,46.6533,50.6531,1.0,0.6650252342224121,0.07930612564086914,2,33.07311680037953,0.0,0.0,-1.2676994502544403,-1.0,0.0,31.6928069653032,
443,35.2824,-0.625732,0.135269,0.509176,46.8476,50.8474,1.0,0.0,0.876240074634552,2,32.58106165736955,0.0,0.0,-0.0,-1.0,0.0,31.581061657369553,
444,35.9035,-0.22553,0.137876,0.504262,47.0431,51.0429,1.0,0.0,0.18721064925193787,2,33.095500212008595,0.0,0.0,-0.0,-1.0,0.0,32.095500212008595,
445,36.0669,0.491678,0.135164,0.499847,47.2419,51.2417,0.42747074365615845,1.0,0.0,2,33.30788445594452,0.0,0.0,-0.5725292563438416,-1.0,0.0,32.13612567904136,
446,36.0122,0.887699,0.129113,0.496185,47.4409,51.4407,-0.13984329998493195,0.25390124320983887,0.0,2,33.39408428443501,0.0,0.0,-0.5673140436410904,-1.0,0.0,32.22389007134268,
447,36.0203,0.324138,0.126585,0.492513,47.6398,51.6396,-0.6300141215324402,0.0,0.5714108943939209,2,33.45836361279809,0.0,0.0,-0.49017082154750824,-1.0,0.0,32.31131236633384,
448,36.1998,0.156873,0.127172,0.488393,47.8388,51.8386,-1.0,0.317136287689209,0.0,2,33.61186862592846,0.0,0.0,-0.3699858784675598,-1.0,0.0,32.50087286238819,
449,35.0661,0.311362,0.125196,0.484477,48.0358,52.0356,-0.12880626320838928,1.0,0.0,2,32.6023071092071,0.0,0.0,-0.8711937367916107,-1.0,0.0,31.34094898816962,
450,33.8419,0.39281,0.12276,0.480845,48.2253,52.2251,0.3561317026615143,0.37650492787361145,0.0,2,31.515218589523055,0.0,0.0,-0.48493796586990356,-1.0,0.0,30.369737199762085,
451,33.5121,0.662776,0.118891,0.477559,48.4108,52.4106,0.2674865126609802,0.0,0.0,2,31.288077244418965,0.0,0.0,-0.08864519000053406,-1.0,0.0,30.261483687418803,
452,33.7751,0.87034,0.11244,0.474721,48.597,52.5968,-1.0,0.0,0.0,2,31.66698214846096,0.0,0.0,-1.2674865126609802,-1.0,0.0,30.286736194662666,
453,32.7745,0.528666,0.109564,0.471924,48.7816,52.7814,-1.0,0.0,0.0,2,30.786117101768426,0.0,0.0,-0.0,-1.0,0.0,29.786117101768426,
454,32.3212,-0.0458951,0.109711,0.468892,48.9608,52.9606,1.0,0.0,0.0,2,30.357436963158165,0.0,0.0,-2.0,-1.0,0.0,28.757436963158163,
455,32.7219,-0.634641,0.114617,0.465139,49.1399,53.1397,-0.6828278303146362,0.0,0.0,2,30.636060630183767,0.0,0.0,-1.6828278303146362,-1.0,0.0,29.131212281089375,
456,33.1321,-0.259011,0.117546,0.461141,49.3216,53.3214,0.6942371129989624,0.0,0.0,2,30.960677545377045,0.0,0.0,-1.3770649433135986,-1.0,0.0,29.547558062382965,
457,33.1145,0.400094,0.115368,0.457652,49.5046,53.5043,-0.2841948866844177,0.6379094123840332,0.0,2,30.988428739420165,0.0,0.0,-0.9784319996833801,-1.0,0.0,29.69489913951515,
458,33.1005,0.363183,0.112309,0.45461,49.6877,53.6875,-1.0,0.6867470145225525,1.0,2,31.037128863327826,0.0,0.0,-0.7158051133155823,-1.0,0.0,29.82238732933315,
459,33.052,-0.283988,0.113556,0.451192,49.8703,53.8701,0.404438853263855,0.5247756838798523,0.0,2,30.966530819740285,0.0,0.0,-1.404438853263855,-1.0,0.0,29.54519916376113,
460,33.0101,-0.621768,0.11786,0.447154,50.0521,54.0519,-0.7751114368438721,0.0,0.0,2,30.840309297404218,0.0,0.0,-1.179550290107727,-1.0,0.0,29.4864442103719,
461,32.9728,-0.918517,0.122076,0.442851,50.2336,54.2334,-0.5739213228225708,0.0,0.0,2,30.71981687502916,0.0,0.0,-0.20119011402130127,-1.0,0.0,29.65945984082277,
462,32.9574,-0.92937,0.127928,0.43811,50.4146,54.4143,-1.0,0.5079590678215027,0.0,2,30.585742394338638,0.0,0.0,-0.4260786771774292,-1.0,0.0,29.45791879118541,
463,33.2527,-1.00844,0.132151,0.433319,50.5962,54.5959,0.2152039110660553,1.0,0.0,2,30.77196251049856,0.0,0.0,-1.2152039110660553,-1.0,0.0,29.407401337178744,
464,32.3155,-1.01002,0.13734,0.428274,50.7763,54.7761,0.49445706605911255,1.0,0.0,2,29.79907109114081,0.0,0.0,-0.27925315499305725,-1.0,0.0,28.715295144642894,
465,31.7438,-0.882086,0.141379,0.423289,50.9512,54.951,0.37035125494003296,0.884684681892395,0.24122199416160583,2,29.190594744412458,0.0,0.0,-0.12410581111907959,-1.0,0.0,28.153363001076734,
466,31.1744,-1.07752,0.145813,0.418304,51.1233,55.1231,1.0,0.0,0.0,2,28.57880952502695,0.0,0.0,-0.629648745059967,-1.0,0.0,27.389914901508963,
467,31.021,-1.7339,0.154788,0.412689,51.2928,55.2926,-1.0,1.0,0.0,2,28.258856609639793,0.0,0.0,-2.0,-1.0,0.0,26.65885660963979,
468,31.0351,-2.29516,0.166797,0.40625,51.461,55.4608,-0.155803844332695,0.0,0.0,2,28.028086569993786,0.0,0.0,-0.844196155667305,-1.0,0.0,26.774827723293594,
469,31.504,-2.47835,0.181119,0.399017,51.6296,55.6294,-0.8433653712272644,1.0,0.0,2,28.151267187852213,0.0,0.0,-0.6875615268945694,-1.0,0.0,26.94499872978384,
470,32.3223,-1.89966,0.192202,0.39153,51.8018,55.8015,0.10483039915561676,0.0,0.1953912377357483,2,28.6400008180822,0.0,0.0,-0.9481957703828812,-1.0,0.0,27.355542086967336,
471,32.5677,-1.21994,0.197628,0.384318,51.9774,55.9772,-0.1294182538986206,1.0,0.158454030752182,2,28.736534642944807,0.0,0.0,-0.23424865305423737,-1.0,0.0,27.666260047028537,
472,32.3937,-0.444092,0.19926,0.377665,52.1534,56.1531,1.0,0.0,0.8676755428314209,2,28.546666662340883,0.0,0.0,-1.1294182538986206,-1.0,0.0,27.207841186171297,
473,32.8491,0.158618,0.197208,0.371653,52.3308,56.3306,-0.10807210952043533,1.0,0.12725022435188293,2,28.994301965037113,0.0,0.0,-1.1080721095204353,-1.0,0.0,27.66188033218098,
474,32.9764,-0.0915727,0.196308,0.365784,52.5105,56.5103,-0.045694172382354736,1.0,0.0,2,29.127018469036678,0.0,0.0,-0.0623779371380806,-1.0,0.0,28.108305087895253,
475,33.4401,-0.649837,0.199809,0.359395,52.6909,56.6906,-0.2663056254386902,0.0,0.0,2,29.456161472401757,0.0,0.0,-0.22061145305633545,-1.0,0.0,28.389978036484855,
476,33.0653,-0.914892,0.205793,0.352397,52.8713,56.8711,-0.06739082932472229,0.0,0.0,2,28.989257883422376,0.0,0.0,-0.1989147961139679,-1.0,0.0,27.929583444588186,
477,33.0909,-0.697176,0.209323,0.345378,53.0499,57.0497,0.703799843788147,0.0,0.0,2,28.93047893778446,0.0,0.0,-0.7711906731128693,-1.0,0.0,27.6991217358506,
478,31.9636,-0.495937,0.211391,0.338542,53.2264,57.2262,0.9681000709533691,0.0,0.0,2,27.898786799828915,0.0,0.0,-0.26430022716522217,-1.0,0.0,26.819496731679347,
479,31.2275,-0.374592,0.212673,0.332041,53.3965,57.3963,1.0,0.0,1.0,2,27.228303176712732,0.0,0.0,-0.03189992904663086,-1.0,0.0,26.21873319799874,
480,31.324,-0.291726,0.213747,0.325633,53.5654,57.5652,1.0,0.595645546913147,0.5870130062103271,2,27.288886069402622,0.0,0.0,-0.0,-1.0,0.0,26.288886069402622,
481,31.5358,-0.689714,0.216524,0.31899,53.736,57.7358,0.26194679737091064,0.0,0.0,2,27.4119287858127,0.0,0.0,-0.7380532026290894,-1.0,0.0,26.190512825023976,
482,31.5349,-0.535872,0.219999,0.312063,53.9063,57.9061,-1.0,0.0,0.0007715225219726562,2,27.333926073699168,0.0,0.0,-1.2619467973709106,-1.0,0.0,25.955342034487895,
483,31.5115,0.0533061,0.219983,0.305461,54.0769,58.0767,0.5508176684379578,0.0,0.0,2,27.31399938334122,0.0,0.0,-1.5508176684379578,-1.0,0.0,25.848754082809833,
484,31.4179,0.812158,0.215689,0.299571,54.2481,58.2479,0.4147070348262787,0.0,0.7830747961997986,2,27.32788349395043,0.0,0.0,-0.13611063361167908,-1.0,0.0,26.287050303866927,
485,30.2007,0.967586,0.208908,0.294423,54.4168,58.4166,-0.6692445278167725,1.0,0.4825289249420166,2,26.41238721336366,0.0,0.0,-1.0839515626430511,-1.0,0.0,25.087201744570745,
486,28.9559,0.839214,0.203709,0.289642,54.578,58.5778,1.0,0.0,0.2552635371685028,2,25.4282450456995,0.0,0.0,-1.6692445278167725,-1.0,0.0,23.92747168735447,
487,28.0831,0.755643,0.20025,0.285065,54.7338,58.7336,0.0579611137509346,0.09646585583686829,0.0,2,24.728846371335845,0.0,0.0,-0.9420388862490654,-1.0,0.0,23.446234705461126,
488,27.3518,0.927128,0.196082,0.280762,54.8853,58.885,1.0,0.0,0.4884643256664276,2,24.163222408003087,0.0,0.0,-0.9420388862490654,-1.0,0.0,22.88061074212837,
489,27.2853,1.5268,0.188718,0.277028,55.0356,59.0354,0.24090370535850525,0.0,0.0,2,24.241505816541167,0.0,0.0,-0.7590962946414948,-1.0,0.0,23.01377692814872,
490,26.0584,1.43175,0.180401,0.273875,55.183,59.1828,1.0,0.0,0.0,2,23.29776744043039,0.0,0.0,-0.7590962946414948,-1.0,0.0,22.070038552037943,
491,25.295,1.21021,0.174549,0.270915,55.324,59.3238,0.07804272323846817,0.0,0.5364548563957214,2,22.714225957655245,0.0,0.0,-0.9219572767615318,-1.0,0.0,21.437638774626784,
492,24.3098,0.977087,0.170419,0.267965,55.4607,59.4605,0.38737329840660095,0.0,0.0,2,21.896229363152155,0.0,0.0,-0.3093305751681328,-1.0,0.0,20.803430190601716,
493,23.6717,0.735874,0.166844,0.265055,55.5923,59.5921,-0.14635662734508514,0.0,0.0,2,21.37739845368935,0.0,0.0,-0.5337299257516861,-1.0,0.0,20.217279475963842,
494,22.6651,0.641032,0.16436,0.262085,55.7202,59.72,-0.8715447783470154,0.0,0.46206143498420715,2,20.505405629726255,0.0,0.0,-0.7251881510019302,-1.0,0.0,19.287849184425674,
495,22.2503,0.748827,0.160972,0.259379,55.8431,59.8429,-0.3115217685699463,1.0,0.5717958807945251,2,20.179533592398947,0.0,0.0,-0.5600230097770691,-1.0,0.0,19.011526689465825,
496,22.1901,1.24477,0.155666,0.257019,55.9659,59.9657,-0.704444408416748,0.0,1.0,2,20.20163302707883,0.0,0.0,-0.39292263984680176,-1.0,0.0,19.083756235124792,
497,21.1186,1.2432,0.149142,0.255157,56.0861,60.0859,0.9127208590507507,0.0,0.0,2,19.315157637206525,0.0,0.0,-1.6171652674674988,-1.0,0.0,17.830008056966275,
498,20.6495,1.16434,0.14409,0.253428,56.201,60.2008,1.0,0.2862078547477722,0.0,2,18.95295823425029,0.0,0.0,-0.08727914094924927,-1.0,0.0,17.926774491965514,
499,20.6511,0.700867,0.140402,0.251607,56.3152,60.315,1.0,0.0,0.5850716233253479,2,19.002919906289144,0.0,0.0,-0.0,-1.0,0.0,18.002919906289144,
500,19.69,0.239994,0.139708,0.249369,56.4267,60.4265,-0.9719703197479248,0.24542510509490967,0.0,2,18.12719914293898,0.0,0.0,-1.9719703197479248,-1.0,0.0,16.535608047014602,
501,19.029,0.0487751,0.139736,0.246979,56.533,60.5327,0.556914746761322,0.0,0.08599212020635605,1,17.51832488611363,0.0,0.0,-1.5288850665092468,-1.0,0.0,16.059659366160854,
502,17.6349,0.0346084,0.139682,0.244649,56.6338,60.6336,-0.31181561946868896,1.0,0.35995545983314514,1,16.23550387344362,0.0,0.0,-0.868730366230011,-1.0,0.0,14.974884763574616,
503,16.3918,-0.0883243,0.139894,0.242482,56.7265,60.7263,0.49760931730270386,0.0,0.0,1,15.088843794496272,0.0,0.0,-0.8094249367713928,-1.0,0.0,13.846016313464855,
504,16.5041,-0.172546,0.14123,0.240122,56.8165,60.8163,1.0,1.0,0.0,1,15.178212130951252,0.0,0.0,-0.5023906826972961,-1.0,0.0,14.027494926142063,
505,15.294,0.0684128,0.140553,0.238037,56.9041,60.9039,-0.03709888830780983,0.0,0.5795938968658447,1,14.07190748235871,0.0,0.0,-1.0370988883078098,-1.0,0.0,12.760777815866367,
506,14.9722,0.186448,0.139673,0.236237,56.9865,60.9863,-0.06756545603275299,0.0,0.2048693597316742,1,13.78418468545144,0.0,0.0,-0.03046656772494316,-1.0,0.0,12.775044715133957,
507,14.6911,0.53337,0.137933,0.234629,57.0683,61.0681,0.33105576038360596,0.0,0.13321395218372345,1,13.54158453080779,0.0,0.0,-0.39862121641635895,-1.0,0.0,12.421998165882881,
508,13.7535,0.442918,0.135536,0.233348,57.1469,61.1467,-0.8304377198219299,1.0,1.0,1,12.69817112903559,0.0,0.0,-1.1614934802055359,-1.0,0.0,11.34972308497393,
509,13.6438,0.548254,0.133703,0.232025,57.2222,61.222,-0.4444042146205902,0.0,0.28052419424057007,1,12.612636548266998,0.0,0.0,-0.3860335052013397,-1.0,0.0,11.496826496706596,
510,14.1427,1.01171,0.128732,0.231089,57.299,61.2988,0.24184313416481018,0.0,1.0,1,13.117878993736003,0.0,0.0,-0.6862473487854004,-1.0,0.0,11.912004789100383,
511,13.3877,1.02872,0.12322,0.230438,57.3765,61.3763,0.7617537379264832,0.0,0.0,1,12.463464116376574,0.0,0.0,-0.519910603761673,-1.0,0.0,11.307490935248072,
512,12.499,0.805268,0.119543,0.229828,57.4482,61.4479,0.6701244115829468,0.0,0.0,1,11.66449176635659,0.0,0.0,-0.09162932634353638,-1.0,0.0,10.63700296845353,
513,11.8663,0.581044,0.117074,0.229095,57.5153,61.515,0.3483836054801941,0.0,0.0,1,11.092039266551302,0.0,0.0,-0.3217408061027527,-1.0,0.0,9.995517024720476,
514,11.1067,0.423351,0.115283,0.228333,57.5789,61.5786,1.0,0.0,0.0,1,10.394187024021049,0.0,0.0,-0.6516163945198059,-1.0,0.0,9.198702105665108,
515,10.0193,0.26899,0.114059,0.227519,57.6371,61.6369,0.0918521136045456,0.24355846643447876,1.0,1,9.384040255390799,0.0,0.0,-0.9081478863954544,-1.0,0.0,8.111595889472163,
516,8.54303,0.179452,0.113471,0.226735,57.6883,61.6881,1.0,0.11664506793022156,0.0,1,8.004436754884479,0.0,0.0,-0.9081478863954544,-1.0,0.0,6.731992388965843,
517,7.69758,0.295144,0.112671,0.226095,57.7321,61.7318,1.0,0.0,0.21016661822795868,1,7.216042129939387,0.0,0.0,-0.0,-1.0,0.0,6.216042129939387,
518,7.60185,0.67758,0.110167,0.225779,57.7747,61.7745,-1.0,0.0,0.0,1,7.137875692984747,0.0,0.0,-2.0,-1.0,0.0,5.5378756929847475,
519,7.64483,0.521159,0.107542,0.225616,57.8175,61.8173,-0.3067692518234253,0.11954677104949951,0.0,1,7.190387027944504,0.0,0.0,-0.6932307481765747,-1.0,0.0,5.982417803491532,
520,7.69633,0.701724,0.104934,0.225382,57.8602,61.86,1.0,0.4826244115829468,0.20057444274425507,1,7.250933468563663,0.0,0.0,-1.3067692518234253,-1.0,0.0,5.858902693016636,
521,6.39358,0.572476,0.102439,0.225281,57.8997,61.8995,-0.7718015313148499,0.0,0.5678600668907166,1,6.033159484826253,0.0,0.0,-1.7718015313148499,-1.0,0.0,4.501619025431799,
522,6.07641,0.554752,0.100511,0.225169,57.9337,61.9335,0.24439534544944763,1.0,1.0,1,5.740883370709427,0.0,0.0,-1.0161968767642975,-1.0,0.0,4.436024307680138,
523,5.46324,0.752111,0.0975548,0.22526,57.9659,61.9657,1.0,0.0,0.6718086004257202,1,5.171203789240681,0.0,0.0,-0.7556046545505524,-1.0,0.0,3.9445223928755153,
524,5.40055,0.634702,0.0945865,0.225444,57.9962,61.996,1.0,1.0,0.8729721903800964,1,5.121380819229155,0.0,0.0,-0.0,-1.0,0.0,4.121380819229155,
525,5.55991,0.341583,0.0928208,0.225413,58.0272,62.027,-0.2722758650779724,0.0,1.0,1,5.278308653188694,0.0,0.0,-1.2722758650779724,-1.0,0.0,3.896625893665303,
526,5.42803,0.432079,0.0914099,0.22524,58.0582,62.058,1.0,0.0,0.0,1,5.157625611856614,0.0,0.0,-1.2722758650779724,-1.0,0.0,3.7759428523332224,
527,4.28476,0.323004,0.0898065,0.22523,58.0854,62.0852,0.6393558382987976,0.6935290098190308,0.0,1,4.075351740914288,0.0,0.0,-0.3606441617012024,-1.0,-50.0,-47.032841507596075,stuck
