step,speedX,speedY,angle,trackPos,distFromStart,distRaced,damage,steer,accel,brake,gear,r_speed,r_safety,r_smooth,r_anticipation,r_recovery,r_time,r_terminal,reward_total,terminal_reason
0,-0.00913045,-0.00302988,0.00822276,0.333439,3598.45,0.0,0.0,0.9368791580200195,1.0,0.0,1,-0.009092603003111566,1.522224058775e-05,-0.0,-0.0,0.0,-1.0,0.0,-1.0090773807625237,
1,-0.00913045,-0.00302988,0.00822276,0.333439,3598.45,0.0,0.0,0.40872395038604736,0.21522092819213867,0.0,1,-0.009092603003111566,1.522224058775e-05,-0.5281552076339722,-0.0,0.016671950000000102,-1.0,0.0,-1.1508519930527155,
2,-0.00913045,-0.00302988,0.00822276,0.333439,3598.45,0.0,0.0,-0.6398880481719971,1.0,0.061698198318481445,1,-0.009092603003111566,1.522224058775e-05,-1.0486119985580444,-0.0,0.016671950000000102,-1.0,0.0,-1.306989030329937,
3,-0.00913045,-0.00302988,0.00822276,0.333439,3598.45,0.0,0.0,0.0678480863571167,1.0,0.0,1,-0.009092603003111566,1.522224058775e-05,-0.7077361345291138,-0.0,0.016671950000000102,-1.0,0.0,-1.2047262711212579,
4,-0.00913045,-0.00302988,0.00822276,0.333439,3598.45,0.0,0.0,0.47783684730529785,1.0,0.0,1,-0.009092603003111566,1.522224058775e-05,-0.40998876094818115,-0.0,0.016671950000000102,-1.0,0.0,-1.115402059046978,
5,-0.00913045,-0.00302988,0.00822276,0.333439,3598.45,0.0,0.0,-0.11330896615982056,1.0,0.0,1,-0.009092603003111566,1.522224058775e-05,-0.5911458134651184,-0.0,0.016671950000000102,-1.0,0.0,-1.1697491748020592,
6,-0.00913045,-0.00302988,0.00822276,0.333439,3598.45,0.0,0.0,1.0,1.0,0.08082050085067749,1,-0.009092603003111566,1.522224058775e-05,-1.1133089661598206,-0.0,0.016671950000000102,-1.0,0.0,-1.3263981206104698,
7,-0.00913045,-0.00302988,0.00822276,0.333439,3598.45,0.0,0.0,0.326899915933609,0.8840526342391968,0.5491442084312439,1,-0.009092603003111566,1.522224058775e-05,-0.673100084066391,-0.0,0.016671950000000102,-1.0,0.0,-1.194335455982441,
8,-0.00913045,-0.00302988,0.00822276,0.333439,3598.45,0.0,0.0,-0.2891390323638916,0.7881144285202026,0.0,1,-0.009092603003111566,1.522224058775e-05,-0.6160389482975006,-0.0,0.016671950000000102,-1.0,0.0,-1.1772171152517739,
9,-0.00913045,-0.00302988,0.00822276,0.333439,3598.45,0.0,0.0,-0.9547021389007568,0.4816023111343384,0.0,1,-0.009092603003111566,1.522224058775e-05,-0.6655631065368652,-0.0,0.016671950000000102,-1.0,0.0,-1.1920743627235832,
10,-0.00913045,-0.00302988,0.00822276,0.333439,3598.45,0.0,0.0,0.258449524641037,1.0,0.0,1,-0.009092603003111566,1.522224058775e-05,-1.2131516635417938,-0.0,0.016671950000000102,-1.0,0.0,-1.3563509298250618,
11,-0.00913045,-0.00302988,0.00822276,0.333439,3598.45,0.0,0.0,1.0,1.0,0.0,1,-0.009092603003111566,1.522224058775e-05,-0.741550475358963,-0.0,0.016671950000000102,-1.0,0.0,-1.2148705733702125,
12,-0.00913045,-0.00302988,0.00822276,0.333439,3598.45,0.0,0.0,1.0,1.0,0.0,1,-0.009092603003111566,1.522224058775e-05,-0.0,-0.0,0.016671950000000102,-1.0,0.0,-0.9924054307625237,
13,-0.00913045,-0.00302988,0.00822276,0.333439,3598.45,0.0,0.0,1.0,0.0,0.0,1,-0.009092603003111566,1.522224058775e-05,-0.0,-0.0,0.016671950000000102,-1.0,0.0,-0.9924054307625237,
14,-0.00913045,-0.00302988,0.00822276,0.333439,3598.45,0.0,0.0,0.3561832010746002,0.4168831706047058,0.0,1,-0.009092603003111566,1.522224058775e-05,-0.6438167989253998,-0.0,0.016671950000000102,-1.0,0.0,-1.1855504704401436,
15,-0.00913045,-0.00302988,0.00822276,0.333439,3598.45,0.0,0.0,0.5828259587287903,0.0,0.1609324812889099,1,-0.009092603003111566,1.522224058775e-05,-0.22664275765419006,-0.0,0.016671950000000102,-1.0,0.0,-1.0603982580587807,
16,-0.00913045,-0.00302988,0.00822276,0.333439,3598.45,0.0,0.0,-0.8806713819503784,0.8906881809234619,0.0,1,-0.009092603003111566,1.522224058775e-05,-1.4634973406791687,-0.0,0.016671950000000102,-1.0,0.0,-1.4314546329662743,
17,-0.00913045,-0.00302988,0.00822276,0.333439,3598.45,0.0,0.0,0.10248452425003052,1.0,1.0,1,-0.009092603003111566,1.522224058775e-05,-0.9831559062004089,-0.0,0.016671950000000102,-1.0,0.0,-1.2873522026226465,
18,-0.00913045,-0.00302988,0.00822276,0.333439,3598.45,0.0,0.0,0.09196281433105469,1.0,0.0,1,-0.009092603003111566,1.522224058775e-05,-0.01052170991897583,-0.0,0.016671950000000102,-1.0,0.0,-0.9955619437382165,
19,-0.00913045,-0.00302988,0.00822276,0.333439,3598.45,0.0,0.0,0.09515625238418579,0.419836163520813,0.0,1,-0.009092603003111566,1.522224058775e-05,-0.0031934380531311035,-0.0,0.016671950000000102,-1.0,0.0,-0.993363462178463,
20,-0.00913045,-0.00302988,0.00822276,0.333439,3598.45,0.0,0.0,1.0,1.0,0.0,1,-0.009092603003111566,1.522224058775e-05,-0.9048437476158142,-0.0,0.016671950000000102,-1.0,0.0,-1.263858555047268,
21,-0.00913045,-0.00302988,0.00822276,0.333439,3598.45,0.0,0.0,0.8810139894485474,0.28836435079574585,0.6213257908821106,1,-0.009092603003111566,1.522224058775e-05,-0.11898601055145264,-0.0,0.016671950000000102,-1.0,0.0,-1.0281012339279596,
22,-0.00913045,-0.00302988,0.00822276,0.333439,3598.45,0.0,0.0,-0.3166956901550293,0.0,0.0,1,-0.009092603003111566,1.522224058775e-05,-1.1977096796035767,-0.0,0.016671950000000102,-1.0,0.0,-1.3517183346435968,
23,-0.00913045,-0.00302988,0.00822276,0.333439,3598.45,0.0,0.0,0.45552781224250793,1.0,0.0,1,-0.009092603003111566,1.522224058775e-05,-0.7722235023975372,-0.0,0.016671950000000102,-1.0,0.0,-1.224072481481785,
24,-0.00913045,-0.00302988,0.00822276,0.333439,3598.45,0.0,0.0,1.0,1.0,0.0,1,-0.009092603003111566,1.522224058775e-05,-0.5444721877574921,-0.0,0.016671950000000102,-1.0,0.0,-1.1557470870897713,
25,-0.00913045,-0.00302988,0.00822276,0.333439,3598.45,0.0,0.0,1.0,0.3562057614326477,0.9559252858161926,1,-0.009092603003111566,1.522224058775e-05,-0.0,-0.0,0.016671950000000102,-1.0,0.0,-0.9924054307625237,
26,-0.00913045,-0.00302988,0.00822276,0.333439,3598.45,0.0,0.0,0.548350989818573,0.7581619024276733,0.1881878525018692,1,-0.009092603003111566,1.522224058775e-05,-0.451649010181427,-0.0,0.016671950000000102,-1.0,0.0,-1.1279001338169519,
27,-0.00913045,-0.00302988,0.00822276,0.333439,3598.45,0.0,0.0,1.0,1.0,0.30871081352233887,1,-0.009092603003111566,1.522224058775e-05,-0.451649010181427,-0.0,0.016671950000000102,-1.0,0.0,-1.1279001338169519,
28,-0.00913045,-0.00302988,0.00822276,0.333439,3598.45,0.0,0.0,0.5037519931793213,1.0,0.0,1,-0.009092603003111566,1.522224058775e-05,-0.4962480068206787,-0.0,0.016671950000000102,-1.0,0.0,-1.1412798328087272,
29,-0.00913045,-0.00302988,0.00822276,0.333439,3598.45,0.0,0.0,0.266784131526947,1.0,0.7798212766647339,1,-0.009092603003111566,1.522224058775e-05,-0.23696786165237427,-0.0,0.016671950000000102,-1.0,0.0,-1.063495789258236,
30,-0.00913045,-0.00302988,0.00822276,0.333439,3598.45,0.0,0.0,0.724316418170929,1.0,0.502976655960083,1,-0.009092603003111566,1.522224058775e-05,-0.45753228664398193,-0.0,0.016671950000000102,-1.0,0.0,-1.1296651167557183,
31,-0.00913045,-0.00302988,0.00822276,0.333439,3598.45,0.0,0.0,-0.25076913833618164,0.40583401918411255,0.5443282127380371,1,-0.009092603003111566,1.522224058775e-05,-0.9750855565071106,-0.0,0.016671950000000102,-1.0,0.0,-1.2849310977146569,
32,-0.00913045,-0.00302988,0.00822276,0.333439,3598.45,0.0,0.0,1.0,1.0,0.12054724991321564,1,-0.009092603003111566,1.522224058775e-05,-1.2507691383361816,-0.0,0.016671950000000102,-1.0,0.0,-1.3676361722633783,
33,-0.00913045,-0.00302988,0.00822276,0.333439,3598.45,0.0,0.0,-0.5805190801620483,0.0,0.0,1,-0.009092603003111566,1.522224058775e-05,-1.5805190801620483,-0.0,0.016671950000000102,-1.0,0.0,-1.4665611548111381,
34,-0.00913045,-0.00302988,0.00822276,0.333439,3598.45,0.0,0.0,1.0,0.49733811616897583,1.0,1,-0.009092603003111566,1.522224058775e-05,-1.5805190801620483,-0.0,0.016671950000000102,-1.0,0.0,-1.4665611548111381,
35,-0.00913045,-0.00302988,0.00822276,0.333439,3598.45,0.0,0.0,0.5520492792129517,0.3927058279514313,0.7114484310150146,1,-0.009092603003111566,1.522224058775e-05,-0.44795072078704834,-0.0,0.016671950000000102,-1.0,0.0,-1.1267906469986382,
36,-0.00913045,-0.00302988,0.00822276,0.333439,3598.45,0.0,0.0,1.0,0.7896959185600281,1.0,1,-0.009092603003111566,1.522224058775e-05,-0.44795072078704834,-0.0,0.016671950000000102,-1.0,0.0,-1.1267906469986382,
37,-0.00913045,-0.00302988,0.00822276,0.333439,3598.45,0.0,0.0,1.0,0.5277175903320312,0.3501824736595154,1,-0.009092603003111566,1.522224058775e-05,-0.0,-0.0,0.016671950000000102,-1.0,0.0,-0.9924054307625237,
38,-0.00913045,-0.00302988,0.00822276,0.333439,3598.45,0.0,0.0,1.0,1.0,0.2232102006673813,1,-0.009092603003111566,1.522224058775e-05,-0.0,-0.0,0.016671950000000102,-1.0,0.0,-0.9924054307625237,
39,-0.00913045,-0.00302988,0.00822276,0.333439,3598.45,0.0,0.0,1.0,0.0,1.0,1,-0.009092603003111566,1.522224058775e-05,-0.0,-0.0,0.016671950000000102,-1.0,0.0,-0.9924054307625237,
40,-0.00913045,-0.00302988,0.00822276,0.333439,3598.45,0.0,0.0,0.9449043869972229,0.8577049374580383,1.0,1,-0.009092603003111566,1.522224058775e-05,-0.0550956130027771,-0.0,0.016671950000000102,-1.0,0.0,-1.0089341146633568,
41,-0.00913045,-0.00302988,0.00822276,0.333439,3598.45,0.0,0.0,0.712356448173523,1.0,0.0,1,-0.009092603003111566,1.522224058775e-05,-0.23254793882369995,-0.0,0.016671950000000102,-1.0,0.0,-1.0621698124096337,
42,-0.00913045,-0.00302988,0.00822276,0.333439,3598.45,0.0,0.0,0.18690860271453857,1.0,0.4632815420627594,1,-0.009092603003111566,1.522224058775e-05,-0.5254478454589844,-0.0,0.016671950000000102,-1.0,0.0,-1.150039784400219,
43,-0.00913045,-0.00302988,0.00822276,0.333439,3598.45,0.0,0.0,1.0,0.0,0.48832783102989197,1,-0.009092603003111566,1.522224058775e-05,-0.8130913972854614,-0.0,0.016671950000000102,-1.0,0.0,-1.236332849948162,
44,-0.00913045,-0.00302988,0.00822276,0.333439,3598.45,0.0,0.0,0.7980422377586365,1.0,0.6941406726837158,1,-0.009092603003111566,1.522224058775e-05,-0.20195776224136353,-0.0,0.016671950000000102,-1.0,0.0,-1.0529927594349329,
45,-0.00913045,-0.00302988,0.00822276,0.333439,3598.45,0.0,0.0,0.6635926961898804,1.0,0.2736499607563019,1,-0.009092603003111566,1.522224058775e-05,-0.1344495415687561,-0.0,0.016671950000000102,-1.0,0.0,-1.0327402932331506,
46,-0.00913045,-0.00302988,0.00822276,0.333439,3598.45,0.0,0.0,1.0,1.0,0.9043152928352356,1,-0.009092603003111566,1.522224058775e-05,-0.33640730381011963,-0.0,0.016671950000000102,-1.0,0.0,-1.0933276219055597,
47,-0.00913045,-0.00302988,0.00822276,0.333439,3598.45,0.0,0.0,1.0,0.19603097438812256,0.0,1,-0.009092603003111566,1.522224058775e-05,-0.0,-0.0,0.016671950000000102,-1.0,0.0,-0.9924054307625237,
48,-0.0109002,0.0120223,0.00873488,0.33345,3598.45,0.0,0.0,0.7579641938209534,0.5014889240264893,0.0,1,-0.010852178806097255,1.8173358450000002e-05,-0.24203580617904663,-0.0,0.016617499999999896,-1.0,0.0,-1.0668272473013614,
49,-0.0188277,-0.0072303,0.00878018,0.333452,3598.45,0.0,0.0,1.0,0.1853938102722168,0.0,1,-0.018744320040779562,3.1390671102e-05,-0.24203580617904663,-0.0,0.016662600000000027,-1.0,0.0,-1.0746610712233915,
50,-0.0244965,-0.0213253,0.00896328,0.333439,3598.45,0.0,0.0,0.6467576026916504,1.0,0.0,1,-0.02438573295318196,4.0840442317500005e-05,-0.3532423973083496,-0.0,0.016736950000000306,-1.0,0.0,-1.113580661703369,
51,-0.123982,-0.0480982,0.00903433,0.333409,3598.45,-0.000244141,0.0,0.28773295879364014,1.0,0.0,1,-0.12341690085100035,0.00020668357319,-0.35902464389801025,-0.0,0.01682044999999993,-1.0,0.0,-1.2140971604472135,
52,0.678971,0.0351212,0.00890702,0.333399,3598.45,0.00146484,0.0,0.5806998014450073,1.0,0.0,1,0.6759203029380101,-0.001131841262145,-0.2929668426513672,-0.0,0.016719950000000094,-1.0,0.0,-0.3963816411195451,
53,1.44849,0.103051,0.00855988,0.333466,3598.45,0.00732422,0.0,0.5170414447784424,1.0,0.0,1,1.442237559189808,-0.0024151108317,-0.06365835666656494,-0.0,0.016338300000000028,-1.0,0.0,0.43706324135813857,
54,2.20428,0.0722976,0.00820511,0.333536,3598.47,0.0180664,0.0,-0.15119194984436035,1.0,0.0,1,2.1951627216646767,-0.0036760336704,-0.6682333946228027,-0.0,0.016326799999999975,-1.0,0.0,1.0073434696074361,
55,3.05249,0.182919,0.00758761,0.333625,3598.48,0.032959,0.0,0.7328115701675415,1.0,0.0,1,3.0408216910048824,-0.00509193488125,-0.8840035200119019,-0.0,0.016236249999999897,-1.0,0.0,1.786764950120062,
56,3.89572,0.394384,0.00599354,0.333872,3598.5,0.0524902,0.0,0.9638882875442505,1.0,0.0,1,3.883975521238465,-0.0065033591392,-0.23107671737670898,-0.0,0.0154586000000001,-1.0,0.0,2.823607746886252,
57,4.69403,0.415185,0.00409478,0.334253,3598.52,0.0766602,0.0,-0.9037224054336548,1.0,0.0,1,4.684380163905719,-0.00784496804795,-1.8676106929779053,-0.0,0.01480764999999995,-1.0,0.0,3.1310596379643973,
58,5.51987,0.247772,0.0030176,0.33454,3598.55,0.10498,0.0,-0.6215989589691162,1.0,0.0,1,5.511516501083591,-0.009233086549000001,-0.2821234464645386,-0.0,0.015292000000000083,-1.0,0.0,4.43293838059523,
59,6.27515,0.392651,0.00177019,0.334792,3598.59,0.137939,0.0,1.0,1.0,0.0,1,6.269586067194851,-0.010504350094,-1.6215989589691162,-0.0,0.015479600000000149,-1.0,0.0,4.788081629410116,
60,7.02777,0.662493,-0.00140554,0.335361,3598.63,0.178711,0.0,0.7171834111213684,1.0,0.0,1,7.022824153874582,-0.01178419987485,-0.2828165888786316,-0.0,0.013923049999999826,-1.0,0.0,5.940118027336143,
61,7.84711,0.560776,-0.00418789,0.335968,3598.67,0.220459,0.0,0.18362131714820862,1.0,0.0,1,7.83060981841588,-0.0131818892624,-0.5335620939731598,-0.0,0.013763400000000037,-1.0,0.0,6.671122700961532,
62,8.6081,0.727504,-0.00702173,0.336581,3598.71,0.266357,0.0,1.0,1.0,0.0,1,8.577666162351088,-0.014486614530500002,-0.8163786828517914,-0.0,0.013764049999999972,-1.0,0.0,7.332029992965053,
63,9.43515,0.661526,-0.0104659,0.337332,3598.76,0.31665,0.0,0.17380452156066895,1.0,0.0,1,9.385260498003348,-0.015913890099000003,-0.826195478439331,-0.0,0.013111600000000057,-1.0,0.0,8.134599564372548,
64,10.2355,0.680441,-0.0132349,0.338053,3598.82,0.371582,0.0,0.4448072910308838,1.0,0.0,1,10.166872642687705,-0.0173007074075,-0.27100276947021484,-0.0,0.013297650000000105,-1.0,0.0,9.081568754439141,
65,10.9825,0.904423,-0.017216,0.338934,3598.88,0.430664,0.0,0.621774435043335,1.0,0.0,1,10.886339794938339,-0.018611713275,-0.17696714401245117,-0.0,0.012541699999999989,-1.0,0.0,9.827179638459603,
66,11.7525,0.73046,-0.0207403,0.339922,3598.94,0.493896,0.0,0.1594531238079071,1.0,0.0,1,11.628105912226685,-0.019974666524999997,-0.46232131123542786,-0.0,0.012056099999999959,-1.0,0.0,10.481490952331058,
67,12.5359,0.299166,-0.0217059,0.340624,3599.01,0.561279,0.0,-0.029321521520614624,1.0,0.0,1,12.39690618297763,-0.021350142008,-0.18877464532852173,-0.0,0.013521200000000122,-1.0,0.0,11.332444847371073,
68,13.3126,0.39961,-0.0223611,0.341163,3599.08,0.633301,0.0,0.6258013844490051,1.0,0.0,1,13.16044207732971,-0.022708832768999997,-0.6551229059696198,-0.0,0.014363149999999936,-1.0,0.0,11.955559522769823,
69,14.0553,0.251369,-0.0239037,0.34181,3599.16,0.709473,0.0,-1.0,1.0,0.0,1,13.883313844051065,-0.024021210465,-1.6258013844490051,-0.0,0.013855499999999854,-1.0,0.0,12.385407718251363,
70,14.7899,-0.224432,-0.0225275,0.34212,3599.24,0.789795,0.0,-1.0,1.0,0.0,1,14.619571662333964,-0.02529960294,-0.0,-0.0,0.01555600000000018,-1.0,0.0,13.609828059393964,
71,15.4733,-0.759449,-0.0179766,0.341938,3599.32,0.874268,0.0,-0.993106484413147,1.0,0.0,1,15.331728734068703,-0.026454546277,-0.006893515586853027,-0.0,0.018006899999999937,-1.0,0.0,14.321213033115647,
72,14.9277,-0.846118,-0.0132268,0.341268,3599.42,0.967773,0.0,-1.0,1.0,0.9099688529968262,1,14.827674258988637,-0.025471731618,-0.006893515586853027,-0.0,0.020413400000000026,-1.0,0.0,13.820547872694583,
73,14.7828,-0.739591,-0.0105723,0.340727,3599.5,1.0498,0.0,-0.24892577528953552,1.0,0.0,1,14.703831202357735,-0.025184495478000002,-0.7510742247104645,-0.0,0.019741350000000157,-1.0,0.0,13.473065789466597,
74,15.2111,-0.890694,-0.00651581,0.340076,3599.58,1.13306,0.0,-0.4311882257461548,1.0,0.0,1,15.161221133497616,-0.025864650218,-0.18226245045661926,-0.0,0.020258800000000077,-1.0,0.0,14.10093654814263,
75,15.9797,-0.587025,-0.00330431,0.339446,3599.67,1.21997,0.0,-0.1268659234046936,1.0,0.0,1,15.953211869974611,-0.027121226231000002,-0.3043223023414612,-0.0,0.02012229999999976,-1.0,0.0,14.854916253041173,
76,16.7448,-0.12214,-0.00353557,0.339173,3599.76,1.31104,0.0,0.8978841304779053,1.0,0.0,1,16.715094198374576,-0.028396920252000003,-1.0247500538825989,-0.0,0.018323650000000025,-1.0,0.0,15.397595911957797,
77,17.5156,-0.105388,-0.00489837,0.339204,3599.85,1.40625,0.0,-1.0,1.0,0.0,1,17.472491092282873,-0.029706807912,-1.8978841304779053,-0.0,0.01680519999999991,-1.0,0.0,15.8902242452275,
78,18.2259,-0.531468,-0.00274021,0.338976,3599.95,1.50586,0.0,-0.7567744255065918,1.0,0.0,1,18.200860207702963,-0.030890713392000002,-0.2432255744934082,-0.0,0.018088800000000127,-1.0,0.0,17.115090621962942,
79,18.89,-1.02836,0.00243061,0.338238,3600.06,1.60913,0.0,-1.0,0.9534703493118286,0.0,1,18.86698711139739,-0.0319465791,-0.2432255744934082,-0.0,0.020601900000000173,-1.0,0.0,17.782674759949366,
80,19.4967,-1.51602,0.0104505,0.336935,3600.16,1.71606,0.0,-1.0,1.0,0.0,1,19.39376208628798,-0.0328456030725,-0.0,-0.0,0.02336174999999996,-1.0,0.0,18.38427823321548,
81,19.863,-1.891,0.019726,0.335039,3600.27,1.82544,0.0,-0.00739365816116333,0.6248220205307007,0.0,1,19.663239564860966,-0.033274398285,-0.9926063418388367,-0.0,0.02623194999999995,-1.0,0.0,18.358415214024316,
82,20.5924,-1.53933,0.0268461,0.332996,3600.38,1.9375,0.0,1.0,1.0,0.0,1,20.30860022597099,-0.03428593415200001,-1.0073936581611633,-0.0,0.02686479999999991,-1.0,0.0,18.99896099437064,
83,20.9376,-0.855417,0.0304343,0.331337,3600.5,2.05347,0.0,0.4315851330757141,1.0,0.0,2,20.609342641072594,-0.034687007856,-0.5684148669242859,-0.0,0.02486185000000002,-1.0,0.0,19.42899302313931,
84,20.8939,-0.105941,0.0308077,0.33034,3600.62,2.16943,0.0,0.1452338695526123,1.0,0.0,2,20.562189841336703,-0.03451045463,-0.2863512635231018,-0.0,0.02150199999999991,-1.0,0.0,19.463276007649775,
85,20.8984,-0.116369,0.030565,0.329724,3600.73,2.2854,0.0,-0.08864724636077881,0.8225173950195312,0.0,2,20.5693088445607,-0.034453520208,-0.2338811159133911,-0.0,0.019566199999999923,-1.0,0.0,19.484257189578685,
86,21.3441,0.195271,0.030132,0.32912,3600.85,2.40259,0.0,0.6292959451675415,0.8188145756721497,0.0,2,21.01288962764681,-0.03512385096000001,-0.7179431915283203,-0.0,0.019475999999999938,-1.0,0.0,19.781858819228315,
87,21.8715,0.79086,0.0259692,0.32903,3600.97,2.52271,0.0,1.0,1.0,0.0,2,21.580164592561847,-0.035981898225,-0.3707040548324585,-0.0,0.01690150000000029,-1.0,0.0,20.449872977887107,
88,22.0652,1.06093,0.0202772,0.329503,3601.09,2.64502,0.0,0.08414462208747864,0.38497233390808105,0.0,2,21.836969031475718,-0.036352747978,-0.9158553779125214,-0.0,0.014110149999999877,-1.0,0.0,20.53996982012396,
89,22.6368,0.611103,0.0179722,0.329867,3601.22,2.76929,0.0,0.06917907297611237,1.0,0.0,2,22.429738657442535,-0.037335666528,-0.014965549111366272,-0.0,0.014673349999999863,-1.0,0.0,21.402586676181123,
90,23.2036,0.0426428,0.0182492,0.329784,3601.34,2.89697,0.0,-0.3734385073184967,1.0,0.0,2,22.988024504559682,-0.038260880112000004,-0.44261758029460907,-0.0,0.01690419999999998,-1.0,0.0,21.8338825503593,
91,23.7438,-0.575782,0.0215804,0.32908,3601.47,3.02734,0.0,-1.0,1.0,0.0,2,23.482090843298685,-0.03906804852,-0.6265614926815033,-0.0,0.019974000000000103,-1.0,0.0,22.275028346974235,
92,24.2396,-0.971165,0.0271456,0.327762,3601.61,3.16064,0.0,0.48924094438552856,1.0,0.0,2,23.901710827879725,-0.039724098876,-1.4892409443855286,-0.0,0.022978099999999835,-1.0,0.0,22.438192545688064,
93,24.8921,-0.59298,0.0302827,0.326361,3601.74,3.29712,0.0,0.4955079257488251,1.0,0.0,2,24.503844927159076,-0.040619053240500004,-0.006266981363296509,-0.0,0.023323050000000067,-1.0,0.0,23.484668829509584,
94,25.5177,0.010918,0.029566,0.325408,3601.88,3.43726,0.0,0.48861411213874817,1.0,0.0,2,25.129374482075526,-0.041518318608,-0.006893813610076904,-0.0,0.02103540000000015,-1.0,0.0,24.106823419384504,
95,25.9832,0.653135,0.0256554,0.325076,3602.03,3.58032,0.0,1.0,1.0,0.0,2,25.641381271409124,-0.042232573615999996,-0.5113858878612518,-0.0,0.01791380000000009,-1.0,0.0,24.463646731434746,
96,26.0151,1.19874,0.0197484,0.325423,3602.17,3.7251,0.0,0.38178926706314087,0.1286916732788086,0.0,2,25.75316562575403,-0.042329559436500006,-0.6182107329368591,-0.0,0.014536149999999914,-1.0,0.0,24.539908996436473,
97,26.6206,0.892374,0.0144908,0.326099,3602.33,3.88574,0.0,-0.2509675920009613,1.0,0.0,2,26.424934963236808,-0.043404755197,-0.6327568590641022,-0.0,0.012924950000000046,-1.0,0.0,25.204628100320576,
98,27.2052,0.265996,0.013951,0.326259,3602.48,4.03564,0.0,-0.11984728276729584,1.0,0.0,2,27.012788846618243,-0.044379706734000005,-0.13112030923366547,-0.0,0.01551295000000008,-1.0,0.0,25.944585997114146,
99,27.7647,-0.338504,0.0166027,0.325818,3602.64,4.18848,0.0,-0.3790684938430786,1.0,0.0,2,27.530399519356937,-0.04523119512300001,-0.2592212110757828,-0.0,0.01849590000000012,-1.0,0.0,26.425897860911203,
100,28.3214,-0.491368,0.0207211,0.324865,3602.79,4.34424,0.0,1.0,1.0,0.0,2,28.021915839446535,-0.04600315805500001,-1.3790684938430786,-0.0,0.021008250000000006,-1.0,0.0,26.583200383238612,
101,28.8377,0.0133836,0.0208942,0.324084,3602.95,4.50293,0.0,1.0,0.8637017011642456,0.0,2,28.530157011020435,-0.04672918583400001,-0.0,-0.0,0.02010920000000027,-1.0,0.0,27.503537025186436,
102,29.3032,0.624471,0.0172965,0.323883,3603.11,4.66455,0.0,0.3013002574443817,1.0,0.0,2,29.045408042421577,-0.047454041628,-0.6986997425556183,-0.0,0.017199150000000163,-1.0,0.0,27.80554322802689,
103,29.8194,1.04289,0.0108177,0.324316,3603.28,4.82886,0.0,0.8237327933311462,1.0,0.0,2,29.656369728688105,-0.048354542652,-0.5224325358867645,-0.0,0.01405080000000003,-1.0,0.0,28.465336225270075,
104,30.4204,1.36914,0.0030629,0.325214,3603.44,4.99658,0.0,0.5977221727371216,0.7647460699081421,0.0,2,30.3736700590663,-0.049465699828000004,-0.22601062059402466,-0.0,0.011770700000000023,-1.0,0.0,29.26817187306009,
105,30.7863,1.767,-0.00663025,0.326724,3603.61,5.16675,0.0,-0.20852135121822357,1.0,0.0,2,30.683563631271735,-0.050293115406000004,-0.8062435239553452,-0.0,0.008786199999999966,-1.0,0.0,29.400183658679133,
106,31.2817,1.65874,-0.0158127,0.328694,3603.79,5.33911,0.0,0.866134524345398,1.0,0.0,2,31.030475458142043,-0.051410535499,-1.0746558755636215,-0.0,0.006584700000000221,-1.0,0.0,29.66325285997396,
107,31.8707,1.69778,-0.0233915,0.330747,3603.96,5.5144,0.0,-1.0,1.0,0.0,2,31.48926342740661,-0.05270569206450001,-1.866134524345398,-0.0,0.00627234999999976,-1.0,0.0,29.88298972803849,
108,32.505,1.61462,-0.0324944,0.333168,3604.14,5.69287,0.0,-1.0,1.0,0.0,2,31.95981841955214,-0.054148129200000006,-0.0,-0.0,0.004553399999999985,-1.0,0.0,30.910223690352137,
109,33.1407,1.00692,-0.0375908,0.33544,3604.32,5.87524,0.0,1.0,1.0,0.0,2,32.49454169691046,-0.05558358204,-2.0,-0.0,0.005411999999999917,-1.0,0.0,30.844370114870458,
110,33.6577,0.758714,-0.0395559,0.33735,3604.51,6.06055,0.0,0.5243388414382935,1.0,0.0,2,32.965865123108294,-0.056772125475,-0.47566115856170654,-0.0,0.00731750000000031,-1.0,0.0,31.77371215006478,
111,34.1939,1.11708,-0.0446366,0.339528,3604.7,6.24878,0.0,-0.17141282558441162,1.0,0.0,2,33.39694492308958,-0.058048932396,-0.6957516670227051,-0.0,0.006086399999999936,-1.0,0.0,32.13625689058677,
112,34.798,1.17903,-0.0520814,0.342194,3604.89,6.43994,0.0,-1.0,1.0,0.0,2,33.84506168596332,-0.05953833406,-0.8285871744155884,-0.0,0.0037797000000000525,-1.0,0.0,32.54072689957865,
113,35.4175,0.641962,-0.0558956,0.344793,3605.08,6.63477,0.0,-0.5547142028808594,1.0,0.0,2,34.37286077827393,-0.0610585303875,-0.4452857971191406,-0.0,0.00424464999999985,-1.0,0.0,33.18246115875069,
114,35.8913,-0.0148434,-0.0549853,0.346897,3605.28,6.83252,0.0,-0.4085535407066345,1.0,0.0,2,34.85080728640285,-0.06225292148050001,-0.14616066217422485,-0.0,0.0068248500000001044,-1.0,0.0,33.75153101627008,
115,36.3948,-0.57477,-0.0504769,0.348367,3605.48,7.0332,0.0,-1.0,1.0,0.0,2,35.43028604554589,-0.06339373645799999,-0.5914464592933655,-0.0,0.010068350000000115,-1.0,0.0,34.199526721299875,
116,36.9369,-1.05498,-0.0428584,0.349196,3605.68,7.23706,0.0,-0.781244158744812,1.0,0.0,2,36.111695638461136,-0.064491088662,-0.218755841255188,-0.0,0.01331479999999996,-1.0,0.0,34.99489259742258,
117,37.3747,-1.50023,-0.0324324,0.34931,3605.89,7.44385,0.0,-1.0,1.0,0.0,2,36.74907587175638,-0.065276782285,-0.218755841255188,-0.0,0.01689550000000012,-1.0,0.0,35.63506783709482,
118,37.7389,-1.89661,-0.0199536,0.348653,3606.1,7.65283,0.0,-1.0,1.0,0.0,2,37.35489897688346,-0.0657889035085,-0.0,-0.0,0.020717650000000032,-1.0,0.0,36.309827723374966,
119,38.0819,-2.21861,-0.0054515,0.347205,3606.31,7.86377,0.0,0.9099090099334717,1.0,0.0,2,37.97753290144067,-0.06611113044749999,-1.9099090099334717,-0.0,0.024600250000000046,-1.0,0.0,36.363049318013125,
120,38.4288,-2.47393,0.0109541,0.344952,3606.52,8.07617,0.0,1.0,0.43248164653778076,0.0,2,38.21602219306832,-0.066280457088,-0.09009099006652832,-0.0,0.028512599999999944,-1.0,0.0,37.151227038960364,
121,38.8188,-2.59383,0.0288355,0.341901,3606.74,8.29053,0.0,1.0,1.0,0.0,2,38.24306027674718,-0.06636093269400001,-0.0,-0.0,0.03235004999999985,-1.0,0.0,37.209049394053174,
122,39.1774,-2.24163,0.0441686,0.338344,3606.95,8.50684,0.0,1.0,0.557324230670929,0.0,2,38.27426713290302,-0.066277191128,-0.0,-0.0,0.03470220000000024,-1.0,0.0,37.24269214177502,
123,39.673,-1.58178,0.052973,0.334812,3607.17,8.7251,0.0,1.0,0.0,0.0,2,38.56704150909286,-0.06641498238,-0.0,-0.0,0.03440059999999995,-1.0,0.0,37.535027126712855,
124,39.9763,-0.812317,0.0561697,0.331712,3607.39,8.94604,0.0,0.8641945123672485,0.8647112250328064,0.0,2,38.79111515446059,-0.06630309212800001,-0.13580548763275146,-0.0,0.03208559999999999,-1.0,0.0,37.71615601604277,
125,39.9058,-0.0333513,0.0549752,0.32929,3607.61,9.16748,0.0,1.0,1.0,0.0,2,38.749149860535915,-0.06570290441000001,-0.13580548763275146,-0.0,0.028574499999999836,-1.0,0.0,37.671279809836086,
126,40.1794,0.619702,0.0497276,0.327645,3607.84,9.3894,0.0,1.0,1.0,0.0,2,39.13113085456619,-0.06582289756500001,-0.0,-0.0,0.02460724999999997,-1.0,0.0,38.08991520700119,
127,40.586,1.12022,0.0405194,0.326769,3608.06,9.61401,0.0,0.8778576850891113,1.0,0.0,3,39.73065186700069,-0.06631123317,-0.12214231491088867,-0.0,0.020718450000000166,-1.0,0.0,38.64841638935742,
128,41.02,1.48733,0.0278513,0.326676,3608.29,9.84082,0.0,0.907764732837677,1.0,0.0,3,40.43293520993561,-0.06700124760000002,-0.029907047748565674,-0.0,0.01679879999999967,-1.0,0.0,39.373760648011036,
129,41.1425,1.89494,0.0133608,0.326731,0.0595663,10.0586,0.0,-0.4165940582752228,1.0,0.0,3,40.86398768086716,-0.0672126508375,-1.3243587911128998,-0.0,0.016061550000000258,-1.0,0.0,39.4155289426958,
130,40.9566,2.34324,-0.0012268,0.328453,0.290594,10.2896,0.0,-0.5230718851089478,1.0,0.0,3,40.93144640724106,-0.067261590699,-0.10647782683372498,-0.0,0.007812650000000032,-1.0,0.0,39.84005411849194,
131,40.8514,2.57842,-0.0172725,0.331095,0.52056,10.5196,0.0,0.3908548057079315,0.9624271392822266,1.0,3,40.492521002334406,-0.06762847141499999,-0.9139266908168793,-0.0,0.0033447500000000074,-1.0,0.0,39.15405927367434,
132,41.3976,1.97362,-0.0302187,0.334119,0.751569,10.7506,0.0,-1.0,0.46778666973114014,0.0,3,40.75330428329586,-0.06915862357199999,-1.3908548057079315,-0.0,0.001585949999999836,-1.0,0.0,39.26847516801148,
133,42.0235,1.19405,-0.0362067,0.336838,0.986152,10.9852,0.0,-1.0,1.0,0.0,3,41.23535825626228,-0.070775558465,-0.0,-0.0,0.003246899999999886,-1.0,0.0,40.16782959779728,
134,41.2911,0.826739,-0.0376773,0.339134,1.22083,11.2199,0.0,-1.0,1.0,0.0,3,40.484110925929734,-0.07001607953700001,-0.0,-0.0,0.005476700000000279,-1.0,0.0,39.41957154639274,
135,40.6511,0.65079,-0.0387196,0.341255,1.45081,11.4498,0.0,-1.0,1.0,0.0,3,39.83383105617613,-0.0693619556525,-0.0,-0.0,0.006457750000000151,-1.0,0.0,38.77092685052364,
136,40.3952,0.328036,-0.0384536,0.34317,1.67815,11.6772,0.0,-1.0,1.0,0.0,3,39.58885886812201,-0.06931210392,-0.0,-0.0,0.00758349999999991,-1.0,0.0,38.527130264202015,
137,40.6534,-0.266077,-0.0340211,0.344556,1.90612,11.9052,0.0,0.2359202802181244,1.0,0.0,3,39.93847213054677,-0.070036864452,-1.2359202802181244,-0.0,0.010297800000000079,-1.0,0.0,38.507956982029334,
138,41.0003,-0.839424,-0.025071,0.345159,2.13612,12.1352,0.0,-1.0,1.0,0.0,3,40.47350978190309,-0.07075811273850001,-1.2359202802181244,-0.0,0.014242949999999921,-1.0,0.0,39.04621853509915,
139,41.3297,-1.32503,-0.0131539,0.344882,2.36812,12.3672,0.0,0.36424335837364197,1.0,0.0,3,41.054308982349895,-0.071269347977,-1.364243358373642,-0.0,0.018629099999999954,-1.0,0.0,39.5923957268608,
140,41.6678,-1.71925,0.000749579,0.343717,2.60197,12.601,0.0,0.4250331521034241,1.0,0.0,3,41.652171641619034,-0.071609656063,-0.060789793729782104,-0.0,0.023010850000000083,-1.0,0.0,40.5853358974371,
141,42.0161,-2.02988,0.0161845,0.341662,2.83756,12.8366,0.0,1.0,0.6822272539138794,0.0,3,41.67060737061381,-0.07177652379100001,-0.5749668478965759,-0.0,0.027358099999999774,-1.0,0.0,40.453698892453836,
142,42.3022,-2.28533,0.0328265,0.338727,3.07475,13.0738,0.0,-1.0,1.0,0.0,3,41.58521816922917,-0.071644486497,-2.0,-0.0,0.031611350000000094,-1.0,0.0,39.94518503273217,
143,42.5528,-2.48658,0.0504465,0.334905,3.31289,13.3119,0.0,1.0,0.0,0.0,3,41.42580151773703,-0.07125572742,-2.0,-0.0,0.03585525000000006,-1.0,0.0,39.79040104031702,
144,42.8043,-2.64011,0.069306,0.330198,3.55187,13.5509,0.0,1.0,0.686161458492279,0.0,3,41.21942949831393,-0.070669471257,-0.0,-0.0,0.040044899999999994,-1.0,0.0,40.18880492705693,
145,43.0554,-2.76474,0.0895263,0.324585,3.79163,13.7907,0.0,1.0,0.9796464443206787,0.0,3,40.958249765533765,-0.069875685045,-0.0,-0.0,0.04429424999999987,-1.0,0.0,39.93266833048877,
146,43.2976,-2.88383,0.11132,0.318014,4.03184,14.0309,0.0,1.0,0.603445827960968,0.0,3,40.624631811654275,-0.06884621483200001,-0.0,-0.0,0.04875569999999996,-1.0,0.0,39.604541296822276,
147,43.6381,-2.82114,0.136502,0.309664,4.29651,14.2955,0.0,1.0,0.0,0.0,3,40.26307753362883,-0.06756574299200001,-0.0,-0.0,0.05723320000000004,-1.0,0.0,39.25274499063683,
148,44.0249,-2.80903,0.160915,0.30029,4.56233,14.5614,0.0,1.0,0.8884584307670593,0.0,3,39.92927973617083,-0.06610118610500001,-0.0,-0.0,0.06188449999999984,-1.0,0.0,38.92506305006582,
149,44.3799,-2.751,0.185934,0.289747,4.82859,14.8276,0.0,1.0,1.0,0.2242094874382019,3,39.51283438900093,-0.06429471442649999,-0.0,-0.0,0.06720235000000019,-1.0,0.0,38.51574202457443,
150,44.9619,-2.07507,0.206481,0.27846,5.09652,15.0956,0.0,1.0,1.0,0.0,3,39.39786331152425,-0.06260045336999999,-0.0,-0.0,0.07035800000000009,-1.0,0.0,38.40562085815424,
151,45.3731,-1.24531,0.217423,0.267136,5.36745,15.3665,0.0,0.19776785373687744,1.0,0.0,3,39.4110555696634,-0.06060394220799999,-0.8022321462631226,-0.0,0.06997680000000006,-1.0,0.0,38.17975878357646,
152,45.772,-0.883739,0.222296,0.256081,5.6408,15.6398,0.0,1.0,1.0,0.0,3,39.600056331662884,-0.058606697660000005,-0.8022321462631226,-0.0,0.06807905000000003,-1.0,0.0,38.36885904012395,
153,45.8243,-0.546497,0.227599,0.244886,5.91542,15.9145,0.0,1.0,1.0,0.0,3,39.47265858153994,-0.056108647649,-0.0,-0.0,0.06821930000000004,-1.0,0.0,38.484769233890944,
154,45.9605,0.170723,0.227853,0.234156,6.19092,16.1899,0.0,-0.15217506885528564,1.0,0.0,3,39.58165825848204,-0.053809634190000004,-1.1521750688552856,-0.0,0.06535779999999991,-1.0,0.0,38.24755390363545,
155,46.0823,0.828035,0.223256,0.224177,6.46828,16.4673,0.0,-0.11273109912872314,0.0,0.0,3,39.837168204502234,-0.051652958835499994,-0.0394439697265625,-0.0,0.0611038500000001,-1.0,0.0,38.83478590474877,
156,46.2816,1.35641,0.214841,0.215042,6.74757,16.7466,0.0,-0.29597795009613037,1.0,0.0,3,40.28416465816635,-0.049762439136,-0.18324685096740723,-0.0,0.05642709999999995,-1.0,0.0,39.23585526374012,
157,46.3349,1.79604,0.203646,0.2068,7.02888,17.0279,0.0,0.8726724982261658,1.0,0.0,3,40.69200672125374,-0.047910286600000004,-1.1686504483222961,-0.0,0.05155000000000007,-1.0,0.0,39.34505130015705,
158,46.1544,2.21188,0.190081,0.199557,7.3107,17.3097,0.0,-0.192482590675354,0.9673445224761963,0.0,3,40.96293997901389,-0.046052168004000006,-1.0651550889015198,-0.0,0.04619285000000001,-1.0,0.0,39.643534134339426,
159,46.3717,2.43616,0.173205,0.193359,7.5933,17.5923,0.0,0.8399423360824585,1.0,0.0,3,41.682006606172806,-0.0448319277015,-1.0324249267578125,-0.0,0.04065795000000011,-1.0,0.0,40.36810515044397,
160,46.3838,2.45455,0.154478,0.18808,7.87776,17.8768,0.0,-0.9957165718078613,1.0,1.0,3,42.26305460113905,-0.04361932552,-1.8356589078903198,-0.0,0.03579899999999997,-1.0,0.0,40.70453660325196,
161,46.4764,2.43408,0.135648,0.183655,8.16245,18.1615,0.0,-0.16393041610717773,0.0,0.0,3,42.90690629367931,-0.042678116210000006,-0.8317861557006836,-0.0,0.031307749999999884,-1.0,0.0,41.646000080759116,
162,46.8443,2.3614,0.114899,0.180102,8.44922,18.4482,0.0,0.36480575799942017,0.0,0.0,3,43.85016183330705,-0.042183760593000004,-0.5287361741065979,-0.0,0.026770100000000074,-1.0,0.0,42.676127320482074,
163,47.494,1.69712,0.0965589,0.177094,8.73928,18.7383,0.0,1.0,0.47331148386001587,0.0,3,44.98334123535402,-0.04205451218,-0.6351942420005798,-0.0,0.023894700000000046,-1.0,0.0,43.774623150573845,
164,48.1009,1.59632,0.083662,0.174253,9.03336,19.0324,0.0,0.8730193972587585,1.0,0.0,3,45.92289878862563,-0.0419086306385,-0.12698060274124146,-0.0,0.02291765000000001,-1.0,0.0,44.865813627164755,
165,48.5496,1.82893,0.0695371,0.17219,9.33077,19.3298,0.0,-0.08289092779159546,1.0,0.0,3,46.74562955826685,-0.04179877812,-0.955910325050354,-0.0,0.0189244999999999,-1.0,0.0,45.43598218263174,
166,48.9375,2.01237,0.0534912,0.171059,9.63094,19.63,0.0,0.7057627439498901,0.0,0.0,3,47.55926533799318,-0.041855999062499996,-0.7886536717414856,-0.0,0.014207950000000164,-1.0,0.0,46.29502118740824,
167,49.3221,2.08622,0.0358136,0.170873,9.93354,19.9326,0.0,0.07988080382347107,1.0,0.0,3,48.40746058264422,-0.0421390759665,-0.6258819401264191,-0.0,0.009473649999999917,-1.0,0.0,47.187030574639785,
168,49.5203,1.78213,0.0195095,0.171473,10.2381,20.2372,0.0,-0.5344933271408081,1.0,0.0,3,49.0278485726476,-0.042456972009499994,-0.6143741309642792,-0.0,0.005573650000000041,-1.0,0.0,47.80665301134882,
169,50.0831,0.948813,0.0114652,0.172068,10.5445,20.5435,0.0,-0.7738804817199707,1.0,0.0,3,49.79270821496077,-0.043088494254,-0.2393871545791626,-0.0,0.00562839999999995,-1.0,0.0,48.68343197433302,
170,50.5783,0.700004,0.0099296,0.172229,10.8544,20.8534,0.0,-0.6834859251976013,1.0,0.0,3,50.32469956987853,-0.043555250153499994,-0.09039455652236938,-0.0,0.007806450000000104,-1.0,0.0,49.26183240276831,
171,51.0828,0.436847,0.00829273,0.172419,11.1673,21.1663,0.0,0.7149507999420166,1.0,0.0,3,50.869238037676574,-0.044038226465999995,-1.398436725139618,-0.0,0.007670950000000093,-1.0,0.0,49.413339743668686,
172,51.6231,0.431197,0.00930317,0.17229,11.4834,21.4824,0.0,0.120155468583107,1.0,0.0,3,51.38074027918736,-0.044470719495,-0.5947953313589096,-0.0,0.009259499999999948,-1.0,0.0,50.16709046028468,
173,50.704,0.402499,0.00824308,0.172295,11.7988,21.7978,0.0,0.1648305505514145,1.0,0.0,3,50.49330118518881,-0.04368022840000001,-0.044675081968307495,-0.0,0.00858974999999998,-1.0,0.0,49.44480818219832,
174,49.7562,0.252293,0.00838862,0.172198,12.1073,22.1063,0.0,1.0,1.0,0.0,3,49.545758884955674,-0.042839590638,-0.8351694494485855,-0.0,0.009094900000000128,-1.0,0.0,48.261463359483095,
175,48.9665,0.266379,0.00926066,0.171964,12.4107,22.4097,0.0,0.7614931464195251,1.0,0.0,3,48.73767252258058,-0.042102376030000006,-0.23850685358047485,-0.0,0.009768199999999894,-1.0,0.0,47.633786290476436,
176,48.897,0.914045,0.00563818,0.172178,12.7115,22.7106,0.0,-0.3792119324207306,1.0,0.0,3,48.75837849348675,-0.04209493833,-1.1407050788402557,-0.0,0.0075389000000000705,-1.0,0.0,47.381610931504675,
177,49.071,1.44886,-0.0035407,0.173325,13.0128,23.0119,0.0,-0.6087598204612732,1.0,0.0,3,48.98381974630386,-0.042526155375,-0.2295478880405426,-0.0,0.002931249999999913,-1.0,0.0,47.8753604745167,
178,49.3318,1.75142,-0.0166333,0.175453,13.3155,23.3145,0.0,0.056028902530670166,1.0,0.0,3,48.91471952846591,-0.043277061527000005,-0.6647887229919434,-0.0,-0.0018673499999999343,-1.0,0.0,47.670138500041325,
179,49.3522,2.03033,-0.031411,0.178543,13.6191,23.6181,0.0,-0.4981135427951813,1.0,0.0,3,48.552881780577806,-0.044057449223000006,-0.5541424453258514,-0.0,-0.0065228500000000245,-1.0,0.0,47.33605874775705,
180,49.7028,1.92312,-0.0470495,0.182569,13.923,23.9221,0.0,1.0,1.0,0.0,3,48.47898310297518,-0.045370952466,-1.4981135427951813,-0.0,-0.011001550000000054,-1.0,0.0,46.97317653767062,
181,50.249,1.18282,-0.0564974,0.186775,14.2299,24.229,0.0,0.1838674545288086,1.0,0.0,3,48.750111126235424,-0.046926284875,-0.8161325454711914,-0.0,-0.01169124999999993,-1.0,0.0,47.44665382771907,
182,50.7762,0.426039,-0.0574858,0.190514,14.5402,24.5392,0.0,-1.0,1.0,0.0,3,49.233673601391416,-0.048367884834,-1.1838674545288086,-0.0,-0.009169299999999964,-1.0,0.0,47.82097618019877,
183,51.2303,-0.252509,-0.0523081,0.193438,14.8538,24.8528,0.0,-1.0,1.0,0.0,3,49.820960515633395,-0.049549433856999996,-0.0,-0.0,-0.004948099999999983,-1.0,0.0,48.76646298177639,
184,51.6417,-0.742324,-0.0428244,0.195412,15.1705,25.1695,0.0,-0.43798187375068665,1.0,0.0,3,50.4889291667296,-0.050457039402000005,-0.5620181262493134,-0.0,-9.939999999999949e-05,-1.0,0.0,49.2697672894528,
185,52.1919,-0.487669,-0.0336073,0.196726,15.4902,25.4892,0.0,-1.0,1.0,0.0,3,51.28557934827878,-0.051337518597000004,-0.5620181262493134,-0.0,0.0032662999999999442,-1.0,0.0,50.06890269180698,
186,52.7388,0.0769694,-0.0310862,0.198263,15.8134,25.8124,0.0,-0.42994946241378784,1.0,0.0,3,51.89372750907753,-0.05228076352199999,-0.5700505375862122,-0.0,0.002228150000000151,-1.0,0.0,50.67265973427967,
187,53.1437,0.603724,-0.0335803,0.20034,16.1394,26.1384,0.0,-1.0,1.0,0.0,3,52.22161641892486,-0.053234044290000004,-0.5700505375862122,-0.0,-0.00036800000000003497,-1.0,0.0,50.996999213359,
188,53.4443,1.07084,-0.0402668,0.203189,16.4674,26.4664,0.0,0.36904919147491455,1.0,0.0,3,52.32525343909779,-0.0542964693635,-1.3690491914749146,-0.0,-0.004085550000000049,-1.0,0.0,50.856156662291816,
189,53.8024,1.34304,-0.0502494,0.206889,16.797,26.7961,0.0,-1.0,0.4419126510620117,0.0,3,52.383288341214616,-0.05565562366799999,-1.3690491914749146,-0.0,-0.008155549999999956,-1.0,0.0,50.90876241010414,
190,54.3696,0.897889,-0.0593047,0.211095,17.1295,27.1286,0.0,0.2989886999130249,1.0,0.0,3,52.66277623550476,-0.057385753559999995,-1.298988699913025,-0.0,-0.010475250000000075,-1.0,0.0,51.20521862197085,
191,54.887,0.50899,-0.0620545,0.215134,17.4655,27.4646,0.0,-0.7105178833007812,1.0,0.0,3,53.07945563725119,-0.059040299289999994,-1.0095065832138062,-0.0,-0.009438299999999927,-1.0,0.0,51.708125062997055,
192,55.4016,-0.0163468,-0.0603991,0.218852,17.8049,27.8039,0.0,-0.7516664266586304,1.0,0.0,3,53.62849046451979,-0.060623754816000006,-0.04114854335784912,-0.0,-0.007647399999999999,-1.0,0.0,52.547874746696436,
193,55.9206,-0.181174,-0.0547373,0.221914,18.1476,28.1466,0.0,-0.18770533800125122,0.0,0.003373086452484131,3,54.30713986191945,-0.062047820142,-0.5639610886573792,-0.0,-0.004214300000000004,-1.0,0.0,53.07168941518024,
194,56.4622,0.286552,-0.0533827,0.225065,18.4937,28.4927,0.0,-0.7829234600067139,1.0,0.04592031240463257,3,54.87543191394085,-0.06353832521500001,-0.5952181220054626,-0.0,-0.004501749999999971,-1.0,0.0,53.62882640212421,
195,57.0129,0.0587802,-0.0534445,0.228416,18.8431,28.8421,0.0,-0.5930058360099792,1.0,0.1896088719367981,3,55.408708191741646,-0.065113292832,-0.18991762399673462,-0.0,-0.005334200000000067,-1.0,0.0,54.28128541171062,
196,57.5249,-0.479504,-0.0478,0.231158,19.1961,29.1951,0.0,-0.6674037575721741,1.0,0.8630154728889465,3,56.08487329601378,-0.066486704171,-0.07439792156219482,-0.0,-0.0021520999999999346,-1.0,0.0,54.99391511537413,
197,57.9119,-0.881296,-0.0374378,0.232979,19.5521,29.5511,0.0,0.10395145416259766,0.37145745754241943,0.0,3,56.78752655151232,-0.0674612827505,-0.7713552117347717,-0.0,0.002543950000000045,-1.0,0.0,55.491202655241395,
198,58.3247,-1.17538,-0.0237076,0.233767,19.9106,29.9096,0.0,0.24386334419250488,1.0,0.0,3,57.61700549356108,-0.0681719507245,-0.13991189002990723,-0.0,0.007748350000000015,-1.0,0.0,56.51460832582761,
199,58.7629,-1.31466,-0.00650747,0.233426,20.2719,30.2709,0.0,-0.9298441410064697,1.0,0.0,3,58.570458228277076,-0.068583943477,-1.1737074851989746,-0.0,0.013376300000000063,-1.0,0.0,57.163138339240376,
200,59.2526,-1.34811,0.0130738,0.231929,20.636,30.635,0.0,-1.0,1.0,0.0,3,58.86021893205782,-0.068711981327,-0.07015585899353027,-0.0,0.01908145,-1.0,0.0,57.78954164303276,
201,59.7363,-1.25108,0.0348812,0.229195,21.0027,31.0017,0.0,-1.0,0.43727314472198486,0.0,3,58.65833750291654,-0.0684563063925,-0.0,-0.0,0.025129750000000006,-1.0,0.0,57.61501094652404,
202,60.0659,-1.20222,0.0572007,0.22522,21.3716,31.3706,0.0,0.6744062304496765,1.0,0.0,3,58.2506922700272,-0.06764020999,-1.6744062304496765,-0.0,0.03113600000000008,-1.0,0.0,56.7118661909023,
203,60.3381,-1.15912,0.0794801,0.219869,21.7414,31.7404,0.0,0.5182015299797058,1.0,0.0,3,57.75230446392933,-0.06633238854449999,-0.1562047004699707,-0.0,0.03774844999999999,-1.0,0.0,56.676859115243836,
204,60.7939,-1.05055,0.102062,0.213226,22.1126,32.1116,0.0,0.17463868856430054,1.0,0.0,3,57.38055005723074,-0.064814200607,-0.3435628414154053,-0.0,0.043876300000000035,-1.0,0.0,56.25654330419912,
205,61.2842,-0.870117,0.126285,0.205236,22.4857,32.4848,0.0,0.706093966960907,1.0,0.0,3,56.93681155477555,-0.062888620356,-0.5314552783966064,-0.0,0.0502118,-1.0,0.0,55.76469815090057,
206,61.4683,-0.711221,0.150985,0.195862,22.8599,32.859,0.0,1.0,1.0,0.0,3,56.14621489549952,-0.060196520873,-0.293906033039093,-0.0,0.05666309999999994,-1.0,0.0,55.05450966471479,
207,61.5025,-0.7129,0.173517,0.185102,23.2326,33.2316,0.0,0.221449613571167,1.0,0.0,3,55.269828022557434,-0.056921178775,-0.778550386428833,-1.7325008365400763,0.06305510000000014,-1.0,0.0,53.782521702372776,
208,61.6299,-0.601033,0.195924,0.172961,23.6046,33.6037,0.0,0.4110122323036194,1.0,0.0,3,54.45197280875983,-0.05329784566950001,-0.1895626187324524,-4.056406098726299,0.06935304999999989,-1.0,0.0,52.80269831266165,
209,61.0078,-0.349977,0.215812,0.159724,23.9737,33.9727,0.0,1.0,1.0,0.0,3,53.0604665768093,-0.048722049236,-0.5889877676963806,-5.268607325545162,0.07417119999999999,-1.0,0.0,51.118928298432614,
210,60.2332,-0.158861,0.229925,0.145877,24.3365,34.3355,0.0,0.6362429857254028,1.0,0.0,3,51.784363822984595,-0.043933192582,-0.36375701427459717,-5.78849777838802,0.07652884999999998,-1.0,0.0,49.83955770936201,
211,59.9794,0.140759,0.239783,0.131605,24.6951,34.6942,0.0,-0.6711597442626953,1.0,0.0,3,51.14105233393182,-0.039467944685000006,-1.3074027299880981,-6.480256081615657,0.0779402500000001,-1.0,0.0,48.81526540800804,
212,60.4694,0.0158532,0.246671,0.117035,25.0544,35.0534,0.0,0.5006347894668579,0.19043171405792236,0.0,3,51.25641021043247,-0.03538518114500001,-1.1717945337295532,-7.69135911176695,0.07870175,-1.0,0.0,48.79448455240356,
213,60.8997,-0.498703,0.257434,0.101384,25.4149,35.4139,0.0,1.0,0.586572527885437,0.0,3,51.140309243555954,-0.030871275924,-0.4993652105331421,-9.116119590762175,0.0833242,-1.0,0.0,48.67553466585769,
214,60.9784,-0.912789,0.271292,0.0844777,25.7748,35.7738,0.0,0.05424469709396362,0.3760191798210144,0.0,3,50.5777577586736,-0.025756574908400002,-0.9457553029060364,-10.385056564326568,0.08875538500000002,-1.0,0.0,47.799271493244404,
215,61.1677,-1.16915,0.286909,0.0663427,26.1328,36.1318,0.0,-0.1841132640838623,0.5892207622528076,0.7989351153373718,3,50.01246757043426,-0.020290151853950004,-0.23835796117782593,-11.850765788717162,0.09399213499999996,-1.0,0.0,47.23704729691939,
216,61.6097,-1.10502,0.304108,0.047025,26.4904,36.4895,0.0,0.9911299347877502,0.9844819903373718,0.0,3,49.55843127424108,-0.014485980712499999,-1.1752431988716125,-13.628153547222965,0.09893975000000002,-1.0,0.0,46.24608905178365,
217,62.2242,-0.386941,0.316944,0.0270259,26.8499,36.849,0.0,1.0,0.749202311038971,0.0,3,49.42842690382207,-0.0084083250339,-0.008870065212249756,-15.304506906374591,0.101346795,-1.0,0.0,46.223028318268305,
218,62.7132,0.239597,0.320718,0.00700378,27.2127,37.2117,0.0,-0.011339902877807617,0.49430766701698303,0.0,3,49.63030455722177,-0.00219614727948,-1.0113399028778076,-16.365073824284977,0.100460789,-1.0,0.0,45.97040615443621,
219,63.0881,0.707867,0.31772,-0.0126597,27.5786,37.5777,0.0,1.0,1.0,0.0,3,50.07614265199412,-0.00399338209785,-1.0113399028778076,-16.95531772968814,-0.027646614999999992,-1.0,0.0,46.1978030245797,
220,63.5033,0.985584,0.310004,-0.0317637,27.9479,37.9469,0.0,-0.31995058059692383,0.0799376368522644,0.0,3,50.79001089271843,-0.010085498851050001,-1.3199505805969238,-17.32418783876416,-0.09393181499999999,-1.0,0.0,46.69138022887368,
221,63.9479,1.06517,0.299176,-0.0502777,28.3207,38.3198,0.0,0.6121335029602051,0.1425464153289795,0.0,3,51.683538097325204,-0.01607576665915,-0.9320840835571289,-17.526508379325804,-0.09005611499999999,-1.0,0.0,47.66880473370004,
222,64.359,1.15454,0.286352,-0.0681127,28.6972,38.6963,0.0,0.4822160303592682,0.8691760897636414,0.0,3,52.64909378724934,-0.0219183262965,-0.1299174726009369,-17.538081598071997,-0.08576936499999996,-1.0,0.0,48.87171861446176,
223,64.7372,1.15821,0.271386,-0.0851313,29.0773,39.0763,0.0,1.0,1.0,0.0,3,53.69088425922727,-0.0275558099718,-0.5177839696407318,-17.32337923010212,-0.08083643499999994,-1.0,0.0,49.82864993884793,
224,65.1611,0.917617,0.25538,-0.101354,29.4608,39.4598,0.0,0.4182863235473633,0.0,0.0,3,54.817480505250174,-0.033021690647,-0.5817136764526367,-17.00131594732801,-0.0760458,-1.0,0.0,50.983701519568186,
225,65.2946,0.90086,0.240914,-0.116895,29.8472,39.8462,0.0,1.0,0.585015058517456,0.0,3,55.619582046998445,-0.038163061335,-0.5817136764526367,-16.39964320484576,-0.07186024999999999,-1.0,0.0,51.875098152000795,
226,65.4898,0.954427,0.225447,-0.131411,30.2352,40.2342,0.0,0.7959921956062317,0.0,0.0,3,56.51267071371371,-0.04303040053900001,-0.2040078043937683,-15.674332522518682,-0.06600944999999997,-1.0,0.0,52.99127864347877,
227,65.6193,0.935739,0.208831,-0.144913,30.6256,40.6246,0.0,1.0,1.0,0.0,3,57.39167106977499,-0.04754544810449999,-0.2040078043937683,-14.649944500837563,-0.06026434999999997,-1.0,0.0,54.025167255226734,
228,64.796,0.485967,0.194673,-0.157527,31.0152,41.0142,0.0,1.0,1.0,0.0,3,57.30481247733215,-0.051035597460000005,-0.0,-12.733560564260927,-0.05519365000000012,-1.0,0.0,54.28854914523301,
229,64.1448,0.255815,0.186195,-0.16964,31.3991,41.3981,0.0,0.26358407735824585,0.7874563336372375,0.0,3,57.09882902939597,-0.054407619360000006,-0.7364159226417542,-11.421628623460073,-0.05208299999999999,-1.0,0.0,54.05816933972443,
230,64.1284,0.514722,0.176637,-0.181096,31.7823,41.7814,0.0,-0.7106826305389404,1.0,0.0,3,57.4962571686244,-0.058066983632,-0.9742667078971863,-10.554346578590867,-0.04822519999999997,-1.0,0.0,54.51453298583462,
231,64.1871,0.730957,0.163827,-0.191579,32.1667,42.1657,0.0,0.5650585293769836,0.0,0.0,3,58.093354518044926,-0.0614845021545,-1.275741159915924,-9.278871108512334,-0.04283604999999996,-1.0,0.0,55.2144809516388,
232,64.5067,0.789121,0.14637,-0.200986,32.5556,42.5546,0.0,0.7419552206993103,1.0,0.0,3,59.11284741482502,-0.064824718031,-0.17689669132232666,-7.7761368087183484,-0.03698569999999998,-1.0,0.0,56.79154746808957,
233,64.6235,0.799093,0.126595,-0.209213,32.9474,42.9465,0.0,0.6966827511787415,0.8671010732650757,0.0,3,60.026764808429476,-0.06760038152750002,-0.04527246952056885,-5.45303439426052,-0.030674350000000072,-1.0,0.0,58.09695317690674,
234,64.4429,0.868799,0.106568,-0.216074,33.3396,43.3386,0.0,-0.07824993133544922,1.0,0.0,3,60.650035839924755,-0.06962217587299999,-0.7749326825141907,-2.3137184505863573,-0.02350129999999992,-1.0,0.0,58.97737479170954,
235,64.769,0.705601,0.086033,-0.221646,33.7328,43.7319,0.0,0.19975996017456055,1.0,0.0,3,61.74674825262221,-0.07177894887000001,-0.27800989151000977,-0.0,-0.01677770000000009,-1.0,0.0,60.57478863629921,
236,65.2096,0.513337,0.0646711,-0.226094,34.1293,44.1283,0.0,1.0,1.0,0.0,3,62.96616401770768,-0.07371749651199999,-0.8002400398254395,-0.0,-0.010935299999999953,-1.0,0.0,61.64143920924805,
237,65.3101,0.419865,0.0428888,-0.229277,34.528,44.527,0.0,1.0,1.0,0.0,3,63.849935323701246,-0.0748705189885,-0.0,-0.0,-0.004451150000000098,-1.0,0.0,62.77061365471275,
238,65.4178,0.363439,0.0218434,-0.231097,34.9272,44.9262,0.0,-1.0,1.0,0.0,3,64.68777731719607,-0.075589286633,-2.0,-0.0,0.002454850000000036,-1.0,0.0,63.01464288056307,
239,65.3322,0.402274,0.000937164,-0.231539,35.3269,45.3259,0.0,-0.3397022485733032,0.05644583702087402,0.0,3,65.3015578216794,-0.07563476127900001,-0.6602977514266968,-0.0,0.009366950000000013,-1.0,0.0,64.03720068497238,
240,65.5793,0.261,-0.0211293,-0.230584,35.7266,45.7256,0.0,0.020455271005630493,1.0,0.0,3,64.87189089184928,-0.07560768655600002,-0.3601575195789337,-0.0,0.016304199999999935,-1.0,0.0,63.704540149419586,
241,66.0122,-0.121622,-0.0455961,-0.228365,36.1286,46.1276,0.0,-1.0,0.24981576204299927,0.0,3,64.43916403825045,-0.07537438026500001,-1.0204552710056305,-0.0,0.022513249999999985,-1.0,0.0,63.080166326683766,
242,66.3818,-0.588945,-0.0718508,-0.224877,36.5328,46.5318,0.0,-1.0,0.4775294065475464,0.16496360301971436,3,63.82778312210673,-0.074638700193,-0.0,-0.0,0.02868385000000015,-1.0,0.0,62.78182827191373,
243,66.7459,-1.15038,-0.097346,-0.220086,36.9385,46.9376,0.0,-0.3408353924751282,0.0,0.010145910084247589,3,63.18630477960483,-0.073449190737,-0.6591646075248718,-0.0,0.03495929999999994,-1.0,0.0,61.950065506610365,
244,66.9542,-1.32826,-0.119622,-0.214099,37.346,47.345,0.0,0.37465739250183105,0.0,0.0,3,62.480679069714654,-0.07167413632900001,-0.7154927849769592,-0.0,0.04063995000000001,-1.0,0.0,61.23499704789256,
245,67.2446,-1.37364,-0.140884,-0.206635,37.7534,47.7524,0.0,-1.0,1.0,0.0,3,61.857167591823625,-0.06947543960500001,-1.374657392501831,-0.0,0.047651749999999965,-1.0,0.0,60.42294668446807,
246,67.6416,-1.54026,-0.162901,-0.197783,38.1624,48.1614,0.0,-1.0,0.0,0.0,3,61.260981973884505,-0.066891792864,-0.0,-0.6534338809010194,0.0541491500000002,-1.0,0.0,60.15022424888535,
247,68.0544,-1.7919,-0.185133,-0.187547,38.5725,48.5716,0.0,-1.0,0.0,0.0,3,60.627837416030985,-0.063816992784,-0.0,-4.269912857748864,0.060557349999999927,-1.0,0.0,58.984090844584664,
248,68.6628,-2.35659,-0.205916,-0.176167,38.9849,48.984,0.0,-0.6698555946350098,1.0,0.532369077205658,3,60.192705246253254,-0.060480597438,-0.33014440536499023,-7.567359908287763,0.06570834999999997,-1.0,0.0,57.96378569096259,
249,69.277,-2.55814,-0.225585,-0.163663,39.4002,49.3992,0.0,-0.8163514137268066,0.4574514627456665,0.0,3,59.773936795461395,-0.056690408255,-0.14649581909179688,-10.50994800655728,0.07070314999999994,-1.0,0.0,57.16750859049526,
250,69.7699,-2.6659,-0.245904,-0.149775,39.8173,49.8163,0.0,0.037064194679260254,0.0,0.0,3,59.17890193806265,-0.0522489338625,-0.8534156084060669,-13.206731771903023,0.07692875000000002,-1.0,0.0,55.96654730589288,
251,70.2401,-2.82774,-0.266647,-0.13447,40.2356,50.2346,0.0,-1.0,0.0,0.0,3,58.5037250837248,-0.047225931235,-1.0370641946792603,-15.752303201083635,0.08324849999999995,-1.0,0.0,54.86578291392348,
252,70.5086,-2.96288,-0.287291,-0.117772,40.6546,50.6536,0.0,-1.0,0.4250548779964447,0.0,3,57.62931261742029,-0.041519694196,-0.0,-17.94668222676802,0.08937860000000006,-1.0,0.0,53.985169189209095,
253,70.9161,-3.34139,-0.302931,-0.0999184,41.0734,51.0724,0.0,-1.0,1.0,0.0,3,57.109210811371476,-0.0354291162312,-0.0,-19.83231000747889,0.09426391999999999,-1.0,0.0,53.19319911401845,
254,71.2784,-3.58713,-0.309735,-0.0814152,41.4945,51.4935,0.0,-0.8489134311676025,1.0,0.0,3,57.0235217619037,-0.0290157259584,-0.15108656883239746,-21.060586427523553,0.09658676000000005,-1.0,0.0,52.88667886116705,
255,71.0627,-3.3321,-0.303671,-0.0628132,41.9156,51.9146,0.0,0.43299412727355957,1.0,0.0,3,57.18646961605809,-0.022318377938200004,-1.281907558441162,-20.895379959958007,0.09615065999999999,-1.0,0.0,52.74142263659384,
256,70.685,-2.8543,-0.289084,-0.0446701,42.3351,52.3341,0.0,-0.028958171606063843,1.0,0.0,3,57.67671425045387,-0.0157875300925,-0.4619522988796234,-19.992562694224297,0.09294900500000002,-1.0,0.0,53.616405631563836,
257,70.63,-1.66232,-0.274693,-0.0268506,42.7535,52.7526,0.0,-0.38742655515670776,0.0,0.0,3,58.402731271836004,-0.009482289389999999,-0.3584683835506439,-19.376371835742205,0.09044003,-1.0,0.0,54.46969272201948,
258,70.967,-1.23045,-0.265906,-0.00884978,43.1722,53.1712,0.0,0.9078472852706909,0.0,0.0,3,59.1483721170425,-0.0031402116863,-1.2952738404273987,-19.52995498378624,0.090446589,-1.0,0.0,54.917603094660045,
259,71.0827,-1.35874,-0.253278,0.00853189,43.5942,53.5932,0.0,-0.4343225061893463,1.0,0.0,3,59.908987737011444,-0.003032348886515,-1.3421697914600372,-19.139885289974906,0.0020160445000000013,-1.0,0.0,55.63433770169068,
260,70.8414,-1.41154,-0.236533,0.0247472,44.0169,54.0159,0.0,-1.0,1.0,0.0,3,60.568650510291725,-0.0087656314704,-0.5656774938106537,-17.982796159187103,-0.07983919,-1.0,0.0,56.61292301680006,
261,70.176,-1.12952,-0.217988,0.0396922,44.4384,54.4375,0.0,-0.3540375828742981,0.2195066213607788,0.0,3,60.926923428143546,-0.013927199136,-0.6459624171257019,-16.110306626105313,-0.07274038999999997,-1.0,0.0,57.22992111995404,
262,69.6221,-0.896864,-0.201422,0.0535831,44.8571,54.8561,0.0,-1.0,0.0,0.0,3,61.250159940830706,-0.018652839732550004,-0.6459624171257019,-14.376857670908898,-0.06677534500000001,-1.0,0.0,57.81441438032411,
263,69.2258,-0.86453,-0.183953,0.0663085,45.2744,55.2734,0.0,-1.0,0.2928893268108368,0.0,3,61.72654517153511,-0.022951294796500002,-0.0,-12.539547698405741,-0.060311575000000055,-1.0,0.0,58.762350146977745,
264,68.9745,-0.861139,-0.164152,0.0777092,45.691,55.69,0.0,-1.0,0.0,0.0,3,62.411534388751484,-0.026799766077000003,-0.0,-10.347161667102782,-0.053118039999999964,-1.0,0.0,59.77954233260907,
265,68.6652,-0.745903,-0.14213,0.0876603,46.1071,56.1061,0.0,-1.0,0.5700198411941528,0.0,3,63.10953609473156,-0.0300960601578,-0.0,-7.450731122127671,-0.045372484999999935,-1.0,0.0,60.91645788125461,
266,68.821,-0.47114,-0.11868,0.0962203,46.5238,56.5228,0.0,-1.0,1.0,0.0,3,64.2626405831421,-0.0331098863315,-0.0,-4.266241848489585,-0.03798898500000002,-1.0,0.0,62.551605434537166,
267,69.2052,0.0431037,-0.0928374,0.103531,46.9434,56.9424,0.0,-0.24751538038253784,0.0,0.0,3,65.69937895643336,-0.03582441780600001,-0.7524846196174622,-0.045211567380960105,-0.03137695000000003,-1.0,0.0,64.399650467635,
268,69.663,0.703035,-0.0657125,0.109613,47.3662,57.3652,0.0,-0.21422582864761353,0.0,0.0,3,67.22542904876231,-0.038179852095,-0.033289551734924316,-0.0,-0.024929350000000017,-1.0,0.0,66.15233298114684,
269,70.2722,1.75068,-0.0401787,0.114682,47.7928,57.7918,0.0,-0.09441697597503662,0.0,0.0,3,68.80414342129835,-0.040294782202,-0.1198088526725769,-0.0,-0.019610899999999987,-1.0,0.0,67.70829508329457,
270,70.6054,1.9775,-0.0210148,0.118949,48.2232,58.2222,0.0,-1.0,0.0,0.0,3,69.84798555499694,-0.041992208623,-0.9055830240249634,-0.0,-0.015387549999999958,-1.0,0.0,68.51893088916646,
271,70.4956,1.9359,-0.00554672,0.12186,48.6541,58.6531,0.0,-1.0,1.0,0.0,3,70.29900689063778,-0.04295296908,-0.0,-0.0,-0.008461999999999983,-1.0,0.0,69.24759192155778,
272,70.6507,1.56467,0.00473012,0.123741,49.085,59.0841,0.0,-1.0,0.0,0.0,3,70.4828171093974,-0.0437119413435,-0.0,-0.0,-0.0032179500000000666,-1.0,0.0,69.43588721805389,
273,71.1438,1.16571,0.0163608,0.124384,49.5184,59.5175,0.0,-1.0,0.0,0.0,3,70.552319698436,-0.044245752096,-0.0,-0.0,0.0030042000000000263,-1.0,0.0,69.51107814634,
274,71.4209,0.876802,0.0303561,0.123774,49.9544,59.9534,0.0,0.04839432239532471,0.5144618153572083,0.0,3,70.30413209278714,-0.044200252383,-1.0483943223953247,-0.0,0.009238700000000002,-1.0,0.0,68.95465224368553,
275,71.2816,0.496789,0.0446285,0.121787,50.3904,60.3894,0.0,-1.0,0.25052595138549805,0.0,3,69.62055839597694,-0.043405861096000004,-1.0483943223953247,-0.0,0.016024349999999923,-1.0,0.0,68.27865858816233,
276,71.0615,0.192231,0.0606384,0.118368,50.8247,60.8237,0.0,-1.0,1.0,0.0,3,68.77768520583054,-0.04205703816,-0.0,-0.0,0.02301340000000006,-1.0,0.0,67.75864156767054,
277,70.7819,0.0211816,0.0788442,0.113499,51.2571,61.2561,0.0,-0.9953722953796387,1.0,0.0,3,67.77452834174562,-0.0401683743405,-0.004627704620361328,-0.0,0.030019950000000004,-1.0,0.0,66.76299160601901,
278,70.5795,0.0114019,0.0988327,0.107191,51.687,61.686,0.0,-0.29523393511772156,1.0,0.0,3,66.75296766080486,-0.03782743592249999,-0.7001383602619171,-0.0,0.03689955000000002,-1.0,0.0,65.54199826680379,
279,70.8265,0.229708,0.120663,0.0994967,52.1165,62.1155,0.0,-0.992872953414917,1.0,0.0,3,66.0488164207821,-0.03523501511274999,-0.6976390182971954,-0.0,0.043446335,-1.0,0.0,64.84773603518019,
280,70.9541,0.52758,0.144525,0.0904399,52.5466,62.5457,0.0,-0.8582342863082886,1.0,0.0,3,65.1048731127571,-0.03208540854295,-0.13463866710662842,-4.400169988316989,0.04980599499999995,-1.0,0.0,63.42217660083462,
281,70.7528,0.799651,0.167647,0.0799429,52.9749,62.974,0.0,1.0,1.0,0.0717008113861084,3,63.857849307133314,-0.028280920075599996,-1.8582342863082886,-7.772231568141578,0.05648214500000005,-1.0,0.0,61.162745510943985,
282,70.6665,1.38191,0.184755,0.0684819,53.4016,63.4006,0.0,1.0,1.0,0.0,3,62.972927461187865,-0.02419688093175,-0.0,-10.119988952706784,0.06072909500000001,-1.0,0.0,60.4914613323501,
283,70.5287,1.01737,0.197299,0.0560993,53.8267,63.8257,0.0,0.9161473512649536,1.0,0.0,3,62.2478465745514,-0.01978305349955,-0.08385264873504639,-11.732251127640367,0.06471796500000002,-1.0,0.0,59.50778802228528,
284,70.6808,0.657417,0.211167,0.0423719,54.2499,64.2489,0.0,-0.9035838842391968,1.0,0.0,3,61.70337828855885,-0.014974398947600002,-1.8197312355041504,-13.691158836013017,0.07075559500000002,-1.0,0.0,58.159566288558054,
285,70.7674,0.424536,0.227205,0.0272942,54.6729,64.6719,0.0,0.4970906972885132,1.0,0.0,3,60.97829903072384,-0.0096576978454,-1.40067458152771,-15.697466279320793,0.07675320999999999,-1.0,0.0,57.270572226522006,
286,70.4781,0.196085,0.244379,0.0108445,55.093,65.092,0.0,1.0,1.0,0.0,3,59.857815298519455,-0.00382149877725,-0.5029093027114868,-17.31796455999195,0.08279072500000001,-1.0,0.0,56.18821704992997,
287,70.1982,0.0918135,0.262597,-0.00692113,55.5091,65.5081,0.0,0.6470650434494019,1.0,0.0,3,58.68038704872825,-0.00242925433983,-0.35293495655059814,-18.920836573240237,0.0199629065,-1.0,0.0,54.75391472793721,
288,70.1252,0.0316292,0.281421,-0.0259991,55.9223,65.9213,0.0,0.9509552717208862,0.022538721561431885,0.0,3,57.62897717997417,-0.009115960436600002,-0.3038902282714844,-20.668892010017572,-0.09408989499999999,-1.0,0.0,53.33427045455348,
289,70.3289,0.116228,0.301476,-0.0464163,56.3334,66.3324,0.0,1.0,0.852056622505188,0.0,3,56.71563586086825,-0.01632203660535,-0.04904472827911377,-22.675602107828894,-0.09976518499999998,-1.0,0.0,52.18349490460482,
290,70.7642,0.492667,0.324217,-0.0681568,56.7444,66.7434,0.0,1.0,0.0,0.0,3,55.805859313370306,-0.024115307132800003,-0.0,-24.969772391392425,-0.10529465999999998,-1.0,0.0,50.93098348752864,
291,71.2632,1.09399,0.349449,-0.091207,57.1559,67.1549,0.0,1.0,0.0,0.0,3,54.756606633834174,-0.032498513412,-0.0,-27.34483937485826,-0.11069064999999996,-1.0,0.0,49.511691564193434,
292,71.7832,1.78477,0.376265,-0.115583,57.5681,67.5671,0.0,-0.06331491470336914,0.33810898661613464,0.0,3,53.5731573441643,-0.041484588027999994,-1.0633149147033691,-29.697915160759564,-0.11610085000000006,-1.0,0.0,47.64189015761135,
293,72.2377,2.45643,0.403586,-0.141362,57.9805,67.9795,0.0,1.0,0.19140291213989258,0.0,3,52.249473698995516,-0.051058328736999996,-1.0633149147033691,-31.899132846468135,-0.12182689999999989,-1.0,0.0,45.972724068877284,
294,72.6212,3.14842,0.430601,-0.168543,58.3924,68.3914,0.0,-0.04085588455200195,0.19307376444339752,0.4750291705131531,3,50.83531482758994,-0.061198974558000004,-1.040855884552002,-33.926456170895776,-0.12747785000000011,-1.0,0.0,44.245412812031965,
295,73.0324,4.04518,0.456554,-0.196997,58.804,68.803,0.0,1.0,0.551132321357727,0.0,3,49.453756688500604,-0.071935818514,-1.040855884552002,-35.870955464029656,-0.13242014999999996,-1.0,0.0,42.556500635016555,
296,73.7026,5.37287,0.476075,-0.226256,59.2177,69.2167,0.0,1.0,0.0,0.0,3,48.61817678402274,-0.08337827732800002,-0.0,-37.81886775264313,-0.13498220000000005,-1.0,0.0,41.726986143798264,
297,74.4659,5.6999,0.487034,-0.256065,59.6352,69.6342,0.0,0.03418630361557007,0.0,0.0,3,48.38209182413903,-0.0953405534175,-0.9658136963844299,-39.59230196366312,-0.13624174999999988,-1.0,0.0,40.92192011725674,
298,75.2586,5.9021,0.496677,-0.286939,60.0553,70.0543,0.0,0.5152122974395752,0.0,0.0,3,48.23455374167067,-0.10797313712699999,-0.4810259938240051,-41.37692353616486,-0.14002304999999993,-1.0,0.0,40.63571122597175,
299,76.064,6.17757,0.497661,-0.318313,60.4795,70.4785,0.0,0.2684742212295532,0.23193886876106262,0.0,3,48.682158381021424,-0.12106080016,-0.24673807621002197,-42.96167863125004,-0.14095435000000017,-1.0,0.0,40.90187001331091,
300,76.9178,5.83845,0.488439,-0.349868,60.9087,70.9077,0.0,0.37906527519226074,0.0,0.28358370065689087,3,49.87676540767752,-0.134555384252,-0.11059105396270752,-44.35357177330929,-0.14028160000000012,-1.0,0.0,41.91571534124031,
301,77.6485,4.9229,0.470386,-0.381454,61.3431,71.3421,0.0,1.0,0.0,0.0,3,51.61903077536867,-0.14809665459500002,-0.6209347248077393,-45.41318520395683,-0.13885730000000013,-1.0,0.0,43.33381862273783,
302,78.0422,3.82571,0.445891,-0.412673,61.781,71.78,0.0,0.6393086910247803,0.08039164543151855,0.0,3,53.583446858045505,-0.16102954400299999,-0.3606913089752197,-45.96411028131506,-0.13546134999999987,-1.0,0.0,45.28413202915269,
303,78.1412,2.83601,0.418171,-0.443095,62.223,72.222,0.0,0.09045261144638062,0.0,0.0,3,55.541853862443276,-0.17311987507,-0.5488560795783997,-46.105627272171326,-0.12995525000000008,-1.0,0.0,47.15827782267405,
304,77.8668,1.95087,0.388563,-0.472185,62.6668,72.6658,0.0,1.0,0.0,0.0,3,57.311909220133764,-0.18383767479000002,-0.9095473885536194,-45.76387303064096,-0.12184074999999989,-1.0,0.0,48.86878562418154,
305,77.65,1.01463,0.357517,-0.499776,63.112,73.1111,0.0,1.0,0.1302678883075714,0.0,3,59.15330221369607,-0.19403803200000003,-0.0,-45.357110380147155,-0.1129661999999998,-1.0,0.0,51.042731424673995,
306,77.423,0.132926,0.325882,-0.525847,63.5593,73.5583,0.0,-1.0,0.46516191959381104,0.0,3,60.954855584489735,-0.203563261405,-2.0,-44.82189081641547,-0.1040626499999997,-1.0,0.0,52.32394605062241,
307,76.5526,-0.975565,0.293657,-0.550284,64.0066,74.0056,0.0,1.0,0.1935722827911377,0.0,3,62.19626539952088,-0.210628354692,-2.0,-43.493264253497166,-0.09467080000000017,-1.0,0.0,53.766976606804306,
308,75.8934,-1.98047,0.263342,-0.573231,64.451,74.45,0.0,0.4800213575363159,0.584659218788147,0.0,3,63.399147499281604,-0.21752224787700003,-0.5199786424636841,-42.31483540888026,-0.08607345000000044,-1.0,0.0,55.592332897333456,
309,75.5545,-2.69816,0.232992,-0.594632,64.8957,74.8947,0.0,1.0,0.6671862602233887,0.0,3,64.79063380970888,-0.22463561722000003,-0.5199786424636841,-41.283352951790484,-0.07727339999999971,-1.0,0.0,57.140228256981196,
310,75.1349,-3.37023,0.202133,-0.614348,65.341,75.34,0.0,1.0,0.273099809885025,0.0,3,66.06318034707955,-0.23100074283000002,-0.0,-39.91431738130955,-0.06786259999999988,-1.0,0.0,58.777169397053115,
311,74.7602,-4.06,0.171048,-0.632363,65.7866,75.7856,0.0,1.0,0.0,0.0,3,67.30655933137514,-0.23742528553199999,-0.0,-38.26912931140551,-0.058456849999999894,-1.0,0.0,60.27030779913232,
312,74.4699,-4.80047,0.140594,-0.64873,66.2326,76.2316,0.0,0.6616796255111694,1.0,0.0,3,68.51731936022956,-0.24392890403500003,-0.33832037448883057,-36.35010986416635,-0.049398500000000234,-1.0,0.0,61.669979364222954,
313,73.7957,-5.41865,0.112136,-0.663527,66.6781,76.6772,0.0,1.0,1.0,0.0,3,69.20330316835711,-0.2488628768985,-0.33832037448883057,-33.713005479795896,-0.04080864999999989,-1.0,0.0,62.75518470714257,
314,73.0963,-5.8373,0.0852021,-0.676726,67.1208,77.1198,0.0,-0.9186583757400513,1.0,0.0,3,69.72093000747739,-0.25321771264500004,-1.9186583757400513,-30.563282237325318,-0.032158700000000096,-1.0,0.0,63.27546374651159,
315,72.6582,-6.16612,0.057972,-0.688239,67.5621,77.5611,0.0,1.0,0.09325230121612549,0.0,3,70.43124994629001,-0.25781715567,-1.9186583757400513,-26.683476509803775,-0.023153049999999897,-1.0,0.0,64.57216075142743,
316,72.287,-6.51515,0.0304998,-0.698057,68.0027,78.0017,0.0,0.8842103481292725,1.0,0.0,3,71.15118193808576,-0.2619174070440001,-0.11578965187072754,-21.247626963098384,-0.014187150000000148,-1.0,0.0,66.65319644101578,
317,71.9403,-6.81421,0.00331613,-0.706201,68.4425,78.4415,0.0,1.0,1.0,0.0,3,71.82062297185838,-0.2653002114025,-0.11578965187072754,-12.99757525809482,-0.005409949999999886,-1.0,0.0,68.56553962618044,
318,71.5733,-7.06435,-0.0237919,-0.712624,68.8813,78.8803,0.0,0.2206801474094391,1.0,0.0,3,70.70169168684758,-0.2677084220720001,-0.7793198525905609,-0.0,0.0035161999999999694,-1.0,0.0,69.20370350899842,
319,71.407,-7.34201,-0.0505116,-0.717346,69.3193,79.3183,0.0,0.6913402080535889,0.0,0.0,3,69.51325056216214,-0.26988771282600005,-0.4706600606441498,-0.0,0.012257299999999804,-1.0,0.0,68.11442213114289,
320,71.2624,-7.57471,-0.0764939,-0.720416,69.7572,79.7562,0.0,0.29253631830215454,0.583875298500061,0.0,3,68.33110000586099,-0.27119287884800003,-0.3988038897514343,-0.0,0.020670800000000544,-1.0,0.0,66.96093676008756,
321,71.0896,-7.70893,-0.101219,-0.721823,70.1945,80.1935,0.0,-0.401734322309494,0.0,0.0,3,67.1340753423965,-0.271411385033,-0.6942706406116486,-0.0,0.029056149999999725,-1.0,0.0,65.68343891518,
322,70.9962,-7.77245,-0.124676,-0.721581,70.6311,80.6301,0.0,0.04454395920038223,0.0,0.0,3,66.03082391447722,-0.270929484522,-0.44627828150987625,-0.0,0.037289050000000046,-1.0,0.0,64.66329999550226,
323,70.8907,-7.75726,-0.147015,-0.719707,71.0672,81.0662,0.0,-0.6730012893676758,0.0,0.07110422849655151,3,64.93373677780576,-0.26943243097349995,-0.717545248568058,-0.0,0.04535535000000035,-1.0,0.0,63.49439612226185,
324,70.6385,-7.61479,-0.168034,-0.716199,71.5017,81.5007,0.0,-0.20656952261924744,0.0,0.6193590760231018,3,63.736644750878234,-0.2664583229085,-0.46643176674842834,-0.0,0.053349949999999535,-1.0,0.0,62.3836068479452,
325,70.6057,-7.50339,-0.188335,-0.711079,71.9344,81.9334,0.0,1.0,0.0,0.9861780405044556,3,62.74767571569893,-0.2633696969925,-1.2065695226192474,-0.0,0.061153950000000235,-1.0,0.0,61.18348911192066,
326,70.8607,-7.6005,-0.209549,-0.704444,72.3672,82.3662,0.0,-1.0,0.0017910599708557129,0.0,3,61.94043176863113,-0.26049552388999997,-2.0,-0.0,0.06839720000000049,-1.0,0.0,60.14833344474113,
327,71.2028,-7.91676,-0.23257,-0.69637,72.8012,82.8002,0.0,0.6702158451080322,0.036381229758262634,0.0,3,61.08044851148102,-0.25720464608000004,-1.6702158451080322,-1.0479427198372662,0.07518849999999966,-1.0,0.0,59.24017620389303,
328,71.4677,-8.26681,-0.256977,-0.686868,73.2364,83.2354,0.0,-0.4043211340904236,0.0,0.0,3,60.03885151785686,-0.25299043024199996,-1.0745369791984558,-4.086017029032277,0.08185339999999985,-1.0,0.0,57.93245083950048,
329,71.645,-8.50138,-0.28078,-0.675817,73.6716,83.6706,0.0,0.6185492277145386,0.0,0.0,3,58.91275173831916,-0.247842762314,-1.0228703618049622,-6.716460820375758,0.0890458500000002,-1.0,0.0,56.4396245944073,
330,71.9437,-8.85399,-0.304657,-0.663266,74.1072,84.1062,0.0,0.8716117143630981,1.0,0.3336082696914673,3,57.84035367878984,-0.24259163737700007,-0.25306248664855957,-9.263827632548583,0.09591829999999968,-1.0,0.0,55.22818745053598,
331,72.2822,-9.35599,-0.329525,-0.649269,74.5434,84.5424,0.0,1.0,0.0,0.0,3,56.69811043378395,-0.23708039292000002,-0.12838828563690186,-11.743300109103401,0.10244845000000002,-1.0,0.0,53.76346698880737,
332,72.514,-9.84795,-0.355353,-0.633838,74.9803,84.9793,0.0,-0.6348298788070679,0.8839097619056702,0.0,3,55.369012067264734,-0.230955653904,-1.6348298788070679,-14.0129230868354,0.10884689999999975,-1.0,0.0,51.654515886693304,
333,72.5135,-10.1087,-0.380179,-0.616862,75.4159,85.415,0.0,0.9577675461769104,0.0,0.0,3,53.88150994772932,-0.223938440229,-1.5925974249839783,-15.84134810861687,0.11572309999999975,-1.0,0.0,49.919313163712594,
334,72.3856,-10.2524,-0.403144,-0.598347,75.8491,85.8481,0.0,1.0,0.15312594175338745,0.0,3,52.383721335676114,-0.21655853301599998,-0.0422324538230896,-17.325342100131778,0.12249235000000025,-1.0,0.0,48.67818410149343,
335,72.2019,-10.1619,-0.423409,-0.578374,76.2789,86.2779,0.0,0.2964369058609009,0.0,0.0,3,50.993182706992215,-0.208798508553,-0.7035630941390991,-18.53371948304936,0.12878369999999972,-1.0,0.0,46.92204104774008,
336,71.8423,-10.2656,-0.440403,-0.557079,76.7047,86.7037,0.0,1.0,0.7063087224960327,0.0,3,49.67377158689287,-0.20010918320849996,-0.7035630941390991,-19.35673627053245,0.13432895000000056,-1.0,0.0,45.49341198486278,
337,70.8069,-9.96933,-0.44966,-0.535122,77.125,87.124,0.0,0.44407302141189575,0.6772001385688782,0.0,3,48.37989494572326,-0.18945164970899997,-0.5559269785881042,-19.117396229892087,0.13654109999999997,-1.0,0.0,44.29259686795402,
338,69.297,-9.53227,-0.455058,-0.512866,77.5357,87.5347,0.0,0.6713103652000427,0.0,0.0,3,47.01651295530458,-0.17770037601000002,-0.22723734378814697,-18.223640995524875,0.13692329999999975,-1.0,0.0,43.1740185268294,
339,67.7388,-9.07856,-0.458665,-0.490628,77.9361,87.9351,0.0,1.0,1.0,0.0,3,45.741886590817664,-0.166172759832,-0.3286896347999573,-17.19927883091887,0.1357214000000001,-1.0,0.0,42.03293651590784,
340,66.5924,-8.1267,-0.460912,-0.468203,78.3268,88.3258,0.0,1.0,0.0,0.0,3,44.834311090378584,-0.155893807286,-0.0,-16.530534273680928,0.13553515000000016,-1.0,0.0,41.33437229204045,
341,66.1126,-7.00444,-0.465341,-0.444868,78.7096,88.7086,0.0,-0.48107337951660156,0.0,0.0,3,44.24948165802146,-0.14705690068399999,-1.4810733795166016,-16.636351152699532,0.1389183999999999,-1.0,0.0,40.30156847057755,
342,66.0231,-5.84577,-0.469661,-0.420393,79.0876,89.0867,0.0,0.05969512462615967,0.28054630756378174,0.0,3,43.933735360147,-0.13877824539150002,-0.5407685041427612,-17.14522770588311,0.14339464999999996,-1.0,0.0,40.2043370576302,
343,65.7967,-4.66682,-0.474769,-0.39457,79.4608,89.4599,0.0,1.0,0.5825003385543823,0.0,3,43.48055425433569,-0.12980701959500002,-0.9403048753738403,-17.570134706585215,0.14884350000000018,-1.0,0.0,39.58197906614076,
344,65.457,-3.52829,-0.479238,-0.367562,79.8284,89.8274,0.0,-0.02872335910797119,0.2620011866092682,0.0,3,42.99182804084864,-0.12029752917,-1.0287233591079712,-17.87461670533935,0.15341809999999984,-1.0,0.0,39.03513909814534,
345,65.4665,-2.49565,-0.483899,-0.339378,80.1911,90.1901,0.0,0.42575719952583313,1.0,0.0,3,42.72151863354612,-0.111089449185,-0.4544805586338043,-18.555094137459484,0.1578889,-1.0,0.0,38.84870979615206,
346,65.3754,-1.55993,-0.48953,-0.31,80.5504,90.5494,0.0,1.0,0.0,0.0,3,42.32719717714314,-0.10133187,-0.5742428004741669,-19.190831148488563,0.16239000000000003,-1.0,0.0,38.33735779472761,
347,65.0979,-0.751977,-0.496635,-0.279572,80.9048,90.9038,0.0,1.0,0.8585420846939087,0.0,3,41.724887964092694,-0.090997750494,-0.0,-19.709178934078786,0.16611860000000006,-1.0,0.0,37.84363197348688,
348,64.8097,-0.12756,-0.506211,-0.248171,81.2541,91.2531,0.0,-0.16825491189956665,1.0,0.0,3,40.969742282176924,-0.08041944029350001,-1.1682549118995667,-20.314127186516643,0.1694135499999999,-1.0,0.0,36.66114084033606,
349,64.9332,0.2653,-0.518712,-0.215747,81.5993,91.5983,0.0,1.0,0.300060510635376,0.0,3,40.296079925424095,-0.070045715502,-1.1682549118995667,-21.434234495059542,0.17290735000000002,-1.0,0.0,35.8333299120933,
350,65.1729,0.470427,-0.533993,-0.182161,81.9421,91.9411,0.0,-0.8927911520004272,1.0,0.0,3,39.51396154205787,-0.059359803184499994,-1.8927911520004272,-22.759222960629785,0.17703805000000003,-1.0,0.0,34.64991899917878,
351,65.1447,0.661976,-0.550908,-0.147433,82.2818,92.2808,0.0,-0.3764999210834503,0.3259205222129822,0.0,3,38.4561553235674,-0.0480223927755,-0.5162912309169769,-23.858944587267146,0.18101164999999989,-1.0,0.0,33.855415523426736,
352,65.3678,0.712427,-0.569423,-0.111579,82.6173,92.6163,0.0,0.7118446826934814,0.0,0.0,3,37.432158922916926,-0.036468368781,-1.0883446037769318,-25.24488883941745,0.18484895000000007,-1.0,0.0,32.467302797090234,
353,65.3842,0.744463,-0.589475,-0.0745318,82.9498,92.9488,0.0,0.28318819403648376,0.0,0.0,3,36.17513613942131,-0.0243660105878,-0.4286564886569977,-26.453307382439846,0.18896258999999999,-1.0,0.0,31.24313966487044,
354,65.1268,0.778493,-0.610439,-0.0364199,83.2764,93.2754,0.0,-0.5681312680244446,0.707337498664856,0.14393454790115356,3,34.698441130232936,-0.011859557716600001,-0.8513194620609283,-27.39537649120564,0.19238049499999998,-1.0,0.0,29.514259755217214,
355,65.2107,0.480747,-0.631427,0.00269262,83.598,93.597,0.0,0.21508878469467163,1.0,0.0,3,33.390315313656785,-0.00087793817517,-0.7832200527191162,-28.665055115828096,0.168771031,-1.0,0.0,28.02348412329166,
356,65.4419,0.415149,-0.649469,0.0427357,83.9169,93.9159,0.0,-0.870150089263916,0.7561227083206177,0.0,3,32.32981949026637,-0.013983527029150003,-1.0852388739585876,-30.011079518391057,-0.19807861499999999,-1.0,0.0,26.290523758290984,
357,65.5075,0.406305,-0.66758,0.0838809,84.232,94.231,0.0,0.19966067373752594,0.30949634313583374,0.0,3,31.167059713655878,-0.027474140283749997,-1.069810763001442,-31.196627087758316,-0.20153195499999998,-1.0,0.0,24.937616326307946,
358,65.8667,0.370631,-0.684415,0.12598,84.5439,94.5429,0.0,-0.15612539649009705,0.3041572570800781,0.0,3,30.21167829388255,-0.041489434330000005,-0.355786070227623,-32.6574506859911,-0.20419650000000006,-1.0,0.0,23.9606389355856,
359,65.9607,0.503463,-0.701998,0.169208,84.8527,94.8517,0.0,0.0019445493817329407,0.0,0.2975994944572449,3,29.06764287267393,-0.055805390628,-0.15806994587183,-33.87944566043279,-0.20767959999999988,-1.0,0.0,22.674820049219466,
360,66.2173,0.523205,-0.720708,0.213497,85.1566,95.1556,0.0,0.31118860840797424,1.0,0.057456791400909424,3,27.902665993822243,-0.0706859744905,-0.3092440590262413,-35.29599860436012,-0.2107701499999999,-1.0,0.0,21.23403686096985,
361,66.6546,0.329963,-0.741289,0.258956,85.4574,95.4564,0.0,-0.5419947504997253,1.0,0.46718829870224,3,26.660451569966607,-0.08630304298800001,-0.8531833589076996,-36.93822875450638,-0.21434720000000018,-1.0,0.0,19.563112006130343,
362,66.942,0.139491,-0.763066,0.305578,85.7552,95.7542,0.0,-0.24546395242214203,0.0,0.0,3,25.247181903860888,-0.10228001238,-0.2965307980775833,-38.46523894822305,-0.21783109999999994,-1.0,0.0,18.068325709824155,
363,67.1568,0.0135559,-0.784366,0.353304,86.0481,96.0471,0.0,1.0,1.0,0.0,3,23.81702323992052,-0.11863383033600002,-1.245463952422142,-39.935308490532705,-0.22096480000000002,-1.0,0.0,16.11348915027797,
364,67.311,-0.191137,-0.805128,0.402102,86.3367,96.3357,0.0,-0.9428675770759583,0.7858739495277405,0.0,3,22.3848980565895,-0.13532943861000002,-1.9428675770759583,-41.36745513812733,-0.2238849000000001,-1.0,0.0,14.237705174137611,
365,67.2128,-0.134295,-0.823709,0.451763,86.62,96.619,0.0,0.8631412982940674,1.0,0.0,3,21.015367325742297,-0.15182128083200003,-1.8060088753700256,-42.558450282353824,-0.22571685000000008,-1.0,0.0,12.712258989946216,
366,67.0551,-0.110022,-0.842737,0.50226,86.8965,96.8955,0.0,1.0,0.0,0.0,3,19.592739343670562,-0.16839547263000001,-0.13685870170593262,-43.73922043263218,-0.22737200000000013,-1.0,0.0,11.595031195633956,
367,67.1443,-0.760671,-0.856994,0.553309,87.1692,97.1682,0.0,1.0,0.1613084077835083,1.0,3,18.583771934697857,-0.18575772744350003,-0.0,-45.176072033229445,-0.22757954999999996,-1.0,0.0,10.39402385226994,
368,67.5749,-0.669494,-0.863676,0.604732,87.4414,97.4404,0.0,1.0,0.0,0.0871361494064331,3,18.21341808653068,-0.20434591395800003,-0.0,-46.96121910599177,-0.22687840000000015,-1.0,0.0,9.738010906673914,
369,68.1934,-0.820642,-0.869688,0.657024,87.7131,97.7121,0.0,0.45786139369010925,1.0,0.0918116569519043,3,17.93494122493496,-0.227275238784,-0.5421386063098907,-49.034055543573515,-0.22860879999999972,-1.0,0.0,8.961307272721967,
370,68.4977,-0.494255,-0.870705,0.709791,87.986,97.985,0.0,0.6658375859260559,0.9352887272834778,0.0,3,17.939264067153495,-0.25514931858449996,-0.20797619223594666,-50.8802450192146,-0.22834544999999928,-1.0,0.0,8.761339688016022,
371,68.6417,-0.400511,-0.87241,0.763028,88.2573,98.2563,0.0,1.0,1.0,0.0,3,17.849743467597047,-0.28845582412200005,-0.3341624140739441,-52.7318087370152,-0.2280336000000005,-1.0,0.0,8.323234008700584,
372,67.9813,-0.290181,-0.871123,0.816091,88.528,98.527,0.0,0.7271711826324463,1.0,0.0,3,17.773133170112747,-0.3240899557725001,-0.2728288173675537,-53.958849429575444,-0.22451045000000003,-1.0,0.0,8.048856704693666,
373,67.9617,0.209913,-0.872662,0.868935,88.7951,98.7941,0.0,1.0,1.0,0.0,3,17.654291450306836,-0.3675975331725,-0.2728288173675537,-56.13068584228722,-0.2207732499999998,-1.0,0.0,7.564469145580988,
374,67.67,0.217064,-0.877741,0.922212,89.0597,99.0587,0.0,0.5401867628097534,1.0,0.1683449149131775,3,17.20454406564507,-0.4158510031440001,-0.4598132371902466,-58.57219542966546,-0.2202744000000001,-1.0,0.0,6.644645376894178,
375,67.1179,-0.260488,-0.878317,0.974998,89.3224,99.3214,0.0,1.0,1.0,0.0,3,17.02208362468785,-0.4678225913250001,-0.4598132371902466,-61.961138225397654,-0.21518009999999976,-1.0,0.0,5.9069662283961275,
376,67.4588,-0.11311,-0.87509,1.02742,89.5866,99.5856,0.0,0.6249014139175415,1.0,0.0,3,17.345491160607917,-0.52923045788,-0.3750985860824585,-67.4588,-0.2107389999999998,-1.0,0.0,5.374172126903179,
377,67.9843,-0.224823,-0.874165,1.08035,89.8526,99.8516,0.0,0.17011362314224243,1.0,0.4900336265563965,3,17.549027498617626,-0.597970315025,-0.4547877907752991,-67.9843,-0.21063249999999978,-1.0,0.0,5.406343346360036,
378,68.5502,-0.0955985,-0.870727,1.13343,90.1221,100.121,0.0,1.0,1.0,0.0,3,17.951374395904384,-0.67303183083,-0.8298863768577576,-68.5502,-0.20872850000000054,-1.0,0.0,5.53811815201706,
379,68.6738,0.450452,-0.872807,1.1871,90.3915,100.39,0.0,0.3712478280067444,1.0,0.0,3,17.82844385103722,-0.7522997499,-0.6287521719932556,-68.6738,-0.2089950000000007,-1.0,0.0,5.377453449539243,
380,67.5301,0.563349,-0.879498,1.2408,90.6557,100.655,0.0,1.0,1.0,0.0,3,17.03976943586493,-0.8295813803999998,-0.6287521719932556,-67.5301,-0.20645999999999942,-1.0,0.0,4.685587403866952,
381,66.2608,0.497003,-0.886899,1.29367,90.9124,100.911,0.0,0.629765510559082,1.0,0.0,3,16.18490223867682,-0.9097761145800003,-0.37023448944091797,-66.2608,-0.19966650000000086,-1.0,0.0,4.0252692772645435,
382,65.7485,0.522899,-0.895151,1.3462,91.1633,101.162,0.0,1.0,1.0,0.0,3,15.46728431956116,-0.9993675935000002,-0.37023448944091797,-65.7485,-0.1953399999999994,-1.0,0.0,3.2992313792288837,
383,65.6417,0.598206,-0.905587,1.39891,91.4102,101.409,0.0,-0.2082967758178711,1.0,0.03913635015487671,3,14.692584437565916,-1.0973913408350002,-1.208296775817871,-65.6417,-0.19360449999999974,-1.0,0.0,2.1928445639855556,
384,65.9512,0.647284,-0.920623,1.45229,91.6533,101.652,0.0,-0.7562247514724731,0.9406746029853821,0.0,3,13.673987667056693,-1.2052995853400001,-0.547927975654602,-65.9512,-0.1942854999999999,-1.0,0.0,1.2173441890203107,
385,66.4124,0.451315,-0.940153,1.50665,91.8926,101.892,0.0,1.0,1.0,0.0,3,12.34210017227975,-1.3223154348000001,-1.7562247514724731,-66.4124,-0.19646749999999935,-1.0,0.0,-0.6654101879619909,
386,66.9637,0.0959043,-0.962482,1.56208,92.1282,102.127,0.0,0.8254352807998657,1.0,0.0,3,10.793123991669006,-1.4486112088799998,-0.17456471920013428,-66.9637,-0.1990459999999994,-1.0,0.0,-1.9514576329710336,
387,67.3141,-0.313493,-0.985627,1.61858,92.36,102.359,0.0,1.0,1.0,0.0,3,9.123164675456511,-1.58227149629,-0.17456471920013428,-67.3141,-0.2015710000000004,-1.0,0.0,-3.810162236593528,
388,67.5396,-0.548536,-1.00669,1.67593,92.5865,102.586,0.0,0.7104191780090332,1.0,0.0,3,7.57304252589925,-1.72358357404,-0.2895808219909668,-67.5396,-0.20295350000000045,-1.0,0.0,-5.571308794738039,
389,67.9201,-0.766506,-1.02726,1.73423,92.808,102.807,0.0,1.0,0.8803099989891052,0.3306785821914673,3,6.060057097893399,-1.8754230680150001,-0.2895808219909668,-67.9201,-0.20478850000000048,-1.0,0.0,-7.295043716718892,
390,67.8419,-1.14748,-1.04677,1.7933,93.0246,103.024,0.0,0.39708203077316284,1.0,0.0,3,4.576916468245049,-2.0322692863499996,-0.6029179692268372,-67.8419,-0.2056849999999999,-1.0,0.0,-9.018198208872999,
391,67.676,-1.22477,-1.06142,1.8526,93.2356,103.235,0.0,-0.715143084526062,1.0,0.0,3,3.458815065043897,-2.1958895480000002,-1.1122251152992249,-67.676,-0.20387000000000044,-1.0,0.0,-10.426012017545872,
392,67.9546,-1.19694,-1.07743,1.91255,93.4415,103.441,0.0,1.0,0.4780224561691284,0.0,3,2.257563655318986,-2.3726203536499995,-1.715143084526062,-67.9546,-0.2041225000000002,-1.0,0.0,-12.026912123688833,
393,68.4494,-1.23196,-1.09575,1.97344,93.6424,103.641,0.0,-0.621556282043457,0.0,0.04170122742652893,3,0.8723107991776367,-2.56174135328,-1.621556282043457,-68.4494,-0.2057780000000009,-1.0,0.0,-13.649085438715401,
394,68.958,-1.42407,-1.1166,2.03538,93.8384,103.837,0.0,1.0,1.0,0.0,3,-0.7286583211759208,-2.7620944145999995,-1.621556282043457,-68.958,-0.20793099999999898,-1.0,0.0,-15.528850620388956,
395,14.4785,-27.5543,-1.13881,2.05333,94.0291,104.028,164.0,1.0,1.0,0.0,3,-0.512429961188972,-2.2608137809249995,-0.0,-14.4785,0.012916499999999775,-1.0,-50.0,-55.93210224211397,collision
