step,speedX,speedY,angle,trackPos,distFromStart,distRaced,steer,accel,brake,gear,r_speed,r_safety,r_ttc,r_terminal,reward_total,terminal_reason
0,0.0,0.0,3.01992e-07,0.333334,6351.65,0.0,0.806442379951477,0.0,0.0,1,0.0,0.0,0.0,0.0,0.0,
1,0.0,0.0,3.01992e-07,0.333334,6351.65,0.0,0.6214829683303833,0.0,0.688967227935791,1,0.0,0.0,0.0,0.0,0.0,
2,0.0,0.0,3.01992e-07,0.333334,6351.65,0.0,1.0,0.0,0.0,1,0.0,0.0,0.0,0.0,0.0,
3,0.0,0.0,3.01992e-07,0.333334,6351.65,0.0,-0.47227033972740173,0.0,0.0,1,0.0,0.0,0.0,0.0,0.0,
4,0.0,0.0,3.01992e-07,0.333334,6351.65,0.0,-1.0,0.19045479595661163,1.0,1,0.0,0.0,0.0,0.0,0.0,
5,0.0,0.0,3.01992e-07,0.333334,6351.65,0.0,-1.0,1.0,0.0,1,0.0,0.0,0.0,0.0,0.0,
6,0.0,0.0,3.01992e-07,0.333334,6351.65,0.0,0.457429438829422,1.0,0.0,1,0.0,0.0,0.0,0.0,0.0,
7,0.0,0.0,3.01992e-07,0.333334,6351.65,0.0,0.5573658347129822,1.0,0.0,1,0.0,0.0,0.0,0.0,0.0,
8,0.0,0.0,3.01992e-07,0.333334,6351.65,0.0,0.7023626565933228,1.0,0.37032872438430786,1,0.0,0.0,0.0,0.0,0.0,
9,0.0,0.0,3.01992e-07,0.333334,6351.65,0.0,-0.6839838027954102,0.0,0.0,1,0.0,0.0,0.0,0.0,0.0,
10,0.0,0.0,3.01992e-07,0.333334,6351.65,0.0,1.0,1.0,0.0,1,0.0,0.0,0.0,0.0,0.0,
11,0.0,0.0,3.01992e-07,0.333334,6351.65,0.0,-1.0,1.0,0.0,1,0.0,0.0,0.0,0.0,0.0,
12,0.0,0.0,3.01992e-07,0.333334,6351.65,0.0,-1.0,0.0,0.0,1,0.0,0.0,0.0,0.0,0.0,
13,0.0,0.0,3.01992e-07,0.333334,6351.65,0.0,0.4956181049346924,0.0,0.0,1,0.0,0.0,0.0,0.0,0.0,
14,0.0,0.0,3.01992e-07,0.333334,6351.65,0.0,0.6535323858261108,0.0,0.0,1,0.0,0.0,0.0,0.0,0.0,
15,0.0,0.0,3.01992e-07,0.333334,6351.65,0.0,-0.8493601083755493,0.0,0.0,1,0.0,0.0,0.0,0.0,0.0,
16,0.0,0.0,3.01992e-07,0.333334,6351.65,0.0,-0.32648321986198425,0.3674495220184326,0.23803794384002686,1,0.0,0.0,0.0,0.0,0.0,
17,0.0,0.0,3.01992e-07,0.333334,6351.65,0.0,-0.0898892879486084,0.41663095355033875,0.0,1,0.0,0.0,0.0,0.0,0.0,
18,0.0,0.0,3.01992e-07,0.333334,6351.65,0.0,0.5026072263717651,1.0,0.0,1,0.0,0.0,0.0,0.0,0.0,
19,0.0,0.0,3.01992e-07,0.333334,6351.65,0.0,0.0015978142619132996,0.0,0.0,1,0.0,0.0,0.0,0.0,0.0,
20,0.0,0.0,3.01992e-07,0.333334,6351.65,0.0,-0.7889227867126465,0.6174708604812622,0.6107886433601379,1,0.0,0.0,0.0,0.0,0.0,
21,0.0,0.0,3.01992e-07,0.333334,6351.65,0.0,-0.765156626701355,0.037590786814689636,0.0,1,0.0,0.0,0.0,0.0,0.0,
22,0.0,0.0,3.01992e-07,0.333334,6351.65,0.0,-0.9008982181549072,0.4416118562221527,0.02835884690284729,1,0.0,0.0,0.0,0.0,0.0,
23,0.0,0.0,3.01992e-07,0.333334,6351.65,0.0,1.0,0.4108242094516754,0.0,1,0.0,0.0,0.0,0.0,0.0,
24,0.0,0.0,3.01992e-07,0.333334,6351.65,0.0,1.0,1.0,0.0,1,0.0,0.0,0.0,0.0,0.0,
25,0.0,0.0,3.01992e-07,0.333334,6351.65,0.0,0.12080983817577362,1.0,0.0,1,0.0,0.0,0.0,0.0,0.0,
26,0.0,0.0,3.01992e-07,0.333334,6351.65,0.0,0.6741901636123657,0.0,0.8679193258285522,1,0.0,0.0,0.0,0.0,0.0,
27,0.0,0.0,3.01992e-07,0.333334,6351.65,0.0,0.16778813302516937,0.3539087772369385,0.0,1,0.0,0.0,0.0,0.0,0.0,
28,0.0,0.0,3.01992e-07,0.333334,6351.65,0.0,0.594864010810852,1.0,0.0,1,0.0,0.0,0.0,0.0,0.0,
29,0.0,0.0,3.01992e-07,0.333334,6351.65,0.0,0.32229864597320557,0.8375220894813538,0.0,1,0.0,0.0,0.0,0.0,0.0,
30,0.0,0.0,3.01992e-07,0.333334,6351.65,0.0,0.2594496011734009,0.0,0.0,1,0.0,0.0,0.0,0.0,0.0,
31,0.0,0.0,3.01992e-07,0.333334,6351.65,0.0,-0.7088736295700073,0.0,1.0,1,0.0,0.0,0.0,0.0,0.0,
32,0.0,0.0,3.01992e-07,0.333334,6351.65,0.0,1.0,0.0,0.5336620807647705,1,0.0,0.0,0.0,0.0,0.0,
33,0.0,0.0,3.01992e-07,0.333334,6351.65,0.0,-1.0,1.0,0.0,1,0.0,0.0,0.0,0.0,0.0,
34,0.0,0.0,3.01992e-07,0.333334,6351.65,0.0,0.7472569346427917,1.0,0.0,1,0.0,0.0,0.0,0.0,0.0,
35,0.0,0.0,3.01992e-07,0.333334,6351.65,0.0,-0.08542948961257935,0.35950276255607605,0.0,1,0.0,0.0,0.0,0.0,0.0,
36,0.0,0.0,3.01992e-07,0.333334,6351.65,0.0,1.0,0.8479798436164856,0.19727745652198792,1,0.0,0.0,0.0,0.0,0.0,
37,0.0,0.0,3.01992e-07,0.333334,6351.65,0.0,-1.0,0.4419383108615875,0.0,1,0.0,0.0,0.0,0.0,0.0,
38,0.0,0.0,3.01992e-07,0.333334,6351.65,0.0,0.4256540834903717,0.0,0.0,1,0.0,0.0,0.0,0.0,0.0,
39,0.0,0.0,3.01992e-07,0.333334,6351.65,0.0,-0.4416564106941223,0.0,0.4553810656070709,1,0.0,0.0,0.0,0.0,0.0,
40,0.0,0.0,3.01992e-07,0.333334,6351.65,0.0,0.8130412101745605,1.0,1.0,1,0.0,0.0,0.0,0.0,0.0,
41,0.0,0.0,3.01992e-07,0.333334,6351.65,0.0,-1.0,0.0,0.0,1,0.0,0.0,0.0,0.0,0.0,
42,0.0,0.0,3.01992e-07,0.333334,6351.65,0.0,-1.0,0.0,0.0,1,0.0,0.0,0.0,0.0,0.0,
43,0.0,0.0,3.01992e-07,0.333334,6351.65,0.0,-0.82494056224823,0.0,0.0,1,0.0,0.0,0.0,0.0,0.0,
44,0.0,0.0,3.01992e-07,0.333334,6351.65,0.0,-1.0,0.0,0.0,1,0.0,0.0,0.0,0.0,0.0,
45,0.0,0.0,3.01992e-07,0.333334,6351.65,0.0,-1.0,0.5326483249664307,0.0,1,0.0,0.0,0.0,0.0,0.0,
46,0.0,0.0,3.01992e-07,0.333334,6351.65,0.0,0.1738612949848175,0.0,0.0,1,0.0,0.0,0.0,0.0,0.0,
47,0.0,0.0,3.01992e-07,0.333334,6351.65,0.0,-0.31193652749061584,1.0,0.03702610731124878,1,0.0,0.0,0.0,0.0,0.0,
48,0.0,0.0,3.01992e-07,0.333334,6351.65,0.0,0.06394894421100616,0.32002830505371094,1.0,1,0.0,0.0,0.0,0.0,0.0,
49,0.188382,0.016925,6.97771e-06,0.333334,6351.65,0.000488281,0.5588335990905762,1.0,0.0,1,0.1883813427579314,0.0,0.0,0.0,0.1883813427579314,
50,0.164309,0.0342213,-8.98202e-05,0.333334,6351.65,0.00146484,1.0,1.0,0.07847148180007935,1,0.16430162020359376,0.0,0.0,0.0,0.16430162020359376,
51,-0.00964379,-0.00990644,-3.73681e-05,0.333334,6351.65,0.00146484,-0.7455822229385376,0.0,0.7835016250610352,1,-0.00964360980821232,0.0,0.0,0.0,-0.00964360980821232,
52,0.0333188,-0.0134047,-2.16325e-05,0.333334,6351.65,0.00195313,1.0,0.1062244102358818,0.0,1,0.033318439607733515,0.0,0.0,0.0,0.033318439607733515,
53,0.12178,0.0117551,4.27405e-05,0.333334,6351.65,0.00244141,-0.13461518287658691,0.0,0.0,1,0.12177739741972496,0.0,0.0,0.0,0.12177739741972496,
54,0.847014,0.0115994,-6.85057e-06,0.333334,6351.66,0.00488281,0.23398272693157196,1.0,0.0,1,0.8470110987157757,0.0,0.0,0.0,0.8470110987157757,
55,1.19681,0.104658,-0.0002858,0.333395,6351.66,0.0107422,0.9062541723251343,1.0,0.23659080266952515,1,1.1966389269746267,0.0,0.0,0.0,1.1966389269746267,
56,2.06214,0.107212,-0.000774558,0.333497,6351.67,0.0205078,0.3813396394252777,1.0,0.0,1,2.0613407579825913,0.0,0.0,0.0,2.0613407579825913,
57,2.23583,0.0832488,-0.00117892,0.333599,6351.68,0.0322266,0.2303861826658249,0.0,0.0,1,2.2345105142168604,0.0,0.0,0.0,2.2345105142168604,
58,2.97951,0.000685379,-0.00119322,0.33365,6351.7,0.0463867,-0.9612289071083069,1.0,0.0,1,2.977730273886581,0.0,0.0,0.0,2.977730273886581,
59,3.15288,0.0820082,-0.00132101,0.33368,6351.71,0.0634766,1.0,0.0,0.0,1,3.1507947566075982,0.0,0.0,0.0,3.1507947566075982,
60,2.32259,0.0424872,-0.00163191,0.333772,6351.73,0.0800781,1.0,1.0,1.0,1,2.3206917792385573,0.0,0.0,0.0,2.3206917792385573,
61,2.38456,0.111385,-0.00211972,0.333853,6351.74,0.0932617,0.2704164385795593,0.20286144316196442,0.0,1,2.382027344965171,0.0,0.0,0.0,2.382027344965171,
62,2.93819,-0.016136,-0.0022766,0.333924,6351.76,0.10791,-1.0,0.6267726421356201,0.0,1,2.9348378470317815,0.0,0.0,0.0,2.9348378470317815,
63,3.02383,0.0892232,-0.00248593,0.333955,6351.78,0.124512,1.0,0.0,0.0,1,3.0200621456151997,0.0,0.0,0.0,3.0200621456151997,
64,2.9391,0.0100614,-0.00265711,0.334026,6351.79,0.141113,-0.9724574089050293,0.0,0.0,1,2.9351848732341344,0.0,0.0,0.0,2.9351848732341344,
65,3.38006,-0.171368,-0.00223893,0.333955,6351.81,0.15918,-0.8865695595741272,0.5193530321121216,0.0,1,3.3762676725017955,0.0,0.0,0.0,3.3762676725017955,
66,3.88702,-0.0788311,-0.00169772,0.333823,6351.83,0.179688,1.0,0.5434153079986572,0.0,1,3.8837148641012478,0.0,0.0,0.0,3.8837148641012478,
67,4.26666,-0.237736,-0.00113886,0.333691,6351.85,0.202637,-0.46805238723754883,0.40252286195755005,0.0,1,4.264227669388202,0.0,0.0,0.0,4.264227669388202,
68,5.14747,-0.136626,-0.000420268,0.333508,6351.88,0.228516,0.6447626948356628,1.0,0.0,1,5.14638788698443,0.0,0.0,0.0,5.14638788698443,
69,5.1879,-0.281164,0.000387494,0.333345,6351.91,0.257324,-1.0,0.0,0.0,1,5.186894470478116,0.0,0.0,0.0,5.186894470478116,
70,5.22862,-0.545967,0.00232631,0.332958,6351.94,0.286133,-0.730680525302887,0.0,0.0,1,5.222524162086634,0.0,0.0,0.0,5.222524162086634,
71,5.7203,-0.786372,0.00543148,0.332338,6351.97,0.315918,-1.0,0.7565457820892334,0.0,1,5.704680851853894,0.0,0.0,0.0,5.704680851853894,
72,5.74843,-0.754947,0.00906974,0.331493,6352.0,0.351563,-0.8360779285430908,0.0,0.0,1,5.722125542809706,0.0,0.0,0.0,5.722125542809706,
73,5.76722,-0.541099,0.0115994,0.330832,6352.03,0.383301,1.0,0.0,0.0,1,5.733384630141048,0.0,0.0,0.0,5.733384630141048,
74,6.43961,-0.497511,0.0137795,0.330324,6352.07,0.41748,-0.5271206498146057,1.0,0.0,1,6.39463275144839,0.0,0.0,0.0,6.39463275144839,
75,6.53249,-0.784907,0.0167158,0.329642,6352.11,0.454102,-0.899700403213501,0.0,0.0,1,6.476982018103518,0.0,0.0,0.0,6.476982018103518,
76,6.54579,-1.0138,0.0208944,0.328666,6352.14,0.490234,-1.0,0.0,0.0,1,6.475980983225696,0.0,0.0,0.0,6.475980983225696,
77,6.67243,-0.793512,0.0244754,0.327689,6352.18,0.526855,-0.2679142653942108,0.07702349126338959,0.0,1,6.588784511837524,0.0,0.0,0.0,6.588784511837524,
78,5.60939,-0.477361,0.0267347,0.326977,6352.21,0.560547,0.400279700756073,0.0,0.4625246226787567,1,5.532411732461419,0.0,0.0,0.0,5.532411732461419,
79,4.20115,-0.270111,0.0279992,0.326519,6352.24,0.587891,-0.843942403793335,0.0,0.6282230615615845,1,4.140696615687358,0.0,0.0,0.0,4.140696615687358,
80,3.11117,-0.167264,0.0287283,0.326255,6352.26,0.607422,1.0,0.0,0.31585514545440674,1,3.0652030746371057,0.0,0.0,0.0,3.0652030746371057,
81,3.55753,-0.0636656,0.0288942,0.326051,6352.28,0.625488,0.1321413367986679,1.0,0.0,1,3.504656216828572,0.0,0.0,0.0,3.504656216828572,
82,4.38548,0.0289535,0.0284599,0.32595,6352.3,0.647949,0.08980657160282135,0.4465443789958954,0.0,1,4.321307338104603,0.0,0.0,0.0,4.321307338104603,
83,4.91715,0.274786,0.0276988,0.32598,6352.32,0.67334,1.0,0.6115527749061584,0.0,1,4.847172974416203,0.0,0.0,0.0,4.847172974416203,
84,5.71981,0.17413,0.0269049,0.326061,6352.35,0.702637,-0.442653089761734,1.0,0.0,1,5.640803739785008,0.0,0.0,0.0,5.640803739785008,
85,6.64406,-0.0938579,0.0272053,0.32594,6352.39,0.737305,-0.1508091688156128,1.0,0.0,1,6.55123574830448,0.0,0.0,0.0,6.55123574830448,
86,5.48044,-0.0899025,0.0275691,0.325695,6352.42,0.771484,0.04270751401782036,0.0,1.0,1,5.402821583460814,0.0,0.0,0.0,5.402821583460814,
87,4.95943,0.12712,0.0273221,0.325573,6352.45,0.799805,0.19922932982444763,0.0,0.0,1,4.8898364227820865,0.0,0.0,0.0,4.8898364227820865,
88,4.1351,0.21596,0.0265134,0.325604,6352.48,0.825195,0.9931908845901489,0.0,0.292562872171402,1,4.078835321464659,0.0,0.0,0.0,4.078835321464659,
89,4.12021,0.175216,0.0255273,0.325746,6352.5,0.848145,-1.0,0.0,0.0,1,4.066284412783846,0.0,0.0,0.0,4.066284412783846,
90,4.78568,-0.00576819,0.0255726,0.325706,6352.52,0.872559,-0.5690282583236694,1.0,0.0,1,4.7229307977262325,0.0,0.0,0.0,4.7229307977262325,
91,5.00953,-0.30885,0.026696,0.325441,6352.55,0.900391,-0.7995235323905945,0.0,0.0,1,4.940885754793964,0.0,0.0,0.0,4.940885754793964,
92,4.26295,-0.218639,0.027818,0.325065,6352.58,0.925781,0.5166948437690735,1.0,0.9655853509902954,1,4.2020149587824225,0.0,0.0,0.0,4.2020149587824225,
93,4.78797,-0.284931,0.0287717,0.324739,6352.6,0.950684,-0.9832308292388916,1.0,0.0,1,4.717118854771993,0.0,0.0,0.0,4.717118854771993,
94,4.07743,-0.220457,0.0299748,0.324363,6352.63,0.976074,0.8090088367462158,0.0,0.41173604130744934,1,4.014497451214558,0.0,0.0,0.0,4.014497451214558,
95,4.48884,-0.277525,0.0308622,0.324048,6352.65,0.999023,-1.0,1.0,0.0,1,4.4174456713840655,0.0,0.0,0.0,4.4174456713840655,
96,5.34209,-0.479103,0.0332215,0.323559,6352.68,1.02637,-0.768622636795044,1.0,0.0,1,5.250422524229274,0.0,0.0,0.0,5.250422524229274,
97,5.53142,-0.366273,0.035486,0.322908,6352.71,1.06055,-0.06642314791679382,0.6680653691291809,0.2586798071861267,1,5.429814239715721,0.0,0.0,0.0,5.429814239715721,
98,5.74921,-0.160218,0.0363353,0.322501,6352.74,1.09131,-0.14920952916145325,0.244689479470253,0.0,1,5.640988555478489,0.0,0.0,0.0,5.640988555478489,
99,4.48111,-0.106345,0.0366886,0.322206,6352.77,1.12012,0.7560147047042847,0.0,0.9087859392166138,1,4.3959100458251665,0.0,0.0,0.0,4.3959100458251665,
100,3.75528,-0.0466776,0.0368622,0.322003,6352.79,1.14209,-1.0,0.6072421073913574,0.26622235774993896,1,3.6835306433779667,0.0,0.0,0.0,3.6835306433779667,
101,3.69943,-0.236372,0.0377033,0.321738,6352.81,1.16309,-0.8100878596305847,0.0,0.0,1,3.6270770321454444,0.0,0.0,0.0,3.6270770321454444,
102,4.51942,-0.179507,0.0385078,0.321372,6352.84,1.18604,-0.1879311501979828,1.0,0.0,1,4.42907464464591,0.0,0.0,0.0,4.42907464464591,
103,4.8821,-0.266549,0.0395139,0.320996,6352.86,1.21191,-0.39648887515068054,1.0,0.21260708570480347,1,4.781858859150144,0.0,0.0,0.0,4.781858859150144,
104,4.73518,-0.489127,0.0411914,0.320477,6352.89,1.23877,-1.0,0.43602651357650757,0.17968487739562988,1,4.633666633301419,0.0,0.0,0.0,4.633666633301419,
105,5.34695,-0.558735,0.0433667,0.319785,6352.92,1.26709,-0.6960113048553467,0.7219694256782532,0.0,1,5.226019410983774,0.0,0.0,0.0,5.226019410983774,
106,5.47112,-0.374721,0.0452603,0.319104,6352.95,1.29736,-0.335228830575943,0.0,0.0,1,5.341747177094861,0.0,0.0,0.0,5.341747177094861,
107,4.43687,-0.198221,0.0461848,0.318646,6352.98,1.32471,1.0,0.5348939299583435,1.0,1,4.329717283649856,0.0,0.0,0.0,4.329717283649856,
108,3.02986,-0.10302,0.0465472,0.318372,6353.0,1.34521,-0.5065954923629761,0.15391696989536285,1.0,1,2.9560879931599957,0.0,0.0,0.0,2.9560879931599957,
109,1.86765,-0.0192356,0.0466364,0.318219,6353.01,1.3584,-1.0,1.0,1.0,1,1.8220848905307456,0.0,0.0,0.0,1.8220848905307456,
110,0.81313,0.00852197,0.0466178,0.318158,6353.02,1.36572,-1.0,0.8733495473861694,0.9943459033966064,1,0.79330030340099,0.0,0.0,0.0,0.79330030340099,
111,0.762985,-0.0744773,0.0469959,0.318066,6353.02,1.37012,1.0,0.0,0.0,1,0.7442206005986124,0.0,0.0,0.0,0.7442206005986124,
112,1.44388,-0.132692,0.0475929,0.317944,6353.03,1.37598,-0.6646727323532104,1.0,0.0,1,1.4078988051971077,0.0,0.0,0.0,1.4078988051971077,
113,1.59626,-0.11368,0.048189,0.317741,6353.04,1.38477,-0.5841622352600098,0.0,0.030722767114639282,1,1.5559607546267178,0.0,0.0,0.0,1.5559607546267178,
114,1.56124,-0.0836831,0.0487412,0.317558,6353.04,1.39355,1.0,0.0,0.018305927515029907,1,1.52135255255546,0.0,0.0,0.0,1.52135255255546,
115,1.55021,0.000802877,0.0487855,0.317456,6353.05,1.40234,0.4755993187427521,0.0,0.0,1,1.5105667094714432,0.0,0.0,0.0,1.5105667094714432,
116,2.24582,0.0974839,0.0484646,0.317436,6353.06,1.4126,0.8135490417480469,1.0,0.0,1,2.188782923434064,0.0,0.0,0.0,2.188782923434064,
117,3.14253,0.265967,0.0472963,0.317487,6353.08,1.42822,1.0,1.0,0.0,1,3.0647285120919334,0.0,0.0,0.0,3.0647285120919334,
118,3.38074,0.285357,0.045997,0.317639,6353.1,1.44678,0.1115213930606842,0.2720215320587158,0.0,1,3.29943973926501,0.0,0.0,0.0,3.29943973926501,
119,2.313,0.174004,0.0453261,0.317741,6353.11,1.46338,-1.0,0.0,1.0,1,2.258222741621079,0.0,0.0,0.0,2.258222741621079,
120,2.03872,-0.0490064,0.0453876,0.3177,6353.13,1.47461,-0.5060676336288452,0.0,0.0,1,1.9903700234266022,0.0,0.0,0.0,1.9903700234266022,
121,1.68201,-0.0195385,0.0456064,0.317578,6353.14,1.48486,-0.8218659162521362,1.0,0.6693683862686157,1,1.6419191444023562,0.0,0.0,0.0,1.6419191444023562,
122,1.58828,-0.21905,0.0462149,0.317375,6353.15,1.49414,-1.0,0.09643259644508362,0.0,1,1.5498961265583118,0.0,0.0,0.0,1.5498961265583118,
123,0.682146,-0.0265103,0.0467208,0.317212,6353.15,1.50049,1.0,0.750234067440033,1.0,1,0.6654722232298317,0.0,0.0,0.0,0.6654722232298317,
124,1.29363,-0.0435797,0.0469759,0.31712,6353.16,1.50586,1.0,0.8391265869140625,0.0,1,1.2618293702256695,0.0,0.0,0.0,1.2618293702256695,
125,1.39411,0.0222468,0.0470198,0.317029,6353.17,1.51416,0.8998192548751831,0.0,0.0,1,1.3598058807304634,0.0,0.0,0.0,1.3598058807304634,
126,1.43463,0.00952913,0.0470651,0.316968,6353.17,1.52246,-1.0,1.0,0.3402487337589264,1,1.3992933122352764,0.0,0.0,0.0,1.3992933122352764,
127,1.46188,-0.0042054,0.0471457,0.316866,6353.18,1.53027,-0.013919586315751076,0.0,0.0,1,1.4258077148044828,0.0,0.0,0.0,1.4258077148044828,
128,0.801936,0.0122987,0.0470169,0.316825,6353.19,1.53662,0.9026559591293335,1.0,0.997306227684021,1,0.7822044605117374,0.0,0.0,0.0,0.7822044605117374,
129,0.594707,0.051114,0.0468901,0.316825,6353.19,1.54053,1.0,0.0,0.14097225666046143,1,0.5801155075808186,0.0,0.0,0.0,0.5801155075808186,
130,1.04065,0.14668,0.0463918,0.316866,6353.2,1.54541,1.0,0.6042616963386536,0.0,1,1.0154002021509254,0.0,0.0,0.0,1.0154002021509254,
131,1.5629,0.149997,0.0456651,0.316968,6353.2,1.55273,-0.2450689673423767,0.46992599964141846,0.0,1,1.5255981330499742,0.0,0.0,0.0,1.5255981330499742,
132,2.27425,0.150592,0.0450962,0.317039,6353.21,1.56348,0.4408816397190094,0.8602573871612549,0.0,1,2.2206752208965175,0.0,0.0,0.0,2.2206752208965175,
133,1.58779,0.073479,0.0446823,0.317039,6353.23,1.57471,-0.32217150926589966,0.3832439184188843,0.5930749177932739,1,1.5507439939941672,0.0,0.0,0.0,1.5507439939941672,
134,1.44922,0.0049474,0.0446036,0.317009,6353.23,1.5835,0.6853799819946289,1.0,0.45864439010620117,1,1.4154691421439238,0.0,0.0,0.0,1.4154691421439238,
135,1.9297,0.0478442,0.044401,0.316998,6353.24,1.59277,-0.7697041034698486,0.7064951062202454,0.0,1,1.884971930110629,0.0,0.0,0.0,1.884971930110629,
136,2.79536,-0.0687612,0.0446203,0.316897,6353.26,1.60596,-0.38634294271469116,1.0,0.0,1,2.730233512567214,0.0,0.0,0.0,2.730233512567214,
137,2.64318,-0.0534559,0.0450166,0.316693,6353.27,1.62158,-1.0,1.0,0.6334319114685059,1,2.5810288611176797,0.0,0.0,0.0,2.5810288611176797,
138,3.27319,-0.31615,0.0463155,0.316429,6353.29,1.6377,-1.0,1.0,0.0,1,3.1939073071516066,0.0,0.0,0.0,3.1939073071516066,
139,3.73352,-0.437674,0.0485404,0.31594,6353.31,1.65723,-0.9211651682853699,1.0,0.1814233660697937,1,3.6385447609237525,0.0,0.0,0.0,3.6385447609237525,
140,4.58595,-0.435397,0.0505984,0.31533,6353.33,1.68018,-0.5253329277038574,1.0,0.0,1,4.464109415648307,0.0,0.0,0.0,4.464109415648307,
141,3.94749,-0.225279,0.0517548,0.314822,6353.36,1.70459,0.3237779140472412,0.0,0.2684309482574463,1,3.840099205892562,0.0,0.0,0.0,3.840099205892562,
142,4.6067,-0.301641,0.0529617,0.314384,6353.38,1.72803,-1.0,1.0,0.0,1,4.478308436776151,0.0,0.0,0.0,4.478308436776151,
143,5.2622,-0.620767,0.0553697,0.313703,6353.41,1.75586,-1.0,0.6189157366752625,0.0,1,5.108526834851866,0.0,0.0,0.0,5.108526834851866,
144,5.8676,-0.597203,0.0578931,0.312787,6353.44,1.78662,0.6589614748954773,0.6211323738098145,0.0,1,5.688017873657613,0.0,0.0,0.0,5.688017873657613,
145,5.93009,-0.766459,0.0607761,0.311882,6353.47,1.81934,-0.949654221534729,0.0,0.0,1,5.739048327876676,0.0,0.0,0.0,5.739048327876676,
146,6.60107,-0.696254,0.0636562,0.310844,6353.5,1.85352,-0.5614455342292786,1.0,0.0,1,6.37774272500934,0.0,0.0,0.0,6.37774272500934,
147,7.41624,-0.863342,0.0674003,0.309603,6353.55,1.896,-1.0,1.0,0.013954460620880127,1,7.149661912645347,0.0,0.0,0.0,7.149661912645347,
148,7.56445,-1.13178,0.0727089,0.308006,6353.59,1.94189,-0.9724733829498291,0.0,0.0,1,7.269704576226484,0.0,0.0,0.0,7.269704576226484,
149,6.26928,-0.904955,0.0770109,0.306419,6353.64,1.98438,-0.41241663694381714,0.0,1.0,1,6.009535737404686,0.0,0.0,0.0,6.009535737404686,
150,4.61873,-0.614713,0.0789016,0.305229,6353.67,2.0166,0.2323877364397049,0.0,0.578493595123291,1,4.422336999125573,0.0,0.0,0.0,4.422336999125573,
151,4.71603,-0.501269,0.0797785,0.304364,6353.69,2.04346,-1.0,1.0,0.0,1,4.513110701966354,0.0,0.0,0.0,4.513110701966354,
152,5.24186,-0.439281,0.081601,0.303469,6353.73,2.07422,-0.5230219960212708,0.0,0.0,1,5.010784397294209,0.0,0.0,0.0,5.010784397294209,
153,5.91992,-0.266008,0.0827358,0.302645,6353.76,2.10791,0.437673419713974,1.0,0.0,1,5.655054638248306,0.0,0.0,0.0,5.655054638248306,
154,6.11125,0.124378,0.082568,0.302076,6353.8,2.14502,1.0,0.0,0.0,1,5.838419914867917,0.0,0.0,0.0,5.838419914867917,
155,5.02781,0.147558,0.0816644,0.301771,6353.83,2.17969,1.0,0.0,0.5307224988937378,1,4.805985466456001,0.0,0.0,0.0,4.805985466456001,
156,3.45407,0.087767,0.0812939,0.301547,6353.86,2.20557,0.4012167453765869,0.0,1.0,1,3.302420010239313,0.0,0.0,0.0,3.302420010239313,
157,2.16757,0.0368,0.0811094,0.301404,6353.87,2.22168,-0.6503525376319885,0.0,0.2654225826263428,1,2.072635175244738,0.0,0.0,0.0,2.072635175244738,
158,2.67901,-0.124538,0.0814655,0.30114,6353.89,2.23682,-1.0,0.47908642888069153,0.0,1,2.5611223367822307,0.0,0.0,0.0,2.5611223367822307,
159,2.50716,-0.0395873,0.0816973,0.300824,6353.9,2.25293,0.47981202602386475,0.0,0.03168654441833496,1,2.396497484070609,0.0,0.0,0.0,2.396497484070609,
160,2.62198,-0.0560945,0.0818475,0.30057,6353.92,2.26855,-0.15996254980564117,0.47554153203964233,0.1244385838508606,1,2.506021070207998,0.0,0.0,0.0,2.506021070207998,
161,3.34238,0.0925837,0.0818823,0.300316,6353.94,2.28711,0.7133326530456543,0.6962083578109741,0.0,1,3.194493393877581,0.0,0.0,0.0,3.194493393877581,
162,3.24422,0.266283,0.0808638,0.300235,6353.96,2.30713,1.0,0.0,0.0,1,3.102591802725023,0.0,0.0,0.0,3.102591802725023,
163,3.5056,0.16168,0.0798815,0.300194,6353.98,2.32861,-1.0,0.23702548444271088,0.0,1,3.3545538026170445,0.0,0.0,0.0,3.3545538026170445,
164,3.67673,-0.0516447,0.0798171,0.29995,6354.0,2.35059,-1.0,0.02924533188343048,0.0,1,3.5184472045106925,0.0,0.0,0.0,3.5184472045106925,
165,4.21777,0.0218667,0.0798524,0.299614,6354.03,2.37402,0.034509312361478806,0.657085657119751,0.0,1,4.036109415648639,0.0,0.0,0.0,4.036109415648639,
166,4.43179,0.0271108,0.0797222,0.299278,6354.05,2.40088,0.2573739290237427,1.0,0.32022789120674133,1,4.2412450934615835,0.0,0.0,0.0,4.2412450934615835,
167,4.32849,-0.03138,0.0796703,0.298943,6354.08,2.42725,-0.7026849985122681,0.0,0.0,1,4.14251633168504,0.0,0.0,0.0,4.14251633168504,
168,4.43303,0.0879806,0.079347,0.298627,6354.1,2.45313,0.5904088020324707,1.0,0.21716925501823425,1,4.2433929353958515,0.0,0.0,0.0,4.2433929353958515,
169,5.08818,0.405001,0.0778597,0.298505,6354.13,2.48291,1.0,0.6319814920425415,0.0,1,4.874883166430205,0.0,0.0,0.0,4.874883166430205,
170,5.95243,0.749008,0.0745815,0.298678,6354.17,2.5166,1.0,1.0,0.0,1,5.714117918868725,0.0,0.0,0.0,5.714117918868725,
171,6.13962,0.684371,0.0709255,0.299004,6354.21,2.5542,-1.0,0.03384256362915039,0.0,1,5.90663870759261,0.0,0.0,0.0,5.90663870759261,
172,6.94817,0.427245,0.0691441,0.299106,6354.25,2.59424,-0.636273980140686,1.0,0.0,1,6.691546219618345,0.0,0.0,0.0,6.691546219618345,
173,7.01323,0.180068,0.068301,0.298882,6354.29,2.6377,0.07606653869152069,0.7508923411369324,0.32774797081947327,1,6.757558768037134,0.0,0.0,0.0,6.757558768037134,
174,5.89549,0.109484,0.0677326,0.298546,6354.33,2.67725,1.0,0.0,0.4157255291938782,1,5.682465978873385,0.0,0.0,0.0,5.682465978873385,
175,5.62114,0.128615,0.0670856,0.298292,6354.36,2.71191,-0.18221133947372437,0.0,0.0,1,5.4200884554267885,0.0,0.0,0.0,5.4200884554267885,
176,6.33169,0.294562,0.0657442,0.298088,6354.4,2.74805,0.7391459941864014,1.0,0.0,1,6.110025155150869,0.0,0.0,0.0,6.110025155150869,
177,6.50499,0.176673,0.0643647,0.297936,6354.44,2.78809,-1.0,0.0,0.0,1,6.282318819408846,0.0,0.0,0.0,6.282318819408846,
178,6.64095,-0.206549,0.0648225,0.297468,6354.48,2.82813,-0.9133049845695496,0.0,0.0,1,6.411911610308584,0.0,0.0,0.0,6.411911610308584,
179,6.50209,-0.583421,0.0671185,0.296603,6354.52,2.86816,-1.0,0.0,0.0,1,6.269408418414469,0.0,0.0,0.0,6.269408418414469,
180,6.59378,-0.403865,0.0692976,0.295596,6354.56,2.90771,0.5286263823509216,0.09765469282865524,0.0,1,6.349670397143701,0.0,0.0,0.0,6.349670397143701,
181,5.38689,-0.235974,0.0704172,0.294854,6354.6,2.94482,0.9365911483764648,0.0,0.5977286696434021,1,5.18403170048748,0.0,0.0,0.0,5.18403170048748,
182,5.73228,-0.205412,0.0710009,0.294284,6354.63,2.97705,-0.20506945252418518,1.0,0.0,1,5.514509905096524,0.0,0.0,0.0,5.514509905096524,
183,6.11834,-0.239677,0.0720876,0.293613,6354.67,3.01367,-0.24604159593582153,0.0,0.0,1,5.882112260226848,0.0,0.0,0.0,5.882112260226848,
184,4.65541,-0.132396,0.0728281,0.293033,6354.7,3.04639,-1.0,0.28150081634521484,0.902035117149353,1,4.473696950086699,0.0,0.0,0.0,4.473696950086699,
185,4.37275,-0.219469,0.0737937,0.292514,6354.72,3.07275,0.7047025561332703,0.0,0.0,1,4.19965516426718,0.0,0.0,0.0,4.19965516426718,
186,4.39949,0.0242743,0.0739396,0.292107,6354.75,3.09961,0.17146244645118713,0.0,0.0,1,4.224969225810978,0.0,0.0,0.0,4.224969225810978,
187,4.32743,0.263652,0.0729345,0.291965,6354.78,3.12598,0.8829889893531799,0.0,0.011505931615829468,1,4.158255747134601,0.0,0.0,0.0,4.158255747134601,
188,4.32332,0.146716,0.0719383,0.291914,6354.8,3.15283,-0.07989102602005005,0.0,0.0,1,4.156765922709471,0.0,0.0,0.0,4.156765922709471,
189,4.26356,0.287808,0.0709046,0.291802,6354.83,3.1792,0.699837327003479,0.0,0.0,1,4.101820658445663,0.0,0.0,0.0,4.101820658445663,
190,3.97603,0.132921,0.0699337,0.291751,6354.86,3.20459,-1.0,0.0,0.10982003808021545,1,3.827395185767814,0.0,0.0,0.0,3.827395185767814,
191,3.95466,-0.114998,0.0700529,0.291456,6354.88,3.22852,-1.0,0.0,0.0,1,3.806555966270119,0.0,0.0,0.0,3.806555966270119,
192,4.69397,-0.303087,0.0716613,0.290938,6354.91,3.25488,-0.6509916186332703,1.0,0.0,1,4.513878503845749,0.0,0.0,0.0,4.513878503845749,
193,4.83722,-0.408152,0.0735877,0.290205,6354.94,3.28418,-0.6872965693473816,0.6136009693145752,0.2231108546257019,1,4.6463094149818005,0.0,0.0,0.0,4.6463094149818005,
194,4.79973,-0.304098,0.0753296,0.289442,6354.96,3.31348,-0.19894571602344513,0.0,0.0,1,4.605508343823465,0.0,0.0,0.0,4.605508343823465,
195,4.74443,-0.328035,0.0768393,0.288771,6354.99,3.34229,-0.4610669016838074,0.0,0.04750165343284607,1,4.548330651455206,0.0,0.0,0.0,4.548330651455206,
196,3.94887,-0.150041,0.0776008,0.288191,6355.02,3.36865,-0.169644296169281,0.9955174326896667,0.9476546049118042,1,3.7839221412756023,0.0,0.0,0.0,3.7839221412756023,
197,3.85016,-0.263257,0.0785745,0.287682,6355.04,3.3916,-0.43562519550323486,0.0,0.0,1,3.687174163187114,0.0,0.0,0.0,3.687174163187114,
198,3.66364,-0.422664,0.0803002,0.287021,6355.07,3.41455,-1.0,0.0,0.0,1,3.504897064882764,0.0,0.0,0.0,3.504897064882764,
199,2.37059,-0.273441,0.0816687,0.28638,6355.08,3.43359,0.42607930302619934,0.0,1.0,1,2.2659948100452674,0.0,0.0,0.0,2.2659948100452674,
200,2.68441,-0.116448,0.0818089,0.286014,6355.1,3.44775,0.33570989966392517,1.0,0.0,1,2.565750164259211,0.0,0.0,0.0,2.565750164259211,
201,3.41034,0.0417084,0.0810731,0.285699,6355.12,3.4668,1.0,1.0,0.13522234559059143,1,3.2610462896136987,0.0,0.0,0.0,3.2610462896136987,
202,3.78181,0.0949424,0.0805243,0.285475,6355.14,3.48877,0.1366063952445984,0.39957013726234436,0.10948476195335388,1,3.617456383413278,0.0,0.0,0.0,3.617456383413278,
203,3.38061,-0.051619,0.080601,0.28519,6355.16,3.51074,-0.09238572418689728,0.0,0.09485623240470886,1,3.2335420347808976,0.0,0.0,0.0,3.2335420347808976,
204,2.05042,-0.0327509,0.0807594,0.284916,6355.18,3.52734,-0.7857625484466553,0.0,0.6152130365371704,1,1.961031756860673,0.0,0.0,0.0,1.961031756860673,
205,0.380506,-0.006037,0.0807865,0.284814,6355.19,3.53418,0.5951682329177856,0.0,1.0,1,0.3639118358770232,0.0,0.0,0.0,0.3639118358770232,
206,0.41791,0.016403,0.0807565,0.284814,6355.19,3.53613,1.0,0.0,0.0,1,0.39969187796466193,0.0,0.0,0.0,0.39969187796466193,
207,1.06953,-0.00044689,0.0807789,0.284773,6355.19,3.54053,-0.42016687989234924,1.0,0.0,1,1.0228916674705495,0.0,0.0,0.0,1.0228916674705495,
208,-0.0670119,0.000234124,0.0808142,0.284712,6355.2,3.54492,-0.01616939716041088,0.0,1.0,1,-0.06408838374639254,0.0,0.0,0.0,-0.06408838374639254,
209,0.849642,-0.032318,0.0808933,0.284671,6355.2,3.54736,-1.0,1.0,0.0,1,0.8125358978867612,0.0,0.0,0.0,0.8125358978867612,
210,0.948645,-0.0969364,0.0813659,0.284488,6355.2,3.55273,-1.0,0.0,0.0,1,0.9069554159307261,0.0,0.0,0.0,0.9069554159307261,
211,0.999864,-0.138987,0.0819734,0.284264,6355.21,3.55811,-0.8846635222434998,0.0,0.0,1,0.9555712736656983,0.0,0.0,0.0,0.9555712736656983,
212,1.21878,-0.0800134,0.0824879,0.284041,6355.22,3.56445,-0.1320030242204666,0.46486830711364746,0.044003963470458984,1,1.164425590931711,0.0,0.0,0.0,1.164425590931711,
213,1.3254,-0.135248,0.0830434,0.283817,6355.22,3.57227,-0.6572665572166443,0.0,0.0,1,1.2658628798712015,0.0,0.0,0.0,1.2658628798712015,
214,-0.133307,0.0667789,0.0831984,0.283736,6355.23,3.5752,0.000670064240694046,0.0,0.8407766222953796,1,-0.1273068231203085,0.0,0.0,0.0,-0.1273068231203085,
215,0.670134,-0.00526929,0.0832198,0.283695,6355.23,3.57715,0.9195672273635864,0.8843115568161011,0.0,1,0.639962786294631,0.0,0.0,0.0,0.639962786294631,
216,1.06373,0.080988,0.0830072,0.283634,6355.23,3.58301,0.48823070526123047,0.4504696726799011,0.0,1,1.0159695068831687,0.0,0.0,0.0,1.0159695068831687,
217,1.29685,0.0355188,0.0827435,0.283614,6355.24,3.59082,-0.7754204273223877,0.0,0.0,1,1.2388213465319733,0.0,0.0,0.0,1.2388213465319733,
218,1.28597,-0.0438435,0.082835,0.283502,6355.25,3.59814,-0.9929473400115967,0.0,0.0,1,1.2283598193659206,0.0,0.0,0.0,1.2283598193659206,
219,1.12761,0.00237622,0.0829175,0.28339,6355.26,3.60547,1.0,0.0,0.0,1,1.077040135073074,0.0,0.0,0.0,1.077040135073074,
220,1.1262,-0.0378475,0.0829952,0.283278,6355.26,3.6123,-0.25811004638671875,0.0,0.0,1,1.075642516025402,0.0,0.0,0.0,1.075642516025402,
221,1.63476,-0.00970873,0.0830825,0.283166,6355.27,3.62109,-0.038550395518541336,0.3487613797187805,0.0,1,1.5612892405861574,0.0,0.0,0.0,1.5612892405861574,
222,1.53148,0.0722698,0.0828889,0.283064,6355.28,3.63037,0.7106845378875732,0.0,0.0,1,1.462823250916217,0.0,0.0,0.0,1.462823250916217,
223,1.46877,0.00901902,0.0827273,0.282962,6355.29,3.63965,-0.14047203958034515,0.0,0.0,1,1.403062462987791,0.0,0.0,0.0,1.403062462987791,
224,0.688933,0.000764512,0.0827587,0.282851,6355.3,3.64697,-0.9449020028114319,0.8223063945770264,1.0,1,0.6581000249031173,0.0,0.0,0.0,0.6581000249031173,
225,0.685948,-0.0121224,0.0828641,0.282739,6355.3,3.65088,0.7888701558113098,0.0,0.0,1,0.6552066117063791,0.0,0.0,0.0,0.6552066117063791,
226,0.694295,0.0223746,0.0827912,0.282708,6355.31,3.65527,1.0,0.015893876552581787,0.0,1,0.663208941000816,0.0,0.0,0.0,0.663208941000816,
227,1.52682,0.0173338,0.0827106,0.282647,6355.31,3.66162,-0.12926210463047028,1.0,0.0,1,1.4585303249121198,0.0,0.0,0.0,1.4585303249121198,
228,1.71295,0.0695019,0.0824998,0.282535,6355.32,3.67188,0.6894153356552124,0.0,0.0,1,1.6365450608211756,0.0,0.0,0.0,1.6365450608211756,
229,2.17008,0.0281923,0.0823906,0.282444,6355.33,3.68359,0.015618272125720978,1.0,0.15200939774513245,1,2.073422695276326,0.0,0.0,0.0,2.073422695276326,
230,2.5673,0.120505,0.0820096,0.282322,6355.35,3.69824,0.5277844667434692,0.3219090700149536,0.0,1,2.4535178931764587,0.0,0.0,0.0,2.4535178931764587,
231,2.96053,0.0294028,0.0816282,0.282179,6355.37,3.71484,-0.4572986364364624,0.41699913144111633,0.0,1,2.829975002800932,0.0,0.0,0.0,2.829975002800932,
232,1.90559,-0.00213764,0.0816658,0.281976,6355.38,3.72949,0.547501802444458,0.5571630001068115,1.0,1,1.8215147482763272,0.0,0.0,0.0,1.8215147482763272,
233,1.6286,0.121516,0.08123,0.281935,6355.39,3.73975,0.4656484127044678,0.0,0.0,1,1.55715707610787,0.0,0.0,0.0,1.55715707610787,
234,1.61877,0.0132855,0.0809138,0.281874,6355.4,3.75049,1.0,1.0,0.4634858965873718,1,1.548054834080026,0.0,0.0,0.0,1.548054834080026,
235,1.41193,0.228063,0.0800999,0.281925,6355.41,3.75928,1.0,0.0,0.0,1,1.3509156770576254,0.0,0.0,0.0,1.3509156770576254,
236,1.09042,0.0482726,0.079676,0.281976,6355.42,3.76758,0.31093403697013855,0.6582361459732056,0.45507192611694336,1,1.0435664881357996,0.0,0.0,0.0,1.0435664881357996,
237,1.58831,0.105505,0.0792936,0.281966,6355.43,3.77588,0.17679819464683533,0.620398998260498,0.0,1,1.520413944852864,0.0,0.0,0.0,1.520413944852864,
238,1.58541,0.134657,0.0786932,0.281966,6355.44,3.78564,1.0,0.0,0.0,1,1.5181874821875638,0.0,0.0,0.0,1.5181874821875638,
239,1.67008,0.0901756,0.0781182,0.281966,6355.45,3.7959,-0.41767218708992004,0.0,0.0,1,1.5998213021006673,0.0,0.0,0.0,1.5998213021006673,
240,2.19262,-0.0400843,0.0780895,0.281854,6355.46,3.80762,-0.7437570691108704,0.6585853099822998,0.0,1,2.1004148129235714,0.0,0.0,0.0,2.1004148129235714,
241,2.88015,0.0706977,0.0780352,0.28165,6355.47,3.82324,0.09912131726741791,0.6336364150047302,0.0,1,2.759122600655915,0.0,0.0,0.0,2.759122600655915,
242,2.32645,0.0217703,0.077925,0.281508,6355.49,3.83936,-0.37063512206077576,1.0,1.0,1,2.228837516538857,0.0,0.0,0.0,2.228837516538857,
243,2.83137,-0.00596985,0.0779718,0.281305,6355.51,3.85498,0.4535866379737854,0.6779536008834839,0.0,1,2.712495865105988,0.0,0.0,0.0,2.712495865105988,
244,2.81264,0.18747,0.0774072,0.281182,6355.52,3.87207,0.6249924302101135,0.0,0.0,1,2.6954670994005254,0.0,0.0,0.0,2.6954670994005254,
245,2.61902,0.052327,0.0767263,0.281111,6355.54,3.88867,-0.002802882343530655,0.0,0.07986441254615784,1,2.51093948802726,0.0,0.0,0.0,2.51093948802726,
246,1.12088,0.0166417,0.0769127,0.280999,6355.55,3.90039,1.0,0.0,1.0,1,1.0745038478367508,0.0,0.0,0.0,1.0745038478367508,
247,0.694412,0.0025835,0.0769089,0.280938,6355.56,3.90527,-0.3902130722999573,1.0,0.4361778795719147,1,0.6656823814680595,0.0,0.0,0.0,0.6656823814680595,
248,0.0462699,0.00367498,0.0769046,0.280938,6355.56,3.90674,0.05450265482068062,0.0,0.43369731307029724,1,0.04435570916604626,0.0,0.0,0.0,0.04435570916604626,
249,0.0294517,0.00129164,0.0766504,0.280938,6355.56,3.90674,1.0,0.0,0.0,1,0.02823758646628278,0.0,0.0,0.0,0.02823758646628278,
250,0.68862,0.00139318,0.0766266,0.280938,6355.56,3.90918,-0.6090307235717773,0.6781361103057861,0.0,1,0.6602418327149139,0.0,0.0,0.0,0.6602418327149139,
251,0.662854,0.0370336,0.0764816,0.280918,6355.56,3.91357,0.4747411608695984,0.0,0.0,1,0.6355929215914028,0.0,0.0,0.0,0.6355929215914028,
252,0.79263,0.00104488,0.0763672,0.280898,6355.57,3.91846,1.0,1.0,0.48877280950546265,1,0.7600837764296859,0.0,0.0,0.0,0.7600837764296859,
253,0.665339,0.110414,0.0759605,0.280898,6355.57,3.92285,1.0,0.0,0.0,1,0.6381749730725994,0.0,0.0,0.0,0.6381749730725994,
254,0.533282,0.0848423,0.0754832,0.280928,6355.58,3.92676,1.0,0.0,0.09690812230110168,1,0.5116556687184125,0.0,0.0,0.0,0.5116556687184125,
255,1.02601,0.147293,0.0748685,0.280938,6355.58,3.93164,0.8991438746452332,0.5532826781272888,0.0,1,0.9847637563323436,0.0,0.0,0.0,0.9847637563323436,
256,1.08069,0.00359612,0.0747135,0.280888,6355.59,3.93848,-0.5943433046340942,1.0,0.36181050539016724,1,1.0373416218097709,0.0,0.0,0.0,1.0373416218097709,
257,1.85627,0.173191,0.0739225,0.280867,6355.6,3.94727,1.0,1.0,0.0,1,1.782652892466727,0.0,0.0,0.0,1.782652892466727,
258,2.85831,0.240819,0.0727075,0.280908,6355.61,3.96191,-0.038494206964969635,0.8754431009292603,0.0,1,2.7469395106473375,0.0,0.0,0.0,2.7469395106473375,
259,2.80444,0.363547,0.0712021,0.280999,6355.63,3.97998,1.0,0.0,0.0,1,2.6975774446269316,0.0,0.0,0.0,2.6975774446269316,
260,3.7127,0.331849,0.0696934,0.281142,6355.65,3.99951,-0.04387562349438667,1.0,0.0,1,3.5744164059562737,0.0,0.0,0.0,3.5744164059562737,
261,3.95888,0.145429,0.0687464,0.281057,0.0162964,4.01611,-0.1630077362060547,0.0,0.0,1,3.813556504068665,0.0,0.0,50.0,53.813556504068664,lap_complete
