step,speedX,speedY,angle,trackPos,distFromStart,distRaced,damage,steer,accel,brake,gear,r_speed,r_safety,r_smooth,r_anticipation,r_time,r_terminal,reward_total,terminal_reason
0,-0.00913045,-0.00302988,0.00822276,0.333439,3598.45,0.0,0.0,-0.37760084867477417,0.0,0.0,1,-0.009092603003111566,0.0,-0.0,-0.0,-1.0,0.0,-1.0090926030031115,
1,-0.00913045,-0.00302988,0.00822276,0.333439,3598.45,0.0,0.0,1.0,0.0,0.0,1,-0.009092603003111566,0.0,-1.3776008486747742,-0.0,-1.0,0.0,-1.4223728576055437,
2,-0.00913045,-0.00302988,0.00822276,0.333439,3598.45,0.0,0.0,-0.9317159056663513,0.17754267156124115,0.2654879689216614,1,-0.009092603003111566,0.0,-1.9317159056663513,-0.0,-1.0,0.0,-1.588607374703017,
3,-0.00913045,-0.00302988,0.00822276,0.333439,3598.45,0.0,0.0,0.697932243347168,0.7971943616867065,1.0,1,-0.009092603003111566,0.0,-1.6296481490135193,-0.0,-1.0,0.0,-1.4979870477071673,
4,-0.00913045,-0.00302988,0.00822276,0.333439,3598.45,0.0,0.0,-0.6189192533493042,0.7435392737388611,0.2858026623725891,1,-0.009092603003111566,0.0,-1.3168514966964722,-0.0,-1.0,0.0,-1.404148052012053,
5,-0.00913045,-0.00302988,0.00822276,0.333439,3598.45,0.0,0.0,-1.0,0.2980268597602844,0.0,1,-0.009092603003111566,0.0,-0.3810807466506958,-0.0,-1.0,0.0,-1.1234168269983202,
6,-0.00913045,-0.00302988,0.00822276,0.333439,3598.45,0.0,0.0,-0.4639378786087036,0.6427901387214661,0.5980861186981201,1,-0.009092603003111566,0.0,-0.5360621213912964,-0.0,-1.0,0.0,-1.1699112394205005,
7,-0.00913045,-0.00302988,0.00822276,0.333439,3598.45,0.0,0.0,1.0,0.4039657711982727,0.30829280614852905,1,-0.009092603003111566,0.0,-1.4639378786087036,-0.0,-1.0,0.0,-1.4482739665857225,
8,-0.00913045,-0.00302988,0.00822276,0.333439,3598.45,0.0,0.0,-0.14547854661941528,0.7050854563713074,0.0,1,-0.009092603003111566,0.0,-1.1454785466194153,-0.0,-1.0,0.0,-1.3527361669889362,
9,-0.00913045,-0.00302988,0.00822276,0.333439,3598.45,0.0,0.0,0.38826730847358704,0.0,0.0,1,-0.009092603003111566,0.0,-0.5337458550930023,-0.0,-1.0,0.0,-1.1692163595310123,
10,-0.00913045,-0.00302988,0.00822276,0.333439,3598.45,0.0,0.0,1.0,0.83628910779953,0.0,1,-0.009092603003111566,0.0,-0.611732691526413,-0.0,-1.0,0.0,-1.1926124104610354,
11,-0.00913045,-0.00302988,0.00822276,0.333439,3598.45,0.0,0.0,-0.34127575159072876,0.5262540578842163,0.727519690990448,1,-0.009092603003111566,0.0,-1.3412757515907288,-0.0,-1.0,0.0,-1.41147532848033,
12,-0.00913045,-0.00302988,0.00822276,0.333439,3598.45,0.0,0.0,-0.2223764955997467,0.0,1.0,1,-0.009092603003111566,0.0,-0.11889925599098206,-0.0,-1.0,0.0,-1.0447623798004062,
13,-0.00913045,-0.00302988,0.00822276,0.333439,3598.45,0.0,0.0,-0.3559917211532593,0.0,0.41691216826438904,1,-0.009092603003111566,0.0,-0.13361522555351257,-0.0,-1.0,0.0,-1.0491771706691653,
14,-0.00913045,-0.00302988,0.00822276,0.333439,3598.45,0.0,0.0,1.0,0.0,0.10173821449279785,1,-0.009092603003111566,0.0,-1.3559917211532593,-0.0,-1.0,0.0,-1.4158901193490894,
15,-0.00913045,-0.00302988,0.00822276,0.333439,3598.45,0.0,0.0,0.6967884302139282,0.0,0.0,1,-0.009092603003111566,0.0,-0.3032115697860718,-0.0,-1.0,0.0,-1.1000560739389331,
16,-0.00913045,-0.00302988,0.00822276,0.333439,3598.45,0.0,0.0,-0.7814359664916992,0.0,0.6545999646186829,1,-0.009092603003111566,0.0,-1.4782243967056274,-0.0,-1.0,0.0,-1.4525599220147998,
17,-0.00913045,-0.00302988,0.00822276,0.333439,3598.45,0.0,0.0,0.20622055232524872,0.24913287162780762,0.2056330144405365,1,-0.009092603003111566,0.0,-0.9876565188169479,-0.0,-1.0,0.0,-1.3053895586481958,
18,-0.00913045,-0.00302988,0.00822276,0.333439,3598.45,0.0,0.0,0.6994806528091431,0.0,0.48488378524780273,1,-0.009092603003111566,0.0,-0.49326010048389435,-0.0,-1.0,0.0,-1.1570706331482798,
19,-0.00913045,-0.00302988,0.00822276,0.333439,3598.45,0.0,0.0,1.0,0.2641688585281372,0.0,1,-0.009092603003111566,0.0,-0.30051934719085693,-0.0,-1.0,0.0,-1.0992484071603688,
20,-0.00913045,-0.00302988,0.00822276,0.333439,3598.45,0.0,0.0,-0.740485668182373,0.0,1.0,1,-0.009092603003111566,0.0,-1.740485668182373,-0.0,-1.0,0.0,-1.5312383034578234,
21,-0.00913045,-0.00302988,0.00822276,0.333439,3598.45,0.0,0.0,0.21243321895599365,1.0,0.0,1,-0.009092603003111566,0.0,-0.9529188871383667,-0.0,-1.0,0.0,-1.2949682691446216,
22,-0.00913045,-0.00302988,0.00822276,0.333439,3598.45,0.0,0.0,-0.09200534224510193,0.0,0.0,1,-0.009092603003111566,0.0,-0.3044385612010956,-0.0,-1.0,0.0,-1.1004241713634402,
23,-0.00913045,-0.00302988,0.00822276,0.333439,3598.45,0.0,0.0,1.0,0.0,0.9705857038497925,1,-0.009092603003111566,0.0,-1.092005342245102,-0.0,-1.0,0.0,-1.336694205676642,
24,-0.00913045,-0.00302988,0.00822276,0.333439,3598.45,0.0,0.0,1.0,0.0,1.0,1,-0.009092603003111566,0.0,-0.0,-0.0,-1.0,0.0,-1.0090926030031115,
25,-0.00913045,-0.00302988,0.00822276,0.333439,3598.45,0.0,0.0,0.26073166728019714,1.0,0.0,1,-0.009092603003111566,0.0,-0.7392683327198029,-0.0,-1.0,0.0,-1.2308731028190525,
26,-0.00913045,-0.00302988,0.00822276,0.333439,3598.45,0.0,0.0,-0.060032643377780914,0.5537295937538147,0.04023922234773636,1,-0.009092603003111566,0.0,-0.32076431065797806,-0.0,-1.0,0.0,-1.105321896200505,
27,-0.00913045,-0.00302988,0.00822276,0.333439,3598.45,0.0,0.0,-0.6313934326171875,0.007328614592552185,0.24902889132499695,1,-0.009092603003111566,0.0,-0.5713607892394066,-0.0,-1.0,0.0,-1.1805008397749335,
28,-0.00913045,-0.00302988,0.00822276,0.333439,3598.45,0.0,0.0,-0.02817957103252411,0.0,0.056714653968811035,1,-0.009092603003111566,0.0,-0.6032138615846634,-0.0,-1.0,0.0,-1.1900567614785107,
29,-0.00913045,-0.00302988,0.00822276,0.333439,3598.45,0.0,0.0,-0.2564888000488281,0.0,0.5277061462402344,1,-0.009092603003111566,0.0,-0.22830922901630402,-0.0,-1.0,0.0,-1.0775853717080028,
30,-0.00913045,-0.00302988,0.00822276,0.333439,3598.45,0.0,0.0,-0.21480557322502136,0.5079687237739563,0.0,1,-0.009092603003111566,0.0,-0.04168322682380676,-0.0,-1.0,0.0,-1.0215975710502536,
31,-0.00913045,-0.00302988,0.00822276,0.333439,3598.45,0.0,0.0,1.0,1.0,0.0,1,-0.009092603003111566,0.0,-1.2148055732250214,-0.0,-1.0,0.0,-1.3735342749706179,
32,-0.00913045,-0.00302988,0.00822276,0.333439,3598.45,0.0,0.0,-0.2798672020435333,0.0,0.3411106467247009,1,-0.009092603003111566,0.0,-1.2798672020435333,-0.0,-1.0,0.0,-1.3930527636161716,
33,-0.00913045,-0.00302988,0.00822276,0.333439,3598.45,0.0,0.0,-1.0,1.0,0.0,1,-0.009092603003111566,0.0,-0.7201327979564667,-0.0,-1.0,0.0,-1.2251324423900516,
34,-0.00913045,-0.00302988,0.00822276,0.333439,3598.45,0.0,0.0,-0.1630069762468338,0.0,0.17224107682704926,1,-0.009092603003111566,0.0,-0.8369930237531662,-0.0,-1.0,0.0,-1.2601905101290614,
35,-0.00913045,-0.00302988,0.00822276,0.333439,3598.45,0.0,0.0,0.7092875242233276,0.6028590202331543,0.35545235872268677,1,-0.009092603003111566,0.0,-0.8722945004701614,-0.0,-1.0,0.0,-1.2707809531441598,
36,-0.00913045,-0.00302988,0.00822276,0.333439,3598.45,0.0,0.0,1.0,0.0,1.0,1,-0.009092603003111566,0.0,-0.29071247577667236,-0.0,-1.0,0.0,-1.0963063457361133,
37,-0.00913045,-0.00302988,0.00822276,0.333439,3598.45,0.0,0.0,0.030637985095381737,0.0,0.34090107679367065,1,-0.009092603003111566,0.0,-0.9693620149046183,-0.0,-1.0,0.0,-1.299901207474497,
38,-0.00913045,-0.00302988,0.00822276,0.333439,3598.45,0.0,0.0,-0.33875545859336853,0.2650845944881439,0.0,1,-0.009092603003111566,0.0,-0.36939344368875027,-0.0,-1.0,0.0,-1.1199106361097366,
39,-0.00913045,-0.00302988,0.00822276,0.333439,3598.45,0.0,0.0,-1.0,0.46585407853126526,0.0,1,-0.009092603003111566,0.0,-0.6612445414066315,-0.0,-1.0,0.0,-1.207465965425101,
40,-0.00913045,-0.00302988,0.00822276,0.333439,3598.45,0.0,0.0,-0.5388914942741394,0.0,0.5534809827804565,1,-0.009092603003111566,0.0,-0.4611085057258606,-0.0,-1.0,0.0,-1.1474251547208698,
41,-0.00913045,-0.00302988,0.00822276,0.333439,3598.45,0.0,0.0,-0.39469558000564575,0.0,0.0,1,-0.009092603003111566,0.0,-0.14419591426849365,-0.0,-1.0,0.0,-1.0523513772836597,
42,-0.00913045,-0.00302988,0.00822276,0.333439,3598.45,0.0,0.0,-0.6384027004241943,0.0,0.0,1,-0.009092603003111566,0.0,-0.24370712041854858,-0.0,-1.0,0.0,-1.0822047391286762,
43,-0.00913045,-0.00302988,0.00822276,0.333439,3598.45,0.0,0.0,-1.0,0.2694872319698334,0.19813664257526398,1,-0.009092603003111566,0.0,-0.36159729957580566,-0.0,-1.0,0.0,-1.1175717928758533,
44,-0.00913045,-0.00302988,0.00822276,0.333439,3598.45,0.0,0.0,-0.6131432056427002,0.0,0.38769030570983887,1,-0.009092603003111566,0.0,-0.3868567943572998,-0.0,-1.0,0.0,-1.1251496413103015,
45,-0.00913045,-0.00302988,0.00822276,0.333439,3598.45,0.0,0.0,0.08743032068014145,0.9396989941596985,1.0,1,-0.009092603003111566,0.0,-0.7005735263228416,-0.0,-1.0,0.0,-1.219264660899964,
46,-0.00913045,-0.00302988,0.00822276,0.333439,3598.45,0.0,0.0,-0.7637129426002502,1.0,0.0,1,-0.009092603003111566,0.0,-0.8511432632803917,-0.0,-1.0,0.0,-1.264435581987229,
47,-0.00913045,-0.00302988,0.00822276,0.333439,3598.45,0.0,0.0,-0.025932539254426956,0.2574443817138672,0.05757269263267517,1,-0.009092603003111566,0.0,-0.7377804033458233,-0.0,-1.0,0.0,-1.2304267240068585,
48,-0.00940265,-0.0224621,0.00861233,0.333448,3598.45,0.0,0.0,1.0,0.0,0.3274340033531189,1,-0.009361812432597356,0.0,-1.025932539254427,-0.0,-1.0,0.0,-1.3171415742089254,
49,-0.00118411,0.0168485,0.008547,0.333474,3598.45,0.000244141,0.0,-0.01916504092514515,0.5309675931930542,1.0,1,-0.0011790065174546206,0.0,-1.0191650409251451,-0.0,-1.0,0.0,-1.3069285187949982,
50,-0.00953021,0.0245938,0.00879973,0.333499,3598.45,0.000244141,0.0,-0.991011381149292,0.0,0.1313348412513733,1,-0.009487909919033989,0.0,-0.9718463402241468,-0.0,-1.0,0.0,-1.3010418119862779,
51,-0.0108456,-0.0141272,0.00900954,0.333497,3598.45,0.000244141,0.0,0.6335849165916443,0.7024665474891663,0.9283546209335327,1,-0.010796303551933692,0.0,-1.6245962977409363,-0.0,-1.0,0.0,-1.4981751928742146,
52,-0.0181082,-0.00623231,0.0095188,0.333493,3598.45,0.000244141,0.0,0.5735939741134644,0.012760043144226074,0.0,1,-0.01802119677074821,0.0,-0.05999094247817993,-0.0,-1.0,0.0,-1.0360184795142022,
53,0.401352,0.00491619,0.00940102,0.333482,3598.45,0.00146484,0.0,-0.20156404376029968,0.5429247617721558,0.11521250009536743,1,0.39944773325000305,0.0,-0.775158017873764,-0.0,-1.0,0.0,-0.8330996721121262,
54,1.07651,0.0355448,0.00940483,0.333511,3598.45,0.00561523,0.0,0.5019760727882385,1.0,0.0,1,1.0714002691047924,0.0,-0.7035401165485382,-0.0,-1.0,0.0,-0.13966176585976908,
55,1.42539,0.0943861,0.00905579,0.333575,3598.46,0.0131836,0.0,0.4522344470024109,0.4439510703086853,0.0,1,1.4188776261419282,0.0,-0.04974162578582764,-0.0,-1.0,0.0,0.4039551384061799,
56,1.50584,0.0306292,0.00874203,0.333635,3598.47,0.0214844,0.0,-0.6126172542572021,0.02741527557373047,0.0,1,1.4992004945034765,0.0,-1.064851701259613,-0.0,-1.0,0.0,0.17974498412559248,
57,1.45197,-0.0399747,0.00882262,0.333616,3598.48,0.029541,0.0,-0.8739017844200134,0.0,0.0,1,1.4455084840062231,0.0,-0.2612845301628113,-0.0,-1.0,0.0,0.36712312495737964,
58,1.44234,-0.105315,0.00922459,0.333532,3598.48,0.0375977,0.0,-0.8924406170845032,0.0,0.0,1,1.4356262306487877,0.0,-0.018538832664489746,-0.0,-1.0,0.0,0.43006458084944077,
59,1.76783,-0.106367,0.00956219,0.333413,3598.49,0.0461426,0.0,1.0,0.30436211824417114,0.0,1,1.759297145055803,0.0,-1.8924406170845032,-0.0,-1.0,0.0,0.19156495993045208,
60,1.61518,-0.141813,0.0100824,0.333288,3598.5,0.0563965,0.0,-0.9579816460609436,0.0,0.0028647780418395996,1,1.6069555978401795,0.0,-1.9579816460609436,-0.0,-1.0,0.0,0.01956110402189637,
61,1.65806,-0.221991,0.0109159,0.333099,3598.51,0.0654297,0.0,-1.0,0.0,0.0,1,1.6489117875010748,0.0,-0.042018353939056396,-0.0,-1.0,0.0,0.6363062813193578,
62,2.20222,-0.216103,0.0118243,0.332875,3598.52,0.0759277,0.0,-0.1289816051721573,1.0,0.0,1,2.1890464995405727,0.0,-0.8710183948278427,-0.0,-1.0,0.0,0.9277409810922199,
63,2.4474,-0.133038,0.0125119,0.332676,3598.54,0.0895996,0.0,0.3419922888278961,0.0,0.0,1,2.431898022595526,0.0,-0.4709738940000534,-0.0,-1.0,0.0,1.2906058543955097,
64,2.54704,-0.221171,0.0133035,0.332493,3598.55,0.103516,0.0,-0.5970627069473267,0.0,0.0,1,2.52987283821603,0.0,-0.9390549957752228,-0.0,-1.0,0.0,1.2481563394834634,
65,1.59337,-0.0869542,0.0138041,0.33233,3598.56,0.11499,0.0,0.5693854689598083,0.0,0.3238283395767212,1,1.5822210214098702,0.0,-1.166448175907135,-0.0,-1.0,0.0,0.23228656863772978,
66,2.05432,-0.152115,0.0143759,0.332217,3598.57,0.124756,0.0,-0.9687174558639526,0.8125574588775635,0.0,1,2.0393418832619647,0.0,-1.538102924823761,-0.0,-1.0,0.0,0.5779110058148365,
67,2.73712,-0.247238,0.0153038,0.331977,3598.59,0.138184,0.0,-0.6630141139030457,1.0,0.0,1,2.715856129894497,0.0,-0.305703341960907,-0.0,-1.0,0.0,1.624145127306225,
68,3.52283,-0.414586,0.0171091,0.331622,3598.6,0.155518,0.0,-0.9218039512634277,1.0,0.0,1,3.492179653738144,0.0,-0.2587898373603821,-0.0,-1.0,0.0,2.4145427025300297,
69,3.58093,-0.377308,0.0188796,0.331168,3598.62,0.175537,0.0,-0.07189705967903137,0.07211372256278992,0.0,1,3.5464905719571944,0.0,-0.8499068915843964,-0.0,-1.0,0.0,2.2915185044818753,
70,4.26856,-0.229192,0.0199968,0.330833,3598.64,0.197266,0.0,-0.29214534163475037,1.0,0.0,1,4.225030663584542,0.0,-0.220248281955719,-0.0,-1.0,0.0,3.158956178997826,
71,5.09254,-0.0707808,0.0202925,0.330598,3598.67,0.223633,0.0,1.0,1.0,0.0,1,5.039824880896109,0.0,-1.2921453416347504,-0.0,-1.0,0.0,3.652181278405684,
72,5.98958,-0.167332,0.0208151,0.330394,3598.71,0.257813,0.0,-0.2673531472682953,1.0,0.0,1,5.925950147017278,0.0,-1.2673531472682953,-0.0,-1.0,0.0,4.545744202836789,
73,5.68446,-0.423067,0.0223882,0.330005,3598.74,0.290771,0.0,-0.9607670307159424,0.0,0.12395364046096802,1,5.619408346242555,0.0,-0.6934138834476471,-0.0,-1.0,0.0,4.411384181208261,
74,5.70152,-0.322164,0.0240809,0.329491,3598.77,0.32251,0.0,0.6616513729095459,0.0,0.0,1,5.631224721514708,0.0,-1.6224184036254883,-0.0,-1.0,0.0,4.144499200427061,
75,6.39706,-0.447115,0.0258171,0.329022,3598.8,0.356201,0.0,-0.5411088466644287,0.9671003818511963,0.0,1,6.312360629756652,0.0,-1.2027602195739746,-0.0,-1.0,0.0,4.951532563884459,
76,6.90613,-0.314983,0.0274417,0.328488,3598.84,0.393311,0.0,0.8827740550041199,0.5270808339118958,0.0,1,6.808783761894325,0.0,-1.4238829016685486,-0.0,-1.0,0.0,5.381618891393761,
77,6.88562,-0.196281,0.0282633,0.328109,3598.88,0.431396,0.0,-0.17574769258499146,0.011186659336090088,0.0,1,6.785577800204071,0.0,-1.0585217475891113,-0.0,-1.0,0.0,5.468021275927337,
78,6.81927,-0.182793,0.0289976,0.327753,3598.92,0.469482,0.0,-0.1665121465921402,0.1052318811416626,0.0,1,6.7175457961573155,0.0,-0.009235545992851257,-0.0,-1.0,0.0,5.71477513235946,
79,7.48259,-0.0865367,0.0292327,0.327448,3598.96,0.509277,0.0,-0.03689419478178024,0.9602527022361755,0.0,1,7.370040522984514,0.0,-0.12961795181035995,-0.0,-1.0,0.0,6.331155137441406,
80,7.71276,-0.325016,0.0301782,0.327063,3599.0,0.552246,0.0,-0.6916244626045227,0.0,0.0,1,7.592887226735797,0.0,-0.6547302678227425,-0.0,-1.0,0.0,6.396468146388974,
81,8.2681,-0.454513,0.0324427,0.326438,3599.04,0.596191,0.0,-0.4101010859012604,1.0,0.0,1,8.129652957326247,0.0,-0.28152337670326233,-0.0,-1.0,0.0,7.045195944315267,
82,9.05549,-0.5933,0.0354988,0.325665,3599.09,0.644531,0.0,-0.5129638314247131,1.0,0.0,1,8.889089135553089,0.0,-0.10286274552345276,-0.0,-1.0,0.0,7.858230311896053,
83,9.21321,-0.901456,0.0392372,0.324642,3599.14,0.695557,0.0,-0.661588191986084,0.069660484790802,0.0,1,9.02541486887285,0.0,-0.14862436056137085,-0.0,-1.0,0.0,7.980827560704439,
84,9.31984,-0.638144,0.0423085,0.323551,3599.19,0.746826,0.0,0.4580000936985016,0.0786888599395752,0.0,1,9.114404532028633,0.0,-1.1195882856845856,-0.0,-1.0,0.0,7.778528046323258,
85,9.38011,-0.504912,0.0442459,0.322669,3599.25,0.798584,0.0,-0.6593865156173706,1.0,0.3770577311515808,1,9.163481776464529,0.0,-1.1173866093158722,-0.0,-1.0,0.0,7.828265793669768,
86,9.71969,-0.527408,0.0463621,0.321806,3599.3,0.851074,0.0,1.0,1.0,0.0,1,9.48401399234352,0.0,-1.6593865156173706,-0.0,-1.0,0.0,7.986198037658308,
87,9.7148,-0.811368,0.049381,0.320784,3599.35,0.905029,0.0,-1.0,0.0,0.0,1,9.463191921093127,0.0,-2.0,-0.0,-1.0,0.0,7.863191921093128,
88,10.0714,-0.671346,0.0524318,0.319574,3599.41,0.959961,0.0,1.0,0.44718873500823975,0.0,1,9.793649702610688,0.0,-2.0,-0.0,-1.0,0.0,8.193649702610688,
89,10.7826,-0.282482,0.0532929,0.318638,3599.47,1.01782,0.0,0.29541683197021484,1.0,0.0,1,10.480109586087938,0.0,-0.7045831680297852,-0.0,-1.0,0.0,9.268734635679003,
90,11.0237,-0.299857,0.0539243,0.317861,3599.53,1.07861,0.0,-0.1931385099887848,0.07761436700820923,0.0,1,10.710597731496225,0.0,-0.48855534195899963,-0.0,-1.0,0.0,9.564031128908525,
91,11.5549,-0.610492,0.0565731,0.316872,3599.59,1.14087,0.0,-0.7967321872711182,0.8823260068893433,0.0,1,11.209740174715181,0.0,-0.6035936772823334,-0.0,-1.0,0.0,10.028662071530482,
92,11.7256,-0.563127,0.0596392,0.315634,3599.65,1.20581,0.0,1.0,0.1830727607011795,0.0,1,11.35530771024126,0.0,-1.7967321872711182,-0.0,-1.0,0.0,9.816288054059925,
93,12.3124,-0.703176,0.0624139,0.314422,3599.72,1.27222,0.0,-1.0,1.0,0.0,1,11.904443300999832,0.0,-2.0,-0.0,-1.0,0.0,10.304443300999832,
94,13.033,-0.618751,0.0658523,0.313019,3599.79,1.34253,0.0,-0.26333165168762207,0.7620345950126648,0.0,1,12.575934815612156,0.0,-0.7366683483123779,-0.0,-1.0,0.0,11.354934311118443,
95,12.9923,-0.902447,0.0692031,0.311541,3599.86,1.41455,0.0,-1.0,0.0,0.0,1,12.512006922966318,0.0,-0.7366683483123779,-0.0,-1.0,0.0,11.291006418472605,
96,12.9678,-0.847086,0.0729172,0.309833,3599.93,1.48608,0.0,0.33086246252059937,1.0,0.4090242385864258,1,12.460971925007694,0.0,-1.3308624625205994,-0.0,-1.0,0.0,11.061713186251515,
97,12.8356,-0.925659,0.0763451,0.308049,3600.01,1.56396,0.0,-1.0,0.42780885100364685,0.0,1,12.308719788578212,0.0,-1.3308624625205994,-0.0,-1.0,0.0,10.909461049822033,
98,12.8733,-1.3834,0.0817305,0.306012,3600.08,1.63452,0.0,-0.7751755714416504,0.19265446066856384,0.0,1,12.304842776191997,0.0,-0.2248244285583496,-0.0,-1.0,0.0,11.237395447624491,
99,12.9144,-1.12567,0.0870015,0.303799,3600.15,1.70557,0.0,0.9685247540473938,0.0,0.0,1,12.304476953435259,0.0,-1.7437003254890442,-0.0,-1.0,0.0,10.781366855788546,
100,12.9396,-0.510597,0.0896146,0.302006,3600.22,1.77661,0.0,-0.06537347286939621,0.0,0.0,1,12.308664419021262,0.0,-1.03389822691679,-0.0,-1.0,0.0,10.998494950946226,
101,13.5136,-0.612974,0.0916549,0.300451,3600.3,1.84961,0.0,-1.0,1.0,0.0,1,12.83845129380443,0.0,-0.9346265271306038,-0.0,-1.0,0.0,11.55806333566525,
102,14.2895,-0.44497,0.0945145,0.298721,3600.37,1.92627,0.0,0.6237671375274658,1.0,0.0,1,13.551445971244961,0.0,-1.6237671375274658,-0.0,-1.0,0.0,12.064315829986722,
103,14.5057,-0.627186,0.0966045,0.297003,3600.45,2.00635,0.0,-0.5700997710227966,0.0,0.0,1,13.738497263595962,0.0,-1.1938669085502625,-0.0,-1.0,0.0,12.380337191030883,
104,15.1012,-0.595002,0.0995657,0.29506,3600.53,2.0874,0.0,-0.2304975986480713,1.0,0.0,1,14.27587095457505,0.0,-0.33960217237472534,-0.0,-1.0,0.0,13.173990302862633,
105,15.8441,-0.219663,0.100624,0.293227,3600.62,2.1731,0.0,0.1984865814447403,0.8055102825164795,0.0,1,14.968151573976321,0.0,-0.4289841800928116,-0.0,-1.0,0.0,13.839456319948479,
106,15.9984,0.399897,0.0992328,0.291862,3600.71,2.26123,0.0,1.0,0.21561209857463837,0.0,1,15.127214400351862,0.0,-0.8015134185552597,-0.0,-1.0,0.0,13.886760374785284,
107,16.4458,0.625216,0.0963542,0.290932,3600.8,2.35132,0.0,0.252808541059494,0.5728023052215576,0.0,1,15.57843102474097,0.0,-0.747191458940506,-0.0,-1.0,0.0,14.354273587058819,
108,16.4765,0.236847,0.0949089,0.289901,3600.89,2.44287,0.0,-1.0,0.0,0.0,1,15.621638062104436,0.0,-1.252808541059494,-0.0,-1.0,0.0,14.245795499786588,
109,16.4541,0.294747,0.0942704,0.288612,3600.98,2.53394,0.0,0.49810686707496643,0.0,0.0,1,15.606622018566924,0.0,-1.4981068670749664,-0.0,-1.0,0.0,14.157189958444434,
110,16.4354,0.135781,0.0930335,0.287467,3601.07,2.62524,0.0,-1.0,0.0,0.0,1,15.600906166829578,0.0,-1.4981068670749664,-0.0,-1.0,0.0,14.151474106707088,
111,16.5245,0.280983,0.0924646,0.286163,3601.16,2.71631,0.0,0.44214531779289246,0.1424618661403656,0.0,1,15.69103304381277,0.0,-1.4421453177928925,-0.0,-1.0,0.0,14.258389448474901,
112,17.1146,0.143756,0.0912368,0.285002,3601.26,2.80957,0.0,-0.14785955846309662,1.0,0.0,1,16.263759166603126,0.0,-0.5900048762559891,-0.0,-1.0,0.0,15.086757703726331,
113,16.2233,0.048404,0.0916001,0.283641,3601.35,2.90259,0.0,0.31515759229660034,0.0,1.0,1,15.413296826999707,0.0,-0.46301715075969696,-0.0,-1.0,0.0,14.274391681771798,
114,15.5745,0.0954624,0.0914833,0.282359,3601.44,2.9895,0.0,0.4895382821559906,0.7133817672729492,0.0,1,14.797962397043811,0.0,-0.17438068985939026,-0.0,-1.0,0.0,13.745648190085994,
115,15.4362,0.441139,0.0894172,0.28136,3601.52,3.07544,0.0,-0.7726250886917114,0.051332831382751465,0.0,1,14.685319923973458,0.0,-1.262163370847702,-0.0,-1.0,0.0,13.306670912719147,
116,15.997,0.0230136,0.0894181,0.28028,3601.61,3.16235,0.0,-0.9533981680870056,0.937473475933075,0.0,1,15.218831856432555,0.0,-0.1807730793952942,-0.0,-1.0,0.0,14.164599932613967,
117,16.2022,-0.0309186,0.0909221,0.278896,3601.7,3.25171,0.0,0.9083935618400574,1.0,0.3423723578453064,1,15.399721125437102,0.0,-1.861791729927063,-0.0,-1.0,0.0,13.841183606458983,
118,15.9428,0.427256,0.0897209,0.277692,3601.79,3.34058,0.0,0.7995458245277405,0.1652073860168457,0.0,1,15.164432514314047,0.0,-0.1088477373123169,-0.0,-1.0,0.0,14.131778193120352,
119,16.1055,0.608559,0.0867254,0.27697,3601.88,3.42944,0.0,-0.7063250541687012,0.22248822450637817,0.007350623607635498,1,15.347468001154278,0.0,-1.5058708786964417,-0.0,-1.0,0.0,13.895706737545344,
120,16.703,0.213928,0.0863039,0.276002,3601.97,3.52051,0.0,-4.246830940246582e-06,0.8091691732406616,0.0,1,15.920960997719321,0.0,-0.7063208073377609,-0.0,-1.0,0.0,14.709064755517993,
121,17.3268,-0.267244,0.0876762,0.274614,3602.06,3.61499,0.0,-0.486183762550354,0.8528782725334167,0.0,1,16.501644879724196,0.0,-0.48617951571941376,-0.0,-1.0,0.0,15.355791025008372,
122,17.2832,-0.916215,0.0915119,0.272612,3602.16,3.71045,0.0,-1.0,0.0,0.0,1,16.421176099331277,0.0,-0.513816237449646,-0.0,-1.0,0.0,15.267031228096382,
123,17.7229,-1.44652,0.0985009,0.269958,3602.25,3.80664,0.0,-1.0,1.0,0.0,1,16.765541912238557,0.0,-0.0,-0.0,-1.0,0.0,15.765541912238557,
124,18.3886,-1.65004,0.108377,0.266751,3602.35,3.90552,0.0,-0.11087734997272491,1.0,0.0,1,17.28621218021639,0.0,-0.8891226500272751,-0.0,-1.0,0.0,16.019475385208207,
125,17.6826,-1.52503,0.116009,0.263394,3602.45,4.00488,0.0,-0.7295563817024231,0.6154714226722717,1.0,1,16.54037506520449,0.0,-0.6186790317296982,-0.0,-1.0,0.0,15.354771355685582,
126,17.4018,-1.29072,0.121312,0.260206,3602.55,4.1001,0.0,1.0,1.0,0.0,1,16.220972750031756,0.0,-1.729556381702423,-0.0,-1.0,0.0,14.702105835521028,
127,17.4023,-0.99928,0.125179,0.257178,3602.64,4.19531,0.0,1.0,1.0,0.3150075078010559,1,16.179773931877097,0.0,-0.0,-0.0,-1.0,0.0,15.179773931877097,
128,17.7276,-0.881151,0.127889,0.254337,3602.74,4.29126,0.0,-0.6876450181007385,1.0,0.0,1,16.452329776061433,0.0,-1.6876450181007385,-0.0,-1.0,0.0,14.946036270631211,
129,18.3327,-1.27588,0.133612,0.251174,3602.84,4.38989,0.0,-0.9659444093704224,1.0,0.0,1,16.94821051068716,0.0,-0.27829939126968384,-0.0,-1.0,0.0,15.864720693306257,
130,17.5605,-1.42207,0.140882,0.2476,3602.94,4.48828,0.0,-1.0,0.10853923857212067,0.5318846702575684,1,16.153628577894988,0.0,-0.03405559062957764,-0.0,-1.0,0.0,15.143411900706116,
131,16.8971,-1.48654,0.147203,0.244031,3603.03,4.5813,0.0,-1.0,0.0,0.0,1,15.475195665214597,0.0,-0.0,-0.0,-1.0,0.0,14.475195665214597,
132,17.1587,-1.97479,0.15666,0.240036,3603.12,4.6731,0.0,-1.0,1.0,0.0,1,15.610022762594504,0.0,-0.0,-0.0,-1.0,0.0,14.610022762594504,
133,17.9083,-1.79991,0.167486,0.23565,3603.21,4.76758,0.0,0.3506007194519043,1.0,0.0,1,16.16501560301297,0.0,-1.3506007194519043,-0.0,-1.0,0.0,14.7598353871774,
134,18.6314,-1.36535,0.174439,0.231329,3603.31,4.8667,0.0,-0.35941916704177856,0.5618559718132019,0.0,1,16.731858330073955,0.0,-0.7100198864936829,-0.0,-1.0,0.0,15.518852364125848,
135,18.8005,-1.43972,0.17965,0.227057,3603.42,4.96777,0.0,-0.8394016623497009,0.24849359691143036,0.0,1,16.818244546488636,0.0,-0.47998249530792236,-0.0,-1.0,0.0,15.674249797896259,
136,19.4312,-1.39102,0.186084,0.222494,3603.52,5.07056,0.0,1.0,0.9175822138786316,0.0,1,17.298243220147867,0.0,-1.839401662349701,-0.0,-1.0,0.0,15.746422721442958,
137,19.7743,-0.959156,0.190088,0.218032,3603.62,5.17676,0.0,0.6167303323745728,1.0,0.244517982006073,1,17.549987002801352,0.0,-0.38326966762542725,-0.0,-1.0,0.0,16.435006102513725,
138,19.6313,-0.284963,0.191477,0.214012,3603.73,5.28345,0.0,1.0,0.0,0.0,1,17.404515067335733,0.0,-0.38326966762542725,-0.0,-1.0,0.0,16.289534167048107,
139,18.791,0.0413923,0.190684,0.210594,3603.84,5.38843,0.0,-0.20857521891593933,0.0,0.3948180079460144,1,16.669675649961516,0.0,-1.2085752189159393,-0.0,-1.0,0.0,15.307103084286734,
140,18.4162,0.380177,0.189403,0.2075,3603.94,5.4895,0.0,1.0,0.1305202841758728,0.0,1,16.353226603060865,0.0,-1.2085752189159393,-0.0,-1.0,0.0,14.990654037386083,
141,18.3941,0.317075,0.187116,0.204724,3604.04,5.59033,0.0,-1.0,0.0,0.0,1,16.362137119508958,0.0,-2.0,-0.0,-1.0,0.0,14.762137119508958,
142,18.8832,-0.256177,0.188812,0.201512,3604.14,5.69189,0.0,-1.0,0.8537023067474365,0.0,1,16.775491885278093,0.0,-0.0,-0.0,-1.0,0.0,15.775491885278093,
143,19.0641,-0.8293,0.193483,0.197637,3604.24,5.79541,0.0,-0.38081273436546326,0.0,0.0,1,16.875569016370182,0.0,-0.6191872656345367,-0.0,-1.0,0.0,15.68981283667982,
144,19.3322,-1.32002,0.199216,0.19319,3604.35,5.89868,0.0,-0.6584851741790771,0.5432319641113281,0.0,1,17.03691852719886,0.0,-0.2776724398136139,-0.0,-1.0,0.0,15.953616795254778,
145,19.5475,-1.36731,0.205352,0.188294,3604.45,6.00293,0.0,-0.4328581988811493,0.20330145955085754,0.0,1,17.143809992608162,0.0,-0.22562697529792786,-0.0,-1.0,0.0,16.076121900018784,
146,20.0991,-1.35405,0.210971,0.183278,3604.56,6.10913,0.0,-0.4616345465183258,0.9713531732559204,0.029647648334503174,1,17.548992607627174,0.0,-0.028776347637176514,-0.0,-1.0,0.0,16.54035970333602,
147,20.3345,-0.910792,0.215974,0.177734,3604.68,6.22876,0.0,1.0,0.07763653993606567,0.0,2,17.68326103723152,0.0,-1.4616345465183258,-0.0,-1.0,0.0,16.244770673276022,
148,20.3231,-0.43924,0.218001,0.172666,3604.8,6.34937,0.0,-0.09421849250793457,0.6616252660751343,0.0,2,17.644364125405332,0.0,-1.0942184925079346,-0.0,-1.0,0.0,16.31609857765295,
149,20.2626,-0.797464,0.221205,0.167607,3604.92,6.46948,0.0,-0.6342484951019287,0.0,0.0,2,17.546014773194113,0.0,-0.5400300025939941,-0.0,-1.0,0.0,16.384005772415914,
150,20.1125,-1.51757,0.228467,0.161864,3605.04,6.58813,0.0,-1.0,0.0,0.0,2,17.31228544778499,0.0,-0.3657515048980713,-0.0,-1.0,0.0,16.202559996315568,
151,20.5584,-1.65785,0.237974,0.155405,3605.15,6.7063,0.0,-0.060146331787109375,1.0,0.0,2,17.555855176651807,0.0,-0.9398536682128906,-0.0,-1.0,0.0,16.27389907618794,
152,20.653,-1.92672,0.246875,0.148649,3605.27,6.82666,0.0,-0.8933625221252441,0.03739163279533386,0.0,2,17.503280661313678,0.0,-0.8332161903381348,-0.0,-1.0,0.0,16.25331580421224,
153,20.6444,-1.88172,0.257016,0.141432,3605.39,6.94556,0.0,-0.4276685118675232,0.0,0.0,2,17.342430428630095,0.0,-0.46569401025772095,-0.0,-1.0,0.0,16.20272222555278,
154,20.6253,-1.79301,0.265529,0.134244,3605.51,7.06445,0.0,-0.5879470109939575,0.0,0.0,2,17.196218744246416,0.0,-0.16027849912643433,-0.2071000000000005,-1.0,0.0,16.117070194508482,
155,19.5539,-1.59564,0.273641,0.12712,3605.63,7.18042,0.0,-0.5875800251960754,0.0,0.4840630292892456,2,16.18425395752641,0.0,-0.0003669857978820801,-0.0,-1.0,0.0,15.184143861787042,
156,18.9628,-1.81987,0.281721,0.120215,3605.74,7.29004,0.0,-1.0,0.0,0.0,1,15.57933965046545,0.0,-0.41241997480392456,-0.0,-1.0,0.0,14.455613658024273,
157,17.6339,-1.68664,0.291482,0.113163,3605.84,7.39453,0.0,0.6446409225463867,0.0,1.0,1,14.356340405447888,0.0,-1.6446409225463867,-0.0,-1.0,0.0,12.862948128683971,
158,16.2421,-1.37558,0.298484,0.106709,3605.94,7.48999,0.0,-0.5331637859344482,1.0,0.0,1,13.13575957310302,0.0,-1.177804708480835,-0.0,-1.0,0.0,11.78241816055877,
159,16.2621,-0.826587,0.302728,0.100704,3606.03,7.58301,0.0,0.542773425579071,0.0,0.0,1,13.098538152573973,0.0,-1.0759372115135193,-0.0,-1.0,0.0,11.775756989119916,
160,16.5709,-0.372026,0.304001,0.0952067,3606.13,7.67773,0.0,-0.10800045728683472,0.3668428659439087,0.0,1,13.330898030150436,0.0,-0.6507738828659058,-0.0,-1.0,0.0,12.135665865290665,
161,16.6361,-0.754367,0.306713,0.0896104,3606.22,7.77368,0.0,-0.7738595008850098,0.1036083996295929,0.0,1,13.3482711957055,0.0,-0.665859043598175,-0.0,-1.0,0.0,12.148513482626047,
162,16.6012,-1.00512,0.311545,0.0835635,3606.32,7.86865,0.0,-0.41023561358451843,0.0,0.0,1,13.2576569668116,0.0,-0.36362388730049133,-0.0,-1.0,0.0,12.148569800621454,
163,15.3349,-0.853366,0.315708,0.0776354,3606.41,7.95996,0.0,0.8904518485069275,0.0,0.7733181118965149,1,12.196336869161145,0.0,-1.300687462091446,-0.0,-1.0,0.0,10.806130630533712,
164,13.8252,-0.7071,0.318855,0.0722801,3606.49,8.04272,0.0,0.7095182538032532,0.0,0.8319759964942932,1,10.961382187058597,0.0,-0.18093359470367432,-0.0,-1.0,0.0,9.907102108647495,
165,12.8969,-0.376599,0.320644,0.0675097,3606.57,8.11792,0.0,-1.0,0.4053161144256592,0.0,1,10.207170756404196,0.0,-1.7095182538032532,-0.0,-1.0,0.0,8.69431528026322,
166,12.9158,-0.572092,0.322482,0.0629747,3606.64,8.19238,0.0,-1.0,0.0,0.0,1,10.2033650485748,0.0,-0.0,-0.0,-1.0,0.0,9.2033650485748,
167,12.7987,-1.19907,0.32771,0.0579227,3606.71,8.26489,0.0,-1.0,0.0,0.0,1,10.057782230103678,0.0,-0.0,-0.0,-1.0,0.0,9.057782230103678,
168,11.9827,-1.02547,0.333227,0.0526844,3606.78,8.33398,0.0,-0.19026926159858704,0.0,0.27554845809936523,1,9.363816512935276,0.0,-0.809730738401413,-0.0,-1.0,0.0,8.120897291414853,
169,12.5619,-0.503498,0.335217,0.0478944,3606.85,8.40308,0.0,1.0,1.0,0.0,1,9.796421518585541,0.0,-1.190269261598587,-0.0,-1.0,0.0,8.439340740105965,
170,12.892,0.0419218,0.334398,0.0434114,3606.92,8.47681,0.0,0.07343599200248718,0.0,0.0,1,10.062306169135852,0.0,-0.9265640079975128,-0.0,-1.0,0.0,8.784336966736598,
171,12.2312,0.0470978,0.334139,0.0392667,3607.0,8.54956,0.0,-0.45675572752952576,1.0,1.0,1,9.549082217748524,0.0,-0.5301917195320129,-0.0,-1.0,0.0,8.390024701888919,
172,11.5793,-0.161401,0.334456,0.0352879,3607.07,8.61792,0.0,-1.0,0.0,0.0,1,9.0371959860174,0.0,-0.5432442724704742,-0.0,-1.0,0.0,7.874222704276258,
173,11.5716,-0.653399,0.337415,0.0309035,3607.13,8.68359,0.0,0.8067362904548645,0.11024355888366699,0.0,1,9.003735817296036,0.0,-1.8067362904548645,-0.0,-1.0,0.0,7.461714930159577,
174,11.5064,-0.967047,0.341266,0.026259,3607.2,8.74854,0.0,-0.8645860552787781,0.0,0.0,1,8.91736264998824,0.0,-1.6713223457336426,-0.0,-1.0,0.0,7.415965946268146,
175,11.7323,-1.51829,0.347954,0.0210596,3607.26,8.8125,0.0,-1.0,0.5122812986373901,0.0,1,9.028999137206455,0.0,-0.13541394472122192,-0.0,-1.0,0.0,7.988374953790089,
176,12.403,-1.71366,0.356787,0.0152357,3607.33,8.87842,0.0,-1.0,1.0,0.0,1,9.455937510699462,0.0,-0.0,-0.0,-1.0,0.0,8.455937510699462,
177,13.2048,-1.8265,0.366385,0.00893188,3607.4,8.948,0.0,-1.0,0.8291537761688232,0.0,1,9.963115803851725,0.0,-0.0,-0.0,-1.0,0.0,8.963115803851725,
178,13.3449,-1.83198,0.374952,0.00226442,3607.47,9.01978,0.0,-1.0,0.701745867729187,0.19337838888168335,1,9.97412865398871,0.0,-0.0,-0.0,-1.0,0.0,8.97412865398871,
179,12.9388,-1.50706,0.381692,-0.00429058,3607.54,9.09058,0.0,-0.1999116837978363,0.34011155366897583,0.19080358743667603,1,9.597873616260252,0.0,-0.8000883162021637,-0.0,-1.0,0.0,8.357847121399603,
180,13.2768,-1.66914,0.3885,-0.0107248,3607.61,9.16138,0.0,-1.0,0.5680460333824158,0.0,1,9.772760251959747,0.0,-0.8000883162021637,-0.0,-1.0,0.0,8.532733757099098,
181,14.0518,-1.54862,0.396657,-0.017623,3607.68,9.23438,0.0,-0.2130916863679886,1.0,0.0,1,10.246419926583979,0.0,-0.7869083136320114,-0.7710000000000008,-1.0,0.0,8.894697432494375,
182,14.7028,-1.76393,0.404456,-0.0248634,3607.76,9.31201,0.0,-1.0,0.6998690366744995,0.0,1,10.62361476718296,0.0,-0.7869083136320114,-1.7109000000000005,-1.0,0.0,9.130907273093358,
183,14.733,-2.09257,0.413762,-0.0326684,3607.84,9.38989,0.0,-1.0,0.12282449007034302,0.0,1,10.528001643042575,0.0,-0.0,-2.0630000000000006,-1.0,0.0,9.218551643042575,
184,15.3134,-1.80612,0.422387,-0.0407294,3607.92,9.46875,0.0,0.8235258460044861,0.5998973250389099,0.0,1,10.828772795622047,0.0,-1.823525846004486,-2.9429999999999996,-1.0,0.0,8.840265041820702,
185,15.3838,-1.9178,0.430574,-0.0488663,3608.0,9.55005,0.0,-0.9959345459938049,0.08001011610031128,0.0,1,10.769122684292253,0.0,-1.819460391998291,-3.2959000000000014,-1.0,0.0,8.728899566692766,
186,15.5495,-2.22154,0.44083,-0.0574367,3608.08,9.63013,0.0,-1.0,0.4360778331756592,0.0,1,10.745523815441464,0.0,-0.004065454006195068,-3.7822999999999993,-1.0,0.0,9.176959179239606,
187,15.698,-1.87302,0.450311,-0.0662367,3608.16,9.71094,0.0,-0.5246624946594238,0.0,0.0,1,10.71685205492248,0.0,-0.47533750534057617,-4.228300000000001,-1.0,0.0,8.940005803320307,
188,16.1327,-1.96379,0.458948,-0.0750187,3608.24,9.79321,0.0,-0.9859172105789185,0.7181898951530457,0.0,1,10.88983752620955,0.0,-0.46125471591949463,-4.9352,-1.0,0.0,9.011181111433702,
189,16.8149,-2.19773,0.470762,-0.0844659,3608.32,9.87744,0.0,-1.0,1.0,0.0,1,11.172494940620584,0.0,-0.014082789421081543,-5.945000000000002,-1.0,0.0,9.27652010379426,
190,17.2262,-1.97891,0.481564,-0.0943823,3608.41,9.9646,0.0,0.16514170169830322,0.0,0.0,1,11.277798147640594,0.0,-1.1651417016983032,-6.659999999999998,-1.0,0.0,8.929255637131103,
191,17.8026,-2.06305,0.491259,-0.105164,0.0425814,10.0415,0.0,-1.0,1.0,0.0,1,11.498191173874536,0.0,-1.1651417016983032,-7.515800000000002,-1.0,0.0,9.021278663365045,
192,18.6658,-1.95293,0.503156,-0.115875,0.134157,10.1331,0.0,1.0,1.0,0.0,1,11.852199290948418,0.0,-2.0,-8.67918,-1.0,0.0,8.950322290948419,
193,19.0372,-2.10855,0.51344,-0.127019,0.229031,10.228,0.0,-1.0,0.5734229683876038,0.03009873628616333,1,11.907230238779889,0.0,-2.0,-9.32143,-1.0,0.0,8.909015738779889,
194,18.4449,-1.95538,0.523258,-0.138351,0.322054,10.321,0.0,0.22910761833190918,0.11899906396865845,0.2885013818740845,1,11.368390828755185,0.0,-1.2291076183319092,-8.987300000000001,-1.0,0.0,8.651563543255612,
195,18.8687,-1.3758,0.529737,-0.149307,0.414399,10.4133,0.0,-0.08270964026451111,0.9325886368751526,0.0,1,11.51531841504274,0.0,-0.3118172585964203,-9.61384,-1.0,0.0,8.979697237463814,
196,19.0466,-1.02768,0.5345,-0.160151,0.510556,10.5095,0.0,-0.3233742117881775,0.0,0.0,1,11.538773529241773,0.0,-0.24066457152366638,-9.967580000000002,-1.0,0.0,8.971437157784674,
197,19.6027,-1.33154,0.541516,-0.171221,0.60761,10.6065,0.0,-1.0,1.0,0.0,1,11.746142149692327,0.0,-0.6766257882118225,-10.727789999999999,-1.0,0.0,8.933985913228781,
198,20.26,-1.80102,0.553374,-0.183172,0.706166,10.7051,0.0,-1.0,1.0,0.0,1,11.912389568771193,0.0,-0.0,-11.652120000000002,-1.0,0.0,9.164571568771192,
199,19.4942,-1.74049,0.566085,-0.19558,0.803257,10.8022,0.0,0.6690324544906616,0.4259612560272217,0.7198429107666016,2,11.225564253756513,0.0,-1.6690324544906616,-11.15857,-1.0,0.0,8.051069017409315,
200,17.943,-1.46029,0.575508,-0.207204,0.893239,10.8922,0.0,0.7150182127952576,1.0,1.0,1,10.169830629300032,0.0,-0.04598575830459595,-9.827050000000002,-1.0,0.0,7.681977401808652,
201,16.4534,-1.21636,0.582228,-0.217855,0.975763,10.9747,0.0,-0.8140078783035278,0.6351590156555176,0.0,1,9.218781949035193,0.0,-1.5290260910987854,-8.513969999999999,-1.0,0.0,6.482978621705557,
202,16.4141,-0.967162,0.587984,-0.228078,1.05473,11.0537,0.0,0.18538832664489746,1.0,0.0,1,9.105200910451588,0.0,-0.9993962049484253,-8.634200000000002,-1.0,0.0,6.510252048967059,
203,16.4194,-0.172232,0.58975,-0.237841,1.13564,11.1346,0.0,0.16032886505126953,0.0,0.0,1,9.0799792349121,0.0,-0.02505946159362793,-8.752849999999999,-1.0,0.0,6.759533896434012,
204,17.0578,-0.282204,0.59047,-0.247419,1.21938,11.2183,0.0,-1.0,1.0,0.0,1,9.42108001314497,0.0,-1.1603288650512695,-9.49214,-1.0,0.0,6.649160353629588,
205,17.1764,-0.0824212,0.592379,-0.257423,1.30505,11.304,0.0,0.1652316451072693,0.0,0.0780755877494812,1,9.454691303190529,0.0,-1.1652316451072693,-9.727210000000001,-1.0,0.0,6.646040309658348,
206,17.2095,-0.0242841,0.592646,-0.267184,1.39115,11.3901,0.0,-1.0,1.0,0.3606905937194824,1,9.468439215494833,0.0,-1.1652316451072693,-9.858289999999998,-1.0,0.0,6.640126221962651,
207,16.8846,-0.467674,0.59475,-0.277039,1.47584,11.4748,0.0,-0.9528928995132446,0.0,0.0,1,9.255086657313424,0.0,-0.04710710048675537,-9.649449999999998,-1.0,0.0,6.793537027167397,
208,15.8387,-0.620607,0.598891,-0.286944,1.55554,11.5545,0.0,-1.0,0.09576502442359924,0.7003690004348755,1,8.61780311048663,0.0,-0.04710710048675537,-8.738109999999999,-1.0,0.0,6.292954480340603,
209,15.1544,-0.601695,0.601879,-0.296265,1.63015,11.6291,0.0,-0.3951437175273895,0.5179365277290344,0.0,1,8.201213557456281,0.0,-0.6048562824726105,-8.171100000000001,-1.0,0.0,5.794091672714498,
210,14.0823,-0.672945,0.605758,-0.305293,1.70047,11.6994,0.0,1.0,0.0,0.3608971834182739,1,7.567518984388005,0.0,-1.3951437175273895,-7.22033,-1.0,0.0,5.065926369129787,
211,12.5814,-0.541495,0.608726,-0.31352,1.76429,11.7632,0.0,-0.9058959484100342,0.0,0.7975698709487915,1,6.724328062224645,0.0,-1.9058959484100342,-5.82422,-1.0,0.0,4.278926277701634,
212,12.0269,-0.753649,0.611822,-0.321042,1.82219,11.8211,0.0,-1.0,1.0,0.0,1,6.391370555619709,0.0,-0.09410405158996582,-5.36804,-1.0,0.0,4.557933340142719,
213,12.4927,-1.35854,0.620534,-0.32918,1.87871,11.8776,0.0,-0.9264477491378784,0.6185086965560913,0.0,1,6.531598610913052,0.0,-0.07355225086212158,-5.982679999999999,-1.0,0.0,4.612130935654417,
214,12.478,-1.85577,0.629927,-0.338023,1.93406,11.933,0.0,-1.0,0.0,0.0,1,6.407797748974961,0.0,-0.07355225086212158,-6.12529,-1.0,0.0,4.466938573716325,
215,12.4105,-1.46707,0.637086,-0.346903,1.98839,11.9873,0.0,-0.3099203407764435,0.26093602180480957,0.10223546624183655,1,6.284736477792993,0.0,-0.6900796592235565,-6.195080000000001,-1.0,0.0,4.148450580025926,
216,13.1939,-0.959813,0.641218,-0.355639,2.04598,12.0449,0.0,0.019942104816436768,1.0,0.0,1,6.627055889361487,0.0,-0.32986244559288025,-7.090159999999999,-1.0,0.0,4.464573155683623,
217,13.445,-0.239002,0.642775,-0.364316,2.1087,12.1076,0.0,0.9978799819946289,0.0,0.0,1,6.732260759702715,0.0,-0.9779378771781921,-7.43307,-1.0,0.0,4.323918896549257,
218,13.7638,0.437205,0.641697,-0.37251,2.17479,12.1737,0.0,0.5224241018295288,0.4046347737312317,0.0,1,6.906720179508373,0.0,-0.4754558801651001,-7.82045,-1.0,0.0,4.591015915458843,
219,14.2219,0.541089,0.639275,-0.380539,2.24452,12.2434,0.0,-0.08184310793876648,0.5001970529556274,0.0,1,7.170989617066829,0.0,-0.6042672097682953,-8.3363,-1.0,0.0,4.7392644541363405,
220,14.9558,0.722711,0.636837,-0.388931,2.31719,12.3161,0.0,1.0,1.0,0.0,1,7.577400293135313,0.0,-1.0818431079387665,-9.13158,-1.0,0.0,4.883110360753683,
221,15.8201,0.597601,0.63313,-0.397652,2.3944,12.3933,0.0,-0.1493680477142334,1.0,0.0,1,8.073693638704583,0.0,-1.1493680477142334,-10.051860000000001,-1.0,0.0,5.221104224390313,
222,16.5687,0.793778,0.630501,-0.406914,2.47553,12.4745,0.0,0.8345556855201721,0.8748512268066406,0.0,1,8.499038806123874,0.0,-0.9839237332344055,-10.869499999999999,-1.0,0.0,5.573436686153552,
223,16.9438,0.710476,0.627313,-0.41627,2.56014,12.5591,0.0,-0.3655478358268738,0.3448163568973541,0.0,1,8.745066071104429,0.0,-1.200103521347046,-11.31105,-1.0,0.0,5.688377514700314,
224,15.8669,0.399994,0.626281,-0.425687,2.64208,12.641,0.0,-0.7092851400375366,0.0,0.5593310594558716,1,8.20549000843137,0.0,-0.34373730421066284,-10.316469999999999,-1.0,0.0,5.554898317168172,
225,15.5014,0.265103,0.625718,-0.434718,2.71905,12.718,0.0,0.7297217845916748,0.6033090353012085,0.0,1,8.025123049292874,0.0,-1.4390069246292114,-10.03296,-1.0,0.0,5.088476971904111,
226,16.0258,-0.165704,0.626589,-0.444074,2.79641,12.7953,0.0,-0.8532712459564209,0.5346178412437439,0.0,1,8.282771258098746,0.0,-1.5829930305480957,-10.65212,-1.0,0.0,5.2100553489343175,
227,16.671,-0.776309,0.631723,-0.454292,2.8741,12.873,0.0,-1.0,1.0,0.0,1,8.531270152291995,0.0,-0.1467287540435791,-11.42754,-1.0,0.0,5.773120526078921,
228,17.5158,-0.743202,0.638888,-0.465324,2.95384,12.9528,0.0,-0.11262476444244385,1.0,0.0,1,8.838608817137992,0.0,-0.8873752355575562,-12.421059999999999,-1.0,0.0,5.709237246470725,
229,17.7884,-0.322253,0.641667,-0.47656,3.03743,13.0363,0.0,-0.04418778419494629,0.18062865734100342,0.0,1,8.926810882726096,0.0,-0.06843698024749756,-12.815719999999999,-1.0,0.0,5.983921788651847,
230,18.4317,-0.57213,0.644516,-0.487925,3.12281,13.1217,0.0,-0.8222124576568604,0.848957359790802,0.0,1,9.1971390867749,0.0,-0.7780246734619141,-13.58199,-1.0,0.0,5.926433184736325,
231,18.456,-1.21042,0.650686,-0.500031,3.20815,13.2071,0.0,-1.0,0.0,0.0,1,9.095158602847965,0.0,-0.17778754234313965,-13.75386,-1.0,0.0,5.978743340145023,
232,18.6672,-1.43049,0.658478,-0.51266,3.29094,13.2899,0.0,0.06400543451309204,0.37445545196533203,0.0,1,9.05298705059187,0.0,-1.064005434513092,-14.1239,-1.0,0.0,5.615200420237944,
233,19.2562,-0.883338,0.662859,-0.525444,3.37643,13.3753,0.0,1.0,1.0,0.08223551511764526,1,9.253559952706619,0.0,-0.935994565486908,-14.85301,-1.0,0.0,5.744810083060546,
234,19.3602,-0.0509822,0.6633,-0.537974,3.4663,13.4652,0.0,0.24490201473236084,0.0,0.0367620587348938,1,9.294917329957972,0.0,-0.7550979852676392,-15.07404,-1.0,0.0,5.807281934377681,
235,19.9028,0.596058,0.659725,-0.54998,3.55998,13.5589,0.0,0.48061037063598633,1.0,0.0,1,9.627203654890614,0.0,-0.2357083559036255,-15.70933,-1.0,0.0,6.2000916481195265,
236,20.7184,0.531089,0.65451,-0.562121,3.65859,13.6575,0.0,-0.40347012877464294,0.8294807076454163,0.0,1,10.130490256747244,0.0,-0.8840804994106293,-16.61175,-1.0,0.0,6.373503606924055,
237,20.8845,-0.0333363,0.654497,-0.574862,3.75867,13.7576,0.0,-1.0,1.0,0.0,2,10.211979659857086,0.0,-0.5965298712253571,-16.89591,-1.0,0.0,6.498634198489478,
238,20.8573,-0.110963,0.65658,-0.58798,3.85675,13.8557,0.0,0.8542076945304871,0.7761602401733398,0.0,2,10.15497548336457,0.0,-1.854207694530487,-16.999859999999998,-1.0,0.0,6.048734175005424,
239,19.6484,0.0409883,0.656509,-0.600583,3.95272,13.9516,0.0,0.10843342542648315,1.0,0.6716789603233337,2,9.56779181674313,-3.398890000000002e-07,-0.7457742691040039,-15.907359999999999,-1.0,0.0,5.957954856233929,
240,18.6272,0.0453727,0.656715,-0.612404,4.04311,14.042,0.0,-0.026156693696975708,0.8616100549697876,0.16834652423858643,1,9.066656270867714,-0.00015385921599999928,-0.13459011912345886,-14.996569999999998,-1.0,0.0,5.776486016698677,
241,18.1939,-0.453859,0.658754,-0.623896,4.12899,14.1279,0.0,-0.6891478300094604,1.0,0.0,1,8.818392997682672,-0.0005710188160000014,-0.6629911363124847,-14.678279999999999,-1.0,0.0,5.416611619156926,
242,18.205,-0.430879,0.662389,-0.635719,4.2125,14.2114,0.0,0.23297792673110962,0.7959113717079163,0.0,1,8.757042764099614,-0.001275846961000004,-0.9221257567405701,-14.813289999999999,-1.0,0.0,5.255859843155443,
243,18.6444,0.284535,0.661444,-0.647298,4.29893,14.2978,0.0,0.9991262555122375,0.5481072664260864,0.0,1,8.986182920799802,-0.002237100804000006,-0.7661483287811279,-15.35585,-1.0,0.0,5.448486720557463,
244,17.3805,0.38294,0.658993,-0.658287,4.38557,14.3845,0.0,-1.0,0.0,0.9633328318595886,1,8.419961151500983,-0.0033973743689999975,-1.9991262555122375,-14.184280000000001,-1.0,0.0,4.685786526109311,
245,16.8924,0.351115,0.657539,-0.668564,4.46674,14.4657,0.0,0.37668031454086304,1.0,0.0,1,8.208241914346848,-0.004701022096000009,-1.376680314540863,-13.78614,-1.0,0.0,4.717914775792588,
246,16.9096,0.939745,0.654011,-0.678584,4.54892,14.5478,0.0,0.5203071236610413,0.0,0.0,1,8.27661827029624,-0.006175445055999998,-0.14362680912017822,-13.883770000000002,-1.0,0.0,5.138613837448186,
247,17.446,0.764105,0.650021,-0.688426,4.6335,14.6324,0.0,-0.9977192282676697,0.5618364214897156,0.0,1,8.609069381611807,-0.007819157476,-1.518026351928711,-14.49796,-1.0,0.0,4.963329161081193,
248,17.8593,0.0451719,0.650156,-0.699013,4.71871,14.7176,0.0,-0.6271223425865173,0.39999595284461975,0.0,1,8.810601443194498,-0.009803574169000004,-0.37059688568115234,-15.01107,-1.0,0.0,5.428154729152153,
249,16.9036,-0.294019,0.652444,-0.709928,4.80049,14.7994,0.0,-1.0,0.0,0.46189314126968384,1,8.300296993747521,-0.012084165184000005,-0.37287765741348267,-14.165360000000002,-1.0,0.0,5.039461366155478,
250,16.2915,-0.67165,0.655569,-0.720505,4.87684,14.8758,0.0,-1.0,0.0,0.0,1,7.948557580538206,-0.014521455024999994,-0.0,-13.66217,-1.0,0.0,4.8701891704882065,
251,16.6059,-1.35281,0.663718,-0.731585,4.95,14.9489,0.0,-1.0,1.0,0.0,1,7.965556450980668,-0.017314612225000015,-0.0,-14.10428,-1.0,0.0,4.815285226530669,
252,16.4767,-1.61269,0.674148,-0.743327,5.02195,15.0209,0.0,0.7590194344520569,0.0,0.15718257427215576,1,7.729600851719432,-0.020542628928999995,-1.7590194344520569,-14.112630000000001,-1.0,0.0,4.0439152635258155,
253,17.1117,-1.16263,0.680212,-0.755122,5.09423,15.0932,0.0,-0.1865200698375702,1.0,0.0025461316108703613,1,7.922040666037852,-0.024062834883999993,-0.9455395042896271,-14.87122,-1.0,0.0,4.359570144982964,
254,17.6025,-1.22266,0.685028,-0.76723,5.17044,15.1694,0.0,-0.5433119535446167,0.46452292799949646,0.0,1,8.062895261161414,-0.027965872899999997,-0.3567918837070465,-15.483749999999999,-1.0,0.0,4.577363450249299,
255,18.2271,-1.61342,0.693238,-0.77994,5.2471,15.246,0.0,-1.0,1.0,0.0,1,8.196094395534935,-0.032378403599999994,-0.4566880464553833,-16.2418,-1.0,0.0,4.55806117439832,
256,18.4271,-1.63061,0.70271,-0.793299,5.32438,15.3233,0.0,0.9409497380256653,0.9143033027648926,0.2851294279098511,1,8.106993988628854,-0.037364503401,-1.9409497380256653,-16.5811,-1.0,0.0,3.962815060419155,
257,18.3172,-1.08602,0.708896,-0.806478,5.40182,15.4007,0.0,0.2532128691673279,0.0,0.0,1,7.9420259222507354,-0.04263316448400002,-0.6877368688583374,-16.59998,-1.0,0.0,4.160441532625234,
258,18.978,-0.387268,0.710535,-0.819387,5.48281,15.4817,0.0,0.6583150029182434,1.0,0.0,1,8.196471725834027,-0.048130655769,-0.4051021337509155,-17.37769,-1.0,0.0,4.372026274170751,
259,19.7914,-0.330984,0.709509,-0.832479,5.569,15.5679,0.0,-0.44370076060295105,1.0,0.0,1,8.568709717744603,-0.054046485441,-1.1020157635211945,-18.305,-1.0,0.0,4.384262017806247,
260,20.1393,-0.505524,0.711949,-0.846151,5.6572,15.6561,0.0,-0.18173742294311523,0.31773310899734497,0.0,1,8.668654011704284,-0.060590314801,-0.2619633376598358,-18.777389999999997,-1.0,0.0,4.652275880804334,
261,20.1316,-0.957836,0.716564,-0.860143,5.74456,15.7435,0.0,-0.7953121662139893,1.0,0.0,2,8.569380775097258,-0.06767438044900001,-0.613574743270874,-18.89932,-1.0,0.0,4.415061591217996,
262,20.0361,-1.48719,0.724492,-0.874603,5.82881,15.8277,0.0,-0.5727032423019409,1.0,0.0,2,8.36424302629578,-0.07540680760900002,-0.22260892391204834,-18.94014,-1.0,0.0,4.305625733904165,
263,19.9534,-2.01535,0.734616,-0.889498,5.90991,15.9088,0.0,-0.856156587600708,1.0,0.0,2,8.119778383407972,-0.08380909200400002,-0.2834533452987671,-18.997466999999997,-1.0,0.0,4.017504145810342,
264,18.8382,-2.05993,0.745854,-0.904416,5.98633,15.9853,0.0,-1.0,0.34832102060317993,0.4492986798286438,1,7.445025851490672,-0.09266910105600001,-0.143843412399292,-18.020543,-1.0,0.0,3.513453175658885,
265,18.371,-2.09617,0.756315,-0.918762,6.05786,16.0568,0.0,-0.8024803400039673,0.0,0.0,1,7.058999481984249,-0.101609212644,-0.19751965999603271,-17.683134,-1.0,0.0,3.1440550586974396,
266,18.3093,-2.01612,0.766339,-0.933159,6.12785,16.1268,0.0,-0.7254467010498047,1.0,0.0,1,6.842244911054812,-0.11099491928099998,-0.0770336389541626,-17.748738,-1.0,0.0,2.9348342808065633,
267,18.7973,-2.25725,0.77757,-0.947873,6.19748,16.1964,0.0,-1.0,1.0,0.0,1,6.80171830586944,-0.121015624129,-0.2745532989501953,-18.364743999999998,-1.0,0.0,2.722609467926382,
268,19.198,-2.1433,0.789886,-0.963216,6.26784,16.2668,0.0,-0.3834647238254547,0.0,0.0,1,6.696066131811251,-0.13192586265599998,-0.6165352761745453,-18.896204,-1.0,0.0,2.412823223646887,
269,19.2572,-1.5191,0.798205,-0.978493,6.33957,16.3385,0.0,0.2672092914581299,0.0,0.0,1,6.546313110746929,-0.14325695104899996,-0.6506740152835846,-19.082052,-1.0,0.0,2.2022892040638533,
270,19.8962,-1.38446,0.804482,-0.993754,6.41399,16.4129,0.0,-0.7965375781059265,1.0,0.0,1,6.630384276067964,-0.15504221251600003,-1.0637468695640564,-19.845601900000002,-1.0,0.0,2.024335505166747,
271,20.1678,-1.24839,0.811643,-1.00954,6.48998,16.4889,0.0,0.01926770806312561,0.0,0.0,1,6.566594899256121,-0.1677230116000001,-0.8158052861690521,-21.1678,-1.0,-50.0,-48.188762709794595,out_of_track
